year_month,district,side,tier,secondary_price_per_m2_try,secondary_price_per_m2_usd,new_construction_price_per_m2_try,rental_per_m2_monthly_try,n_listings_secondary,n_listings_new_construction,n_listings_rental,try_usd_rate,cbrt_repo_rate_pct,avg_mortgage_rate_pct,inflation_yoy_pct
2020-01,Nişantaşı,European,luxury,7140,1152,8059,30,135,20,23,6.2,10.75,15.75,11
2020-02,Nişantaşı,European,luxury,7230,1166,8004,30.4,144,15,62,6.2,10.75,15.75,11
2020-03,Nişantaşı,European,luxury,7491,1208,8343,31.5,30,26,66,6.2,10.75,15.75,11
2020-04,Nişantaşı,European,luxury,8691,1242,9527,36.5,144,58,56,7,8.25,13.25,11
2020-05,Nişantaşı,European,luxury,8771,1253,9656,36.8,94,14,119,7,8.25,13.25,11
2020-06,Nişantaşı,European,luxury,9163,1309,10612,38.5,101,61,41,7,8.25,13.25,11
2020-07,Nişantaşı,European,luxury,8431,1204,9090,35.4,87,18,22,7,8.25,13.25,14
2020-08,Nişantaşı,European,luxury,8741,1249,9954,36.7,102,26,70,7,8.25,13.25,14
2020-09,Nişantaşı,European,luxury,8863,1266,9916,37.2,79,28,109,7,8.25,13.25,14
2020-10,Nişantaşı,European,luxury,11610,1548,12702,48.8,105,27,47,7.5,10.25,15.25,14
2020-11,Nişantaşı,European,luxury,11522,1536,12632,48.4,48,53,93,7.5,10.25,15.25,14
2020-12,Nişantaşı,European,luxury,11676,1557,12785,49,43,72,77,7.5,10.25,15.25,14
2021-01,Nişantaşı,European,luxury,15729,2097,16924,66.1,35,14,83,7.5,17,22,19.5
2021-02,Nişantaşı,European,luxury,15638,2085,17186,65.7,61,29,105,7.5,17,22,19.5
2021-03,Nişantaşı,European,luxury,15324,2043,16490,64.4,127,64,58,7.5,17,22,19.5
2021-04,Nişantaşı,European,luxury,16295,1917,17942,68.4,179,43,66,8.5,19,24,19.5
2021-05,Nişantaşı,European,luxury,15672,1844,16565,65.8,174,18,110,8.5,19,24,19.5
2021-06,Nişantaşı,European,luxury,15996,1882,17933,67.2,146,79,51,8.5,19,24,19.5
2021-07,Nişantaşı,European,luxury,23561,2772,26260,99,137,20,92,8.5,19,24,19.5
2021-08,Nişantaşı,European,luxury,23909,2813,25791,100.4,153,68,38,8.5,19,24,19.5
2021-09,Nişantaşı,European,luxury,24109,2836,26969,101.3,110,50,27,8.5,19,24,19.5
2021-10,Nişantaşı,European,luxury,24464,2224,27081,102.8,136,55,89,11,14,19,54
2021-11,Nişantaşı,European,luxury,23086,2099,25743,97,172,10,56,11,14,19,54
2021-12,Nişantaşı,European,luxury,23300,2118,26205,97.9,152,46,109,11,14,19,54
2022-01,Nişantaşı,European,luxury,47620,3284,50770,200,78,43,41,14.5,14,19,54
2022-02,Nişantaşı,European,luxury,45432,3133,51902,190.8,119,42,47,14.5,14,19,54
2022-03,Nişantaşı,European,luxury,46600,3214,51419,195.7,53,13,118,14.5,14,19,54
2022-04,Nişantaşı,European,luxury,46980,2764,53339,197.3,150,32,114,17,14,19,80
2022-05,Nişantaşı,European,luxury,46663,2745,50712,196,95,15,77,17,14,19,80
2022-06,Nişantaşı,European,luxury,46134,2714,50840,193.8,174,64,16,17,14,19,80
2022-07,Nişantaşı,European,luxury,72749,4279,77796,305.5,87,46,70,17,12,17,80
2022-08,Nişantaşı,European,luxury,70632,4155,73876,296.7,56,74,77,17,12,17,80
2022-09,Nişantaşı,European,luxury,72104,4241,78214,302.8,174,20,98,17,12,17,80
2022-10,Nişantaşı,European,luxury,74687,3994,79829,313.7,94,33,42,18.7,9,14,64
2022-11,Nişantaşı,European,luxury,67783,3625,74127,284.7,54,54,18,18.7,9,14,64
2022-12,Nişantaşı,European,luxury,69731,3729,78583,292.9,140,58,39,18.7,9,14,64
2023-01,Nişantaşı,European,luxury,97182,4628,108011,408.2,112,25,51,21,8.5,13.5,39
2023-02,Nişantaşı,European,luxury,99759,4750,114398,419,149,23,41,21,8.5,13.5,39
2023-03,Nişantaşı,European,luxury,97624,4649,107005,410,69,49,86,21,8.5,13.5,39
2023-04,Nişantaşı,European,luxury,97375,4637,107928,409,177,79,32,21,8.5,13.5,39
2023-05,Nişantaşı,European,luxury,99146,4721,115606,416.4,109,52,17,21,8.5,13.5,39
2023-06,Nişantaşı,European,luxury,95464,4546,106585,400.9,112,61,55,21,8.5,13.5,39
2023-07,Nişantaşı,European,luxury,124646,4704,140875,523.5,86,34,107,26.5,25,30,65
2023-08,Nişantaşı,European,luxury,123635,4665,142726,519.3,146,42,24,26.5,25,30,65
2023-09,Nişantaşı,European,luxury,127358,4806,142170,534.9,141,65,36,26.5,25,30,65
2023-10,Nişantaşı,European,luxury,124776,4303,134976,524.1,57,71,24,29,42.5,47.5,65
2023-11,Nişantaşı,European,luxury,116293,4010,127933,488.4,89,26,68,29,42.5,47.5,65
2023-12,Nişantaşı,European,luxury,125850,4340,137373,528.6,173,48,16,29,42.5,47.5,65
2024-01,Nişantaşı,European,luxury,138972,4343,153563,583.7,90,72,81,32,50,55,75
2024-02,Nişantaşı,European,luxury,138917,4341,152474,583.5,48,32,56,32,50,55,75
2024-03,Nişantaşı,European,luxury,143411,4482,154476,602.3,117,38,108,32,50,55,75
2024-04,Nişantaşı,European,luxury,149040,4658,166346,626,102,37,54,32,50,55,75
2024-05,Nişantaşı,European,luxury,139088,4346,148290,584.2,96,12,40,32,50,55,75
2024-06,Nişantaşı,European,luxury,144244,4508,165361,605.8,174,69,100,32,50,55,75
2024-07,Nişantaşı,European,luxury,148167,4358,161376,622.3,39,15,102,34,50,55,49
2024-08,Nişantaşı,European,luxury,155749,4581,166504,654.1,93,32,66,34,50,55,49
2024-09,Nişantaşı,European,luxury,149212,4389,174160,626.7,103,23,44,34,50,55,49
2024-10,Nişantaşı,European,luxury,154772,4552,167487,650,94,22,105,34,50,55,49
2024-11,Nişantaşı,European,luxury,150401,4424,165516,631.7,176,31,108,34,50,55,49
2024-12,Nişantaşı,European,luxury,153290,4509,167739,643.8,178,79,22,34,50,55,49
2025-01,Nişantaşı,European,luxury,159474,4430,171892,669.8,166,56,67,36,47.5,52.5,36
2025-02,Nişantaşı,European,luxury,162161,4504,181213,681.1,17,61,93,36,47.5,52.5,36
2025-03,Nişantaşı,European,luxury,163425,4540,175385,686.4,168,22,113,36,47.5,52.5,36
2025-04,Nişantaşı,European,luxury,160690,4464,178751,674.9,72,71,54,36,47.5,52.5,36
2025-05,Nişantaşı,European,luxury,170765,4743,180409,717.2,148,41,16,36,47.5,52.5,36
2025-06,Nişantaşı,European,luxury,159380,4427,174960,669.4,132,41,58,36,47.5,52.5,36
2025-07,Nişantaşı,European,luxury,169560,4645,190915,712.2,131,58,55,36.5,45,50,30
2025-08,Nişantaşı,European,luxury,170467,4670,185649,716,15,74,86,36.5,45,50,30
2025-09,Nişantaşı,European,luxury,170780,4679,192343,717.3,138,67,92,36.5,45,50,30
2025-10,Nişantaşı,European,luxury,166678,4567,186187,700,92,72,117,36.5,45,50,30
2025-11,Nişantaşı,European,luxury,170572,4673,184645,716.4,104,56,55,36.5,45,50,30
2025-12,Nişantaşı,European,luxury,173366,4750,191164,728.1,144,69,98,36.5,45,50,30
2026-01,Nişantaşı,European,luxury,173740,4760,190937,729.7,47,55,66,36.5,45,50,30
2026-02,Nişantaşı,European,luxury,170248,4664,194647,715,164,78,53,36.5,45,50,30
2026-03,Nişantaşı,European,luxury,168776,4624,188656,708.9,18,45,12,36.5,45,50,30
2026-04,Nişantaşı,European,luxury,175587,4811,191643,737.5,60,42,81,36.5,45,50,30
2020-01,Bebek,European,luxury,10671,1721,12188,44.8,81,31,65,6.2,10.75,15.75,11
2020-02,Bebek,European,luxury,10715,1728,12013,45,75,6,113,6.2,10.75,15.75,11
2020-03,Bebek,European,luxury,10656,1719,11423,44.8,171,67,83,6.2,10.75,15.75,11
2020-04,Bebek,European,luxury,13242,1892,14963,55.6,108,60,29,7,8.25,13.25,11
2020-05,Bebek,European,luxury,13301,1900,14339,55.9,61,38,116,7,8.25,13.25,11
2020-06,Bebek,European,luxury,12875,1839,14655,54.1,98,13,37,7,8.25,13.25,11
2020-07,Bebek,European,luxury,13317,1902,14541,55.9,131,43,18,7,8.25,13.25,14
2020-08,Bebek,European,luxury,12480,1783,14053,52.4,175,57,26,7,8.25,13.25,14
2020-09,Bebek,European,luxury,13732,1962,15258,57.7,95,37,13,7,8.25,13.25,14
2020-10,Bebek,European,luxury,17772,2370,18730,74.6,92,12,56,7.5,10.25,15.25,14
2020-11,Bebek,European,luxury,18003,2400,20173,75.6,89,70,92,7.5,10.25,15.25,14
2020-12,Bebek,European,luxury,18145,2419,20365,76.2,38,71,71,7.5,10.25,15.25,14
2021-01,Bebek,European,luxury,24962,3328,27933,104.8,30,41,35,7.5,17,22,19.5
2021-02,Bebek,European,luxury,24681,3291,27353,103.7,160,65,53,7.5,17,22,19.5
2021-03,Bebek,European,luxury,24672,3290,26375,103.6,160,71,59,7.5,17,22,19.5
2021-04,Bebek,European,luxury,24362,2866,26581,102.3,89,78,33,8.5,19,24,19.5
2021-05,Bebek,European,luxury,24333,2863,26508,102.2,16,11,29,8.5,19,24,19.5
2021-06,Bebek,European,luxury,24345,2864,27865,102.2,41,46,88,8.5,19,24,19.5
2021-07,Bebek,European,luxury,36511,4295,41525,153.3,54,13,18,8.5,19,24,19.5
2021-08,Bebek,European,luxury,35063,4125,37112,147.3,172,44,50,8.5,19,24,19.5
2021-09,Bebek,European,luxury,35773,4209,40539,150.2,96,62,76,8.5,19,24,19.5
2021-10,Bebek,European,luxury,34708,3155,37049,145.8,158,60,52,11,14,19,54
2021-11,Bebek,European,luxury,35702,3246,40160,149.9,63,27,115,11,14,19,54
2021-12,Bebek,European,luxury,36217,3292,42126,152.1,75,56,53,11,14,19,54
2022-01,Bebek,European,luxury,71099,4903,77044,298.6,78,66,110,14.5,14,19,54
2022-02,Bebek,European,luxury,69870,4819,76625,293.5,30,8,21,14.5,14,19,54
2022-03,Bebek,European,luxury,72216,4980,81173,303.3,139,32,68,14.5,14,19,54
2022-04,Bebek,European,luxury,67598,3976,76994,283.9,176,25,22,17,14,19,80
2022-05,Bebek,European,luxury,69408,4083,78736,291.5,133,30,56,17,14,19,80
2022-06,Bebek,European,luxury,72234,4249,76612,303.4,32,76,55,17,14,19,80
2022-07,Bebek,European,luxury,107906,6347,116645,453.2,95,28,59,17,12,17,80
2022-08,Bebek,European,luxury,106339,6255,112896,446.6,39,76,43,17,12,17,80
2022-09,Bebek,European,luxury,109033,6414,115299,457.9,44,25,72,17,12,17,80
2022-10,Bebek,European,luxury,113090,6048,124015,475,31,28,81,18.7,9,14,64
2022-11,Bebek,European,luxury,113813,6086,128524,478,76,35,87,18.7,9,14,64
2022-12,Bebek,European,luxury,109355,5848,119786,459.3,151,71,70,18.7,9,14,64
2023-01,Bebek,European,luxury,146977,6999,166665,617.3,131,13,88,21,8.5,13.5,39
2023-02,Bebek,European,luxury,145284,6918,157726,610.2,156,17,54,21,8.5,13.5,39
2023-03,Bebek,European,luxury,151511,7215,168870,636.3,46,11,84,21,8.5,13.5,39
2023-04,Bebek,European,luxury,146882,6994,157717,616.9,132,71,82,21,8.5,13.5,39
2023-05,Bebek,European,luxury,151777,7227,172368,637.5,178,71,81,21,8.5,13.5,39
2023-06,Bebek,European,luxury,151233,7202,162538,635.2,56,44,87,21,8.5,13.5,39
2023-07,Bebek,European,luxury,183621,6929,202757,771.2,177,25,61,26.5,25,30,65
2023-08,Bebek,European,luxury,183484,6924,204537,770.6,41,24,62,26.5,25,30,65
2023-09,Bebek,European,luxury,191810,7238,214766,805.6,29,9,90,26.5,25,30,65
2023-10,Bebek,European,luxury,182328,6287,197423,765.8,104,75,49,29,42.5,47.5,65
2023-11,Bebek,European,luxury,191801,6614,214274,805.6,138,27,12,29,42.5,47.5,65
2023-12,Bebek,European,luxury,186468,6430,205035,783.2,175,23,51,29,42.5,47.5,65
2024-01,Bebek,European,luxury,203786,6368,239108,855.9,36,29,62,32,50,55,75
2024-02,Bebek,European,luxury,211428,6607,224757,888,131,58,57,32,50,55,75
2024-03,Bebek,European,luxury,215908,6747,241722,906.8,176,64,61,32,50,55,75
2024-04,Bebek,European,luxury,210589,6581,235062,884.5,173,50,66,32,50,55,75
2024-05,Bebek,European,luxury,220731,6898,234283,927.1,53,24,16,32,50,55,75
2024-06,Bebek,European,luxury,211624,6613,240851,888.8,155,12,73,32,50,55,75
2024-07,Bebek,European,luxury,231252,6802,251857,971.3,159,34,12,34,50,55,49
2024-08,Bebek,European,luxury,226407,6659,239786,950.9,23,23,81,34,50,55,49
2024-09,Bebek,European,luxury,226055,6649,253564,949.4,36,23,23,34,50,55,49
2024-10,Bebek,European,luxury,238067,7002,260329,999.9,106,69,108,34,50,55,49
2024-11,Bebek,European,luxury,238501,7015,260600,1001.7,84,35,61,34,50,55,49
2024-12,Bebek,European,luxury,236751,6963,259952,994.4,82,33,14,34,50,55,49
2025-01,Bebek,European,luxury,249356,6927,276714,1047.3,92,66,52,36,47.5,52.5,36
2025-02,Bebek,European,luxury,248805,6911,280547,1045,171,64,88,36,47.5,52.5,36
2025-03,Bebek,European,luxury,248241,6896,274178,1042.6,111,8,99,36,47.5,52.5,36
2025-04,Bebek,European,luxury,248892,6914,282465,1045.3,71,18,111,36,47.5,52.5,36
2025-05,Bebek,European,luxury,244963,6805,269347,1028.8,89,34,12,36,47.5,52.5,36
2025-06,Bebek,European,luxury,235947,6554,250137,991,141,51,35,36,47.5,52.5,36
2025-07,Bebek,European,luxury,269621,7387,294717,1132.4,94,39,87,36.5,45,50,30
2025-08,Bebek,European,luxury,250959,6876,273003,1054,27,67,33,36.5,45,50,30
2025-09,Bebek,European,luxury,267727,7335,292853,1124.5,62,15,105,36.5,45,50,30
2025-10,Bebek,European,luxury,262374,7188,289593,1102,89,36,92,36.5,45,50,30
2025-11,Bebek,European,luxury,269529,7384,293873,1132,62,16,11,36.5,45,50,30
2025-12,Bebek,European,luxury,269279,7378,295724,1131,42,55,91,36.5,45,50,30
2026-01,Bebek,European,luxury,263408,7217,302714,1106.3,84,66,36,36.5,45,50,30
2026-02,Bebek,European,luxury,246183,6745,269442,1034,116,57,39,36.5,45,50,30
2026-03,Bebek,European,luxury,267460,7328,276765,1123.3,49,39,43,36.5,45,50,30
2026-04,Bebek,European,luxury,269485,7383,289389,1131.8,150,34,89,36.5,45,50,30
2020-01,Etiler,European,luxury,7267,1172,8037,30.5,67,38,28,6.2,10.75,15.75,11
2020-02,Etiler,European,luxury,7236,1167,8033,30.4,172,17,91,6.2,10.75,15.75,11
2020-03,Etiler,European,luxury,7072,1141,7569,29.7,138,18,91,6.2,10.75,15.75,11
2020-04,Etiler,European,luxury,8657,1237,9862,36.4,76,54,31,7,8.25,13.25,11
2020-05,Etiler,European,luxury,8787,1255,9601,36.9,52,30,94,7,8.25,13.25,11
2020-06,Etiler,European,luxury,8533,1219,9377,35.8,178,10,99,7,8.25,13.25,11
2020-07,Etiler,European,luxury,8971,1282,9217,37.7,45,17,43,7,8.25,13.25,14
2020-08,Etiler,European,luxury,8677,1240,9060,36.4,88,53,56,7,8.25,13.25,14
2020-09,Etiler,European,luxury,8363,1195,9426,35.1,166,49,51,7,8.25,13.25,14
2020-10,Etiler,European,luxury,11628,1550,13072,48.8,155,64,70,7.5,10.25,15.25,14
2020-11,Etiler,European,luxury,11786,1572,13154,49.5,95,12,63,7.5,10.25,15.25,14
2020-12,Etiler,European,luxury,11632,1551,12684,48.9,43,15,66,7.5,10.25,15.25,14
2021-01,Etiler,European,luxury,16420,2189,18708,69,109,29,39,7.5,17,22,19.5
2021-02,Etiler,European,luxury,15945,2126,17865,67,17,8,14,7.5,17,22,19.5
2021-03,Etiler,European,luxury,14958,1994,15434,62.8,169,35,79,7.5,17,22,19.5
2021-04,Etiler,European,luxury,15940,1875,17741,66.9,33,11,97,8.5,19,24,19.5
2021-05,Etiler,European,luxury,16413,1931,17785,68.9,30,14,52,8.5,19,24,19.5
2021-06,Etiler,European,luxury,15660,1842,17247,65.8,102,47,39,8.5,19,24,19.5
2021-07,Etiler,European,luxury,23189,2728,24880,97.4,85,72,87,8.5,19,24,19.5
2021-08,Etiler,European,luxury,23284,2739,25599,97.8,109,7,108,8.5,19,24,19.5
2021-09,Etiler,European,luxury,23410,2754,26267,98.3,129,40,41,8.5,19,24,19.5
2021-10,Etiler,European,luxury,23426,2130,24976,98.4,177,67,83,11,14,19,54
2021-11,Etiler,European,luxury,23867,2170,27015,100.2,114,28,89,11,14,19,54
2021-12,Etiler,European,luxury,22839,2076,25489,95.9,15,15,62,11,14,19,54
2022-01,Etiler,European,luxury,46408,3201,51374,194.9,179,55,28,14.5,14,19,54
2022-02,Etiler,European,luxury,45111,3111,46969,189.5,141,38,109,14.5,14,19,54
2022-03,Etiler,European,luxury,47237,3258,52047,198.4,160,58,63,14.5,14,19,54
2022-04,Etiler,European,luxury,46782,2752,50496,196.5,42,15,80,17,14,19,80
2022-05,Etiler,European,luxury,46393,2729,50818,194.8,160,76,23,17,14,19,80
2022-06,Etiler,European,luxury,46292,2723,50179,194.4,144,55,20,17,14,19,80
2022-07,Etiler,European,luxury,72999,4294,79349,306.6,67,36,76,17,12,17,80
2022-08,Etiler,European,luxury,72730,4278,81114,305.5,18,69,32,17,12,17,80
2022-09,Etiler,European,luxury,72213,4248,75784,303.3,110,26,24,17,12,17,80
2022-10,Etiler,European,luxury,72728,3889,80289,305.5,83,74,101,18.7,9,14,64
2022-11,Etiler,European,luxury,68063,3640,76316,285.9,94,21,12,18.7,9,14,64
2022-12,Etiler,European,luxury,70799,3786,77440,297.4,149,23,58,18.7,9,14,64
2023-01,Etiler,European,luxury,100076,4766,111966,420.3,27,62,28,21,8.5,13.5,39
2023-02,Etiler,European,luxury,97431,4640,108972,409.2,140,12,33,21,8.5,13.5,39
2023-03,Etiler,European,luxury,93180,4437,98797,391.4,141,61,69,21,8.5,13.5,39
2023-04,Etiler,European,luxury,99783,4752,114944,419.1,71,50,74,21,8.5,13.5,39
2023-05,Etiler,European,luxury,98772,4703,104122,414.8,125,62,16,21,8.5,13.5,39
2023-06,Etiler,European,luxury,99816,4753,110083,419.2,175,6,102,21,8.5,13.5,39
2023-07,Etiler,European,luxury,129772,4897,145841,545,160,6,37,26.5,25,30,65
2023-08,Etiler,European,luxury,117797,4445,131009,494.7,142,78,113,26.5,25,30,65
2023-09,Etiler,European,luxury,126002,4755,139027,529.2,96,65,115,26.5,25,30,65
2023-10,Etiler,European,luxury,123381,4255,135122,518.2,106,65,42,29,42.5,47.5,65
2023-11,Etiler,European,luxury,121100,4176,132242,508.6,165,52,51,29,42.5,47.5,65
2023-12,Etiler,European,luxury,122796,4234,136594,515.7,83,22,16,29,42.5,47.5,65
2024-01,Etiler,European,luxury,142704,4459,161346,599.4,93,56,88,32,50,55,75
2024-02,Etiler,European,luxury,145997,4562,161316,613.2,179,77,74,32,50,55,75
2024-03,Etiler,European,luxury,145070,4533,159858,609.3,152,71,67,32,50,55,75
2024-04,Etiler,European,luxury,143513,4485,157795,602.8,126,75,118,32,50,55,75
2024-05,Etiler,European,luxury,143258,4477,149065,601.7,147,6,35,32,50,55,75
2024-06,Etiler,European,luxury,149840,4682,169973,629.3,140,23,50,32,50,55,75
2024-07,Etiler,European,luxury,148820,4377,166909,625,33,13,94,34,50,55,49
2024-08,Etiler,European,luxury,151862,4467,161279,637.8,110,32,98,34,50,55,49
2024-09,Etiler,European,luxury,145463,4278,160862,610.9,50,24,74,34,50,55,49
2024-10,Etiler,European,luxury,147777,4346,151321,620.7,16,74,86,34,50,55,49
2024-11,Etiler,European,luxury,158349,4657,172762,665.1,25,28,47,34,50,55,49
2024-12,Etiler,European,luxury,159054,4678,168014,668,28,79,31,34,50,55,49
2025-01,Etiler,European,luxury,170644,4740,187385,716.7,15,66,88,36,47.5,52.5,36
2025-02,Etiler,European,luxury,159384,4427,183258,669.4,127,55,79,36,47.5,52.5,36
2025-03,Etiler,European,luxury,161946,4498,171501,680.2,172,29,63,36,47.5,52.5,36
2025-04,Etiler,European,luxury,169330,4704,189328,711.2,31,12,17,36,47.5,52.5,36
2025-05,Etiler,European,luxury,171885,4775,189110,721.9,116,5,41,36,47.5,52.5,36
2025-06,Etiler,European,luxury,153527,4265,168662,644.8,27,8,104,36,47.5,52.5,36
2025-07,Etiler,European,luxury,171131,4689,186732,718.7,70,30,114,36.5,45,50,30
2025-08,Etiler,European,luxury,163744,4486,173451,687.7,97,43,71,36.5,45,50,30
2025-09,Etiler,European,luxury,174621,4784,195505,733.4,43,10,89,36.5,45,50,30
2025-10,Etiler,European,luxury,170319,4666,183103,715.3,101,75,31,36.5,45,50,30
2025-11,Etiler,European,luxury,173467,4753,188143,728.6,68,26,68,36.5,45,50,30
2025-12,Etiler,European,luxury,172492,4726,187672,724.5,69,28,26,36.5,45,50,30
2026-01,Etiler,European,luxury,177088,4852,191110,743.8,112,26,13,36.5,45,50,30
2026-02,Etiler,European,luxury,172510,4726,188042,724.5,58,68,111,36.5,45,50,30
2026-03,Etiler,European,luxury,180453,4944,192354,757.9,34,66,103,36.5,45,50,30
2026-04,Etiler,European,luxury,167968,4602,183175,705.5,99,72,10,36.5,45,50,30
2020-01,Levent,European,luxury,6508,1050,7181,27.3,62,44,118,6.2,10.75,15.75,11
2020-02,Levent,European,luxury,6375,1028,7291,26.8,34,49,78,6.2,10.75,15.75,11
2020-03,Levent,European,luxury,6331,1021,6926,26.6,171,44,77,6.2,10.75,15.75,11
2020-04,Levent,European,luxury,8063,1152,9018,33.9,41,11,114,7,8.25,13.25,11
2020-05,Levent,European,luxury,7753,1108,8409,32.6,45,6,46,7,8.25,13.25,11
2020-06,Levent,European,luxury,7748,1107,8727,32.5,75,13,69,7,8.25,13.25,11
2020-07,Levent,European,luxury,7676,1097,8609,32.2,46,29,112,7,8.25,13.25,14
2020-08,Levent,European,luxury,7731,1104,8503,32.5,166,28,100,7,8.25,13.25,14
2020-09,Levent,European,luxury,8051,1150,8934,33.8,126,12,80,7,8.25,13.25,14
2020-10,Levent,European,luxury,10271,1369,11289,43.1,135,71,104,7.5,10.25,15.25,14
2020-11,Levent,European,luxury,10591,1412,11412,44.5,116,27,114,7.5,10.25,15.25,14
2020-12,Levent,European,luxury,10041,1339,10827,42.2,29,41,65,7.5,10.25,15.25,14
2021-01,Levent,European,luxury,13699,1827,14407,57.5,143,34,38,7.5,17,22,19.5
2021-02,Levent,European,luxury,15122,2016,16996,63.5,121,48,53,7.5,17,22,19.5
2021-03,Levent,European,luxury,14064,1875,15254,59.1,116,44,59,7.5,17,22,19.5
2021-04,Levent,European,luxury,14429,1698,16569,60.6,48,18,70,8.5,19,24,19.5
2021-05,Levent,European,luxury,14385,1692,15941,60.4,28,38,29,8.5,19,24,19.5
2021-06,Levent,European,luxury,13742,1617,15553,57.7,65,47,101,8.5,19,24,19.5
2021-07,Levent,European,luxury,20923,2462,23507,87.9,165,52,104,8.5,19,24,19.5
2021-08,Levent,European,luxury,19954,2348,21349,83.8,178,58,85,8.5,19,24,19.5
2021-09,Levent,European,luxury,20296,2388,22571,85.2,68,60,31,8.5,19,24,19.5
2021-10,Levent,European,luxury,21040,1913,23449,88.4,140,17,107,11,14,19,54
2021-11,Levent,European,luxury,21118,1920,24258,88.7,133,66,68,11,14,19,54
2021-12,Levent,European,luxury,21558,1960,23221,90.5,156,20,94,11,14,19,54
2022-01,Levent,European,luxury,40286,2778,43226,169.2,63,39,52,14.5,14,19,54
2022-02,Levent,European,luxury,40766,2811,44888,171.2,34,9,64,14.5,14,19,54
2022-03,Levent,European,luxury,42724,2946,46749,179.4,19,78,32,14.5,14,19,54
2022-04,Levent,European,luxury,42850,2521,46782,180,76,52,48,17,14,19,80
2022-05,Levent,European,luxury,40201,2365,44165,168.8,134,45,64,17,14,19,80
2022-06,Levent,European,luxury,40048,2356,45165,168.2,85,20,78,17,14,19,80
2022-07,Levent,European,luxury,63583,3740,69543,267,26,70,75,17,12,17,80
2022-08,Levent,European,luxury,65138,3832,71970,273.6,129,53,25,17,12,17,80
2022-09,Levent,European,luxury,62073,3651,69588,260.7,148,52,83,17,12,17,80
2022-10,Levent,European,luxury,66077,3534,72176,277.5,139,54,10,18.7,9,14,64
2022-11,Levent,European,luxury,66157,3538,73427,277.9,60,50,67,18.7,9,14,64
2022-12,Levent,European,luxury,67450,3607,71570,283.3,171,77,98,18.7,9,14,64
2023-01,Levent,European,luxury,88360,4208,99225,371.1,151,9,48,21,8.5,13.5,39
2023-02,Levent,European,luxury,90122,4292,97575,378.5,161,11,38,21,8.5,13.5,39
2023-03,Levent,European,luxury,90393,4304,95408,379.7,57,26,103,21,8.5,13.5,39
2023-04,Levent,European,luxury,91800,4371,97493,385.6,150,41,56,21,8.5,13.5,39
2023-05,Levent,European,luxury,91716,4367,99608,385.2,127,63,28,21,8.5,13.5,39
2023-06,Levent,European,luxury,91228,4344,101685,383.2,151,35,47,21,8.5,13.5,39
2023-07,Levent,European,luxury,110083,4154,124930,462.3,178,75,109,26.5,25,30,65
2023-08,Levent,European,luxury,106481,4018,114185,447.2,28,42,105,26.5,25,30,65
2023-09,Levent,European,luxury,112387,4241,125793,472,84,36,104,26.5,25,30,65
2023-10,Levent,European,luxury,110755,3819,123400,465.2,171,58,100,29,42.5,47.5,65
2023-11,Levent,European,luxury,110718,3818,119326,465,120,7,26,29,42.5,47.5,65
2023-12,Levent,European,luxury,107593,3710,118947,451.9,61,34,57,29,42.5,47.5,65
2024-01,Levent,European,luxury,126930,3967,146228,533.1,102,9,26,32,50,55,75
2024-02,Levent,European,luxury,130619,4082,136737,548.6,49,34,77,32,50,55,75
2024-03,Levent,European,luxury,129607,4050,145807,544.3,35,31,109,32,50,55,75
2024-04,Levent,European,luxury,131165,4099,140405,550.9,95,59,47,32,50,55,75
2024-05,Levent,European,luxury,126452,3952,143460,531.1,174,41,106,32,50,55,75
2024-06,Levent,European,luxury,127335,3979,144928,534.8,77,49,46,32,50,55,75
2024-07,Levent,European,luxury,132840,3907,149904,557.9,74,61,46,34,50,55,49
2024-08,Levent,European,luxury,137485,4044,148544,577.4,149,45,85,34,50,55,49
2024-09,Levent,European,luxury,133114,3915,144478,559.1,19,15,26,34,50,55,49
2024-10,Levent,European,luxury,136611,4018,155917,573.8,74,47,43,34,50,55,49
2024-11,Levent,European,luxury,138021,4059,150848,579.7,112,46,14,34,50,55,49
2024-12,Levent,European,luxury,144754,4257,155101,608,172,17,28,34,50,55,49
2025-01,Levent,European,luxury,150664,4185,162961,632.8,28,21,76,36,47.5,52.5,36
2025-02,Levent,European,luxury,144713,4020,156739,607.8,50,19,104,36,47.5,52.5,36
2025-03,Levent,European,luxury,148155,4115,168899,622.3,118,78,86,36,47.5,52.5,36
2025-04,Levent,European,luxury,147978,4111,157946,621.5,46,21,42,36,47.5,52.5,36
2025-05,Levent,European,luxury,139501,3875,158246,585.9,126,20,18,36,47.5,52.5,36
2025-06,Levent,European,luxury,150070,4169,166422,630.3,49,71,47,36,47.5,52.5,36
2025-07,Levent,European,luxury,147091,4030,158945,617.8,130,52,43,36.5,45,50,30
2025-08,Levent,European,luxury,153279,4199,166599,643.8,23,44,117,36.5,45,50,30
2025-09,Levent,European,luxury,151172,4142,167529,634.9,41,69,13,36.5,45,50,30
2025-10,Levent,European,luxury,154176,4224,170081,647.5,145,70,77,36.5,45,50,30
2025-11,Levent,European,luxury,143213,3924,154324,601.5,139,31,27,36.5,45,50,30
2025-12,Levent,European,luxury,152063,4166,170495,638.7,128,79,96,36.5,45,50,30
2026-01,Levent,European,luxury,148985,4082,165229,625.7,148,58,107,36.5,45,50,30
2026-02,Levent,European,luxury,153108,4195,161138,643.1,153,47,100,36.5,45,50,30
2026-03,Levent,European,luxury,155258,4254,169836,652.1,148,77,78,36.5,45,50,30
2026-04,Levent,European,luxury,149369,4092,163781,627.4,55,10,54,36.5,45,50,30
2020-01,Maslak,European,premium,4721,761,5409,19.8,128,31,112,6.2,10.75,15.75,11
2020-02,Maslak,European,premium,4498,726,4906,18.9,134,5,93,6.2,10.75,15.75,11
2020-03,Maslak,European,premium,4486,724,4881,18.8,142,53,29,6.2,10.75,15.75,11
2020-04,Maslak,European,premium,5862,837,6161,24.6,155,64,93,7,8.25,13.25,11
2020-05,Maslak,European,premium,5581,797,6027,23.4,108,71,117,7,8.25,13.25,11
2020-06,Maslak,European,premium,5657,808,6159,23.8,123,17,56,7,8.25,13.25,11
2020-07,Maslak,European,premium,5843,835,6411,24.5,25,54,95,7,8.25,13.25,14
2020-08,Maslak,European,premium,5661,809,6478,23.8,120,76,64,7,8.25,13.25,14
2020-09,Maslak,European,premium,5692,813,6289,23.9,134,14,107,7,8.25,13.25,14
2020-10,Maslak,European,premium,7573,1010,8459,31.8,124,42,12,7.5,10.25,15.25,14
2020-11,Maslak,European,premium,7762,1035,8847,32.6,175,7,49,7.5,10.25,15.25,14
2020-12,Maslak,European,premium,7716,1029,8190,32.4,49,61,99,7.5,10.25,15.25,14
2021-01,Maslak,European,premium,10760,1435,11675,45.2,71,34,111,7.5,17,22,19.5
2021-02,Maslak,European,premium,10468,1396,11799,44,173,57,110,7.5,17,22,19.5
2021-03,Maslak,European,premium,10599,1413,11301,44.5,170,43,58,7.5,17,22,19.5
2021-04,Maslak,European,premium,10271,1208,11720,43.1,31,13,102,8.5,19,24,19.5
2021-05,Maslak,European,premium,10324,1215,11659,43.4,143,34,85,8.5,19,24,19.5
2021-06,Maslak,European,premium,10112,1190,10644,42.5,87,36,116,8.5,19,24,19.5
2021-07,Maslak,European,premium,14755,1736,16093,62,179,18,37,8.5,19,24,19.5
2021-08,Maslak,European,premium,15002,1765,16272,63,99,55,92,8.5,19,24,19.5
2021-09,Maslak,European,premium,14849,1747,16147,62.4,45,8,102,8.5,19,24,19.5
2021-10,Maslak,European,premium,14855,1350,15965,62.4,145,49,41,11,14,19,54
2021-11,Maslak,European,premium,16050,1459,17686,67.4,94,54,25,11,14,19,54
2021-12,Maslak,European,premium,15571,1416,17590,65.4,144,69,113,11,14,19,54
2022-01,Maslak,European,premium,30386,2096,35134,127.6,110,43,11,14.5,14,19,54
2022-02,Maslak,European,premium,29600,2041,32414,124.3,87,21,82,14.5,14,19,54
2022-03,Maslak,European,premium,29137,2009,31405,122.4,44,53,81,14.5,14,19,54
2022-04,Maslak,European,premium,28940,1702,31815,121.5,153,36,38,17,14,19,80
2022-05,Maslak,European,premium,31187,1835,33981,131,119,37,75,17,14,19,80
2022-06,Maslak,European,premium,29496,1735,32447,123.9,79,40,62,17,14,19,80
2022-07,Maslak,European,premium,47005,2765,52230,197.4,47,17,27,17,12,17,80
2022-08,Maslak,European,premium,46565,2739,51217,195.6,176,42,107,17,12,17,80
2022-09,Maslak,European,premium,48981,2881,53135,205.7,173,75,59,17,12,17,80
2022-10,Maslak,European,premium,46465,2485,49040,195.2,91,17,100,18.7,9,14,64
2022-11,Maslak,European,premium,45318,2423,48572,190.3,118,31,55,18.7,9,14,64
2022-12,Maslak,European,premium,48737,2606,53146,204.7,136,6,69,18.7,9,14,64
2023-01,Maslak,European,premium,66295,3157,74969,278.4,39,9,80,21,8.5,13.5,39
2023-02,Maslak,European,premium,64846,3088,72168,272.4,76,62,108,21,8.5,13.5,39
2023-03,Maslak,European,premium,65466,3117,68974,275,125,58,95,21,8.5,13.5,39
2023-04,Maslak,European,premium,65419,3115,73386,274.8,163,42,78,21,8.5,13.5,39
2023-05,Maslak,European,premium,64840,3088,69315,272.3,114,52,97,21,8.5,13.5,39
2023-06,Maslak,European,premium,67626,3220,75196,284,25,14,15,21,8.5,13.5,39
2023-07,Maslak,European,premium,80188,3026,87277,336.8,36,60,36,26.5,25,30,65
2023-08,Maslak,European,premium,82628,3118,86648,347,161,34,20,26.5,25,30,65
2023-09,Maslak,European,premium,77275,2916,83710,324.6,51,56,32,26.5,25,30,65
2023-10,Maslak,European,premium,82517,2845,90708,346.6,151,12,58,29,42.5,47.5,65
2023-11,Maslak,European,premium,81941,2826,93329,344.2,72,9,19,29,42.5,47.5,65
2023-12,Maslak,European,premium,80524,2777,88233,338.2,139,35,49,29,42.5,47.5,65
2024-01,Maslak,European,premium,96917,3029,107607,407.1,140,36,47,32,50,55,75
2024-02,Maslak,European,premium,88550,2767,99531,371.9,28,51,62,32,50,55,75
2024-03,Maslak,European,premium,92965,2905,103170,390.5,47,25,72,32,50,55,75
2024-04,Maslak,European,premium,91907,2872,101560,386,33,61,94,32,50,55,75
2024-05,Maslak,European,premium,90399,2825,98197,379.7,56,40,94,32,50,55,75
2024-06,Maslak,European,premium,95719,2991,105902,402,15,16,109,32,50,55,75
2024-07,Maslak,European,premium,97908,2880,109523,411.2,164,69,93,34,50,55,49
2024-08,Maslak,European,premium,101618,2989,112438,426.8,79,31,29,34,50,55,49
2024-09,Maslak,European,premium,102499,3015,111888,430.5,43,5,42,34,50,55,49
2024-10,Maslak,European,premium,99102,2915,109714,416.2,91,7,21,34,50,55,49
2024-11,Maslak,European,premium,101055,2972,111972,424.4,30,27,30,34,50,55,49
2024-12,Maslak,European,premium,104617,3077,113942,439.4,21,76,60,34,50,55,49
2025-01,Maslak,European,premium,104989,2916,112590,441,173,31,102,36,47.5,52.5,36
2025-02,Maslak,European,premium,103609,2878,110843,435.2,26,77,37,36,47.5,52.5,36
2025-03,Maslak,European,premium,111629,3101,121953,468.8,69,15,118,36,47.5,52.5,36
2025-04,Maslak,European,premium,107550,2988,117473,451.7,125,65,44,36,47.5,52.5,36
2025-05,Maslak,European,premium,106421,2956,119109,447,175,52,15,36,47.5,52.5,36
2025-06,Maslak,European,premium,104278,2897,111920,438,67,9,83,36,47.5,52.5,36
2025-07,Maslak,European,premium,113907,3121,123428,478.4,41,31,105,36.5,45,50,30
2025-08,Maslak,European,premium,111757,3062,120326,469.4,130,56,11,36.5,45,50,30
2025-09,Maslak,European,premium,113775,3117,127356,477.9,40,69,88,36.5,45,50,30
2025-10,Maslak,European,premium,111712,3061,120997,469.2,44,75,43,36.5,45,50,30
2025-11,Maslak,European,premium,113200,3101,127897,475.4,35,49,48,36.5,45,50,30
2025-12,Maslak,European,premium,114440,3135,124200,480.6,179,27,96,36.5,45,50,30
2026-01,Maslak,European,premium,110031,3015,125271,462.1,150,38,39,36.5,45,50,30
2026-02,Maslak,European,premium,108575,2975,117449,456,132,71,74,36.5,45,50,30
2026-03,Maslak,European,premium,113485,3109,123646,476.6,55,58,38,36.5,45,50,30
2026-04,Maslak,European,premium,109211,2992,118117,458.7,24,41,27,36.5,45,50,30
2020-01,Ulus (Beşiktaş),European,luxury,6257,1009,6682,26.3,53,41,95,6.2,10.75,15.75,11
2020-02,Ulus (Beşiktaş),European,luxury,6594,1063,7164,27.7,121,21,11,6.2,10.75,15.75,11
2020-03,Ulus (Beşiktaş),European,luxury,6420,1036,7019,27,111,10,114,6.2,10.75,15.75,11
2020-04,Ulus (Beşiktaş),European,luxury,7897,1128,8610,33.2,70,44,12,7,8.25,13.25,11
2020-05,Ulus (Beşiktaş),European,luxury,7877,1125,8887,33.1,177,40,60,7,8.25,13.25,11
2020-06,Ulus (Beşiktaş),European,luxury,7593,1085,8192,31.9,107,56,95,7,8.25,13.25,11
2020-07,Ulus (Beşiktaş),European,luxury,7774,1111,8706,32.7,17,30,101,7,8.25,13.25,14
2020-08,Ulus (Beşiktaş),European,luxury,7654,1093,7996,32.1,154,66,84,7,8.25,13.25,14
2020-09,Ulus (Beşiktaş),European,luxury,7758,1108,8619,32.6,137,59,113,7,8.25,13.25,14
2020-10,Ulus (Beşiktaş),European,luxury,10594,1413,11544,44.5,115,76,29,7.5,10.25,15.25,14
2020-11,Ulus (Beşiktaş),European,luxury,10304,1374,11469,43.3,37,32,64,7.5,10.25,15.25,14
2020-12,Ulus (Beşiktaş),European,luxury,10487,1398,12079,44,146,38,20,7.5,10.25,15.25,14
2021-01,Ulus (Beşiktaş),European,luxury,14523,1936,17030,61,26,53,23,7.5,17,22,19.5
2021-02,Ulus (Beşiktaş),European,luxury,14509,1935,16467,60.9,119,46,106,7.5,17,22,19.5
2021-03,Ulus (Beşiktaş),European,luxury,14513,1935,15545,61,149,42,45,7.5,17,22,19.5
2021-04,Ulus (Beşiktaş),European,luxury,15556,1830,16932,65.3,101,11,60,8.5,19,24,19.5
2021-05,Ulus (Beşiktaş),European,luxury,14552,1712,16089,61.1,178,56,65,8.5,19,24,19.5
2021-06,Ulus (Beşiktaş),European,luxury,15068,1773,15921,63.3,134,53,46,8.5,19,24,19.5
2021-07,Ulus (Beşiktaş),European,luxury,20933,2463,22929,87.9,113,58,115,8.5,19,24,19.5
2021-08,Ulus (Beşiktaş),European,luxury,20992,2470,22985,88.2,141,30,38,8.5,19,24,19.5
2021-09,Ulus (Beşiktaş),European,luxury,21727,2556,24877,91.3,157,66,49,8.5,19,24,19.5
2021-10,Ulus (Beşiktaş),European,luxury,20469,1861,22528,86,91,57,98,11,14,19,54
2021-11,Ulus (Beşiktaş),European,luxury,21101,1918,24112,88.6,55,53,27,11,14,19,54
2021-12,Ulus (Beşiktaş),European,luxury,20855,1896,23317,87.6,123,20,16,11,14,19,54
2022-01,Ulus (Beşiktaş),European,luxury,41383,2854,46227,173.8,152,25,71,14.5,14,19,54
2022-02,Ulus (Beşiktaş),European,luxury,41755,2880,45452,175.4,117,49,12,14.5,14,19,54
2022-03,Ulus (Beşiktaş),European,luxury,40070,2763,44347,168.3,168,59,97,14.5,14,19,54
2022-04,Ulus (Beşiktaş),European,luxury,42152,2480,45597,177,73,44,73,17,14,19,80
2022-05,Ulus (Beşiktaş),European,luxury,42101,2477,46824,176.8,50,70,105,17,14,19,80
2022-06,Ulus (Beşiktaş),European,luxury,40431,2378,45103,169.8,124,53,104,17,14,19,80
2022-07,Ulus (Beşiktaş),European,luxury,66039,3885,73833,277.4,29,48,32,17,12,17,80
2022-08,Ulus (Beşiktaş),European,luxury,65262,3839,71335,274.1,108,72,33,17,12,17,80
2022-09,Ulus (Beşiktaş),European,luxury,63152,3715,71443,265.2,158,5,119,17,12,17,80
2022-10,Ulus (Beşiktaş),European,luxury,64364,3442,69707,270.3,50,23,101,18.7,9,14,64
2022-11,Ulus (Beşiktaş),European,luxury,63601,3401,70637,267.1,18,15,112,18.7,9,14,64
2022-12,Ulus (Beşiktaş),European,luxury,63513,3396,67409,266.8,136,5,51,18.7,9,14,64
2023-01,Ulus (Beşiktaş),European,luxury,87920,4187,95784,369.3,93,55,44,21,8.5,13.5,39
2023-02,Ulus (Beşiktaş),European,luxury,87505,4167,94098,367.5,104,78,71,21,8.5,13.5,39
2023-03,Ulus (Beşiktaş),European,luxury,88410,4210,94123,371.3,63,73,118,21,8.5,13.5,39
2023-04,Ulus (Beşiktaş),European,luxury,87937,4187,91975,369.3,27,53,58,21,8.5,13.5,39
2023-05,Ulus (Beşiktaş),European,luxury,85470,4070,91041,359,148,29,119,21,8.5,13.5,39
2023-06,Ulus (Beşiktaş),European,luxury,90062,4289,96501,378.3,46,30,35,21,8.5,13.5,39
2023-07,Ulus (Beşiktaş),European,luxury,111209,4197,128242,467.1,25,28,40,26.5,25,30,65
2023-08,Ulus (Beşiktaş),European,luxury,112719,4254,123408,473.4,82,70,44,26.5,25,30,65
2023-09,Ulus (Beşiktaş),European,luxury,105878,3995,122005,444.7,52,43,36,26.5,25,30,65
2023-10,Ulus (Beşiktaş),European,luxury,116754,4026,126044,490.4,170,14,36,29,42.5,47.5,65
2023-11,Ulus (Beşiktaş),European,luxury,109901,3790,123518,461.6,132,21,104,29,42.5,47.5,65
2023-12,Ulus (Beşiktaş),European,luxury,109249,3767,121842,458.8,60,65,62,29,42.5,47.5,65
2024-01,Ulus (Beşiktaş),European,luxury,123240,3851,134621,517.6,113,79,118,32,50,55,75
2024-02,Ulus (Beşiktaş),European,luxury,127515,3985,140777,535.6,151,76,118,32,50,55,75
2024-03,Ulus (Beşiktaş),European,luxury,131992,4125,149583,554.4,151,44,112,32,50,55,75
2024-04,Ulus (Beşiktaş),European,luxury,125944,3936,144823,529,38,33,96,32,50,55,75
2024-05,Ulus (Beşiktaş),European,luxury,125649,3927,140654,527.7,149,35,91,32,50,55,75
2024-06,Ulus (Beşiktaş),European,luxury,126969,3968,141094,533.3,162,23,36,32,50,55,75
2024-07,Ulus (Beşiktaş),European,luxury,130878,3849,140100,549.7,93,14,111,34,50,55,49
2024-08,Ulus (Beşiktaş),European,luxury,137164,4034,150241,576.1,54,75,35,34,50,55,49
2024-09,Ulus (Beşiktaş),European,luxury,143574,4223,149019,603,124,10,80,34,50,55,49
2024-10,Ulus (Beşiktaş),European,luxury,135718,3992,154061,570,94,69,23,34,50,55,49
2024-11,Ulus (Beşiktaş),European,luxury,135474,3985,157301,569,102,14,27,34,50,55,49
2024-12,Ulus (Beşiktaş),European,luxury,131259,3861,137254,551.3,22,53,35,34,50,55,49
2025-01,Ulus (Beşiktaş),European,luxury,148124,4115,158581,622.1,153,41,39,36,47.5,52.5,36
2025-02,Ulus (Beşiktaş),European,luxury,145342,4037,160124,610.4,28,72,110,36,47.5,52.5,36
2025-03,Ulus (Beşiktaş),European,luxury,142772,3966,157387,599.6,17,70,30,36,47.5,52.5,36
2025-04,Ulus (Beşiktaş),European,luxury,147018,4084,160801,617.5,106,16,71,36,47.5,52.5,36
2025-05,Ulus (Beşiktaş),European,luxury,146278,4063,163287,614.4,62,13,96,36,47.5,52.5,36
2025-06,Ulus (Beşiktaş),European,luxury,144671,4019,161675,607.6,18,78,43,36,47.5,52.5,36
2025-07,Ulus (Beşiktaş),European,luxury,154890,4244,163031,650.5,68,11,96,36.5,45,50,30
2025-08,Ulus (Beşiktaş),European,luxury,151376,4147,171722,635.8,43,13,21,36.5,45,50,30
2025-09,Ulus (Beşiktaş),European,luxury,155806,4269,163340,654.4,120,14,72,36.5,45,50,30
2025-10,Ulus (Beşiktaş),European,luxury,151605,4154,166935,636.7,141,21,39,36.5,45,50,30
2025-11,Ulus (Beşiktaş),European,luxury,148736,4075,166108,624.7,58,34,56,36.5,45,50,30
2025-12,Ulus (Beşiktaş),European,luxury,155290,4255,170610,652.2,169,73,22,36.5,45,50,30
2026-01,Ulus (Beşiktaş),European,luxury,149087,4085,163197,626.2,110,12,75,36.5,45,50,30
2026-02,Ulus (Beşiktaş),European,luxury,157551,4316,171472,661.7,100,55,113,36.5,45,50,30
2026-03,Ulus (Beşiktaş),European,luxury,160252,4390,181176,673.1,100,29,83,36.5,45,50,30
2026-04,Ulus (Beşiktaş),European,luxury,158537,4343,169829,665.9,34,53,37,36.5,45,50,30
2020-01,Yıldız,European,premium,5830,940,6444,24.5,163,18,111,6.2,10.75,15.75,11
2020-02,Yıldız,European,premium,5932,957,6528,24.9,65,63,88,6.2,10.75,15.75,11
2020-03,Yıldız,European,premium,5789,934,6100,24.3,128,58,48,6.2,10.75,15.75,11
2020-04,Yıldız,European,premium,7020,1003,7757,29.5,109,40,60,7,8.25,13.25,11
2020-05,Yıldız,European,premium,6954,993,7391,29.2,55,79,24,7,8.25,13.25,11
2020-06,Yıldız,European,premium,6826,975,7365,28.7,41,24,117,7,8.25,13.25,11
2020-07,Yıldız,European,premium,6788,970,7608,28.5,24,7,73,7,8.25,13.25,14
2020-08,Yıldız,European,premium,7051,1007,8185,29.6,31,49,64,7,8.25,13.25,14
2020-09,Yıldız,European,premium,6638,948,7202,27.9,32,26,52,7,8.25,13.25,14
2020-10,Yıldız,European,premium,9305,1241,10722,39.1,64,63,27,7.5,10.25,15.25,14
2020-11,Yıldız,European,premium,9174,1223,10469,38.5,72,70,58,7.5,10.25,15.25,14
2020-12,Yıldız,European,premium,9220,1229,10083,38.7,178,16,87,7.5,10.25,15.25,14
2021-01,Yıldız,European,premium,13175,1757,13910,55.3,40,74,84,7.5,17,22,19.5
2021-02,Yıldız,European,premium,12795,1706,14244,53.7,176,64,98,7.5,17,22,19.5
2021-03,Yıldız,European,premium,12825,1710,14279,53.9,178,40,91,7.5,17,22,19.5
2021-04,Yıldız,European,premium,12100,1424,12910,50.8,160,51,118,8.5,19,24,19.5
2021-05,Yıldız,European,premium,12647,1488,13839,53.1,108,9,100,8.5,19,24,19.5
2021-06,Yıldız,European,premium,13223,1556,14426,55.5,23,14,94,8.5,19,24,19.5
2021-07,Yıldız,European,premium,18698,2200,21089,78.5,149,55,80,8.5,19,24,19.5
2021-08,Yıldız,European,premium,18841,2217,20578,79.1,92,40,94,8.5,19,24,19.5
2021-09,Yıldız,European,premium,17996,2117,19323,75.6,65,66,81,8.5,19,24,19.5
2021-10,Yıldız,European,premium,18260,1660,20180,76.7,169,28,95,11,14,19,54
2021-11,Yıldız,European,premium,18125,1648,19471,76.1,175,25,73,11,14,19,54
2021-12,Yıldız,European,premium,19001,1727,21083,79.8,78,66,36,11,14,19,54
2022-01,Yıldız,European,premium,37028,2554,40246,155.5,75,20,72,14.5,14,19,54
2022-02,Yıldız,European,premium,37240,2568,40720,156.4,108,7,87,14.5,14,19,54
2022-03,Yıldız,European,premium,35347,2438,37176,148.5,117,64,59,14.5,14,19,54
2022-04,Yıldız,European,premium,38645,2273,40455,162.3,151,49,76,17,14,19,80
2022-05,Yıldız,European,premium,35400,2082,40882,148.7,41,70,88,17,14,19,80
2022-06,Yıldız,European,premium,37144,2185,40997,156,52,42,15,17,14,19,80
2022-07,Yıldız,European,premium,56055,3297,62722,235.4,111,42,46,17,12,17,80
2022-08,Yıldız,European,premium,55341,3255,60595,232.4,167,20,11,17,12,17,80
2022-09,Yıldız,European,premium,59904,3524,64099,251.6,152,62,40,17,12,17,80
2022-10,Yıldız,European,premium,59802,3198,64014,251.2,109,71,44,18.7,9,14,64
2022-11,Yıldız,European,premium,60272,3223,67109,253.1,151,32,16,18.7,9,14,64
2022-12,Yıldız,European,premium,58339,3120,67130,245,90,26,24,18.7,9,14,64
2023-01,Yıldız,European,premium,76932,3663,86614,323.1,139,21,65,21,8.5,13.5,39
2023-02,Yıldız,European,premium,81637,3887,97178,342.9,73,52,89,21,8.5,13.5,39
2023-03,Yıldız,European,premium,73786,3514,81738,309.9,17,23,38,21,8.5,13.5,39
2023-04,Yıldız,European,premium,77792,3704,82618,326.7,15,23,83,21,8.5,13.5,39
2023-05,Yıldız,European,premium,78476,3737,84297,329.6,45,69,70,21,8.5,13.5,39
2023-06,Yıldız,European,premium,82044,3907,87673,344.6,99,17,87,21,8.5,13.5,39
2023-07,Yıldız,European,premium,98417,3714,113298,413.4,61,76,21,26.5,25,30,65
2023-08,Yıldız,European,premium,102020,3850,114757,428.5,51,70,100,26.5,25,30,65
2023-09,Yıldız,European,premium,98452,3715,105565,413.5,73,59,97,26.5,25,30,65
2023-10,Yıldız,European,premium,96065,3313,103391,403.5,63,63,88,29,42.5,47.5,65
2023-11,Yıldız,European,premium,97505,3362,110001,409.5,50,26,32,29,42.5,47.5,65
2023-12,Yıldız,European,premium,99237,3422,111549,416.8,101,29,35,29,42.5,47.5,65
2024-01,Yıldız,European,premium,108898,3403,118569,457.4,76,19,66,32,50,55,75
2024-02,Yıldız,European,premium,110451,3452,125013,463.9,42,32,74,32,50,55,75
2024-03,Yıldız,European,premium,121986,3812,136033,512.3,115,8,76,32,50,55,75
2024-04,Yıldız,European,premium,109367,3418,120774,459.3,81,12,19,32,50,55,75
2024-05,Yıldız,European,premium,114795,3587,121805,482.1,123,71,68,32,50,55,75
2024-06,Yıldız,European,premium,110458,3452,121076,463.9,19,53,52,32,50,55,75
2024-07,Yıldız,European,premium,115563,3399,127477,485.4,175,5,88,34,50,55,49
2024-08,Yıldız,European,premium,117906,3468,127989,495.2,87,22,113,34,50,55,49
2024-09,Yıldız,European,premium,127157,3740,133718,534.1,34,42,102,34,50,55,49
2024-10,Yıldız,European,premium,118486,3485,128918,497.6,115,72,57,34,50,55,49
2024-11,Yıldız,European,premium,118530,3486,131826,497.8,132,47,94,34,50,55,49
2024-12,Yıldız,European,premium,118621,3489,131428,498.2,176,22,83,34,50,55,49
2025-01,Yıldız,European,premium,132155,3671,143211,555.1,25,23,108,36,47.5,52.5,36
2025-02,Yıldız,European,premium,131986,3666,143504,554.3,154,79,113,36,47.5,52.5,36
2025-03,Yıldız,European,premium,126470,3513,134617,531.2,178,40,106,36,47.5,52.5,36
2025-04,Yıldız,European,premium,128198,3561,138765,538.4,121,20,106,36,47.5,52.5,36
2025-05,Yıldız,European,premium,128926,3581,137118,541.5,140,20,108,36,47.5,52.5,36
2025-06,Yıldız,European,premium,131281,3647,136186,551.4,68,59,17,36,47.5,52.5,36
2025-07,Yıldız,European,premium,130806,3584,151762,549.4,89,16,18,36.5,45,50,30
2025-08,Yıldız,European,premium,133738,3664,147257,561.7,82,8,34,36.5,45,50,30
2025-09,Yıldız,European,premium,133175,3649,143972,559.3,162,39,82,36.5,45,50,30
2025-10,Yıldız,European,premium,132893,3641,144399,558.1,108,73,109,36.5,45,50,30
2025-11,Yıldız,European,premium,135779,3720,143941,570.3,117,56,111,36.5,45,50,30
2025-12,Yıldız,European,premium,137020,3754,152545,575.5,34,55,110,36.5,45,50,30
2026-01,Yıldız,European,premium,134359,3681,151413,564.3,49,59,21,36.5,45,50,30
2026-02,Yıldız,European,premium,130738,3582,137782,549.1,49,36,29,36.5,45,50,30
2026-03,Yıldız,European,premium,131352,3599,145661,551.7,96,64,117,36.5,45,50,30
2026-04,Yıldız,European,premium,141995,3890,154026,596.4,34,55,93,36.5,45,50,30
2020-01,Ortaköy,European,luxury,6178,996,6667,25.9,100,54,113,6.2,10.75,15.75,11
2020-02,Ortaköy,European,luxury,6221,1003,6795,26.1,115,45,20,6.2,10.75,15.75,11
2020-03,Ortaköy,European,luxury,6502,1049,6928,27.3,22,25,70,6.2,10.75,15.75,11
2020-04,Ortaköy,European,luxury,7386,1055,8038,31,149,32,43,7,8.25,13.25,11
2020-05,Ortaköy,European,luxury,7674,1096,8432,32.2,26,14,31,7,8.25,13.25,11
2020-06,Ortaköy,European,luxury,7284,1041,8169,30.6,69,29,56,7,8.25,13.25,11
2020-07,Ortaköy,European,luxury,7390,1056,8306,31,42,26,106,7,8.25,13.25,14
2020-08,Ortaköy,European,luxury,7744,1106,8479,32.5,104,14,41,7,8.25,13.25,14
2020-09,Ortaköy,European,luxury,7154,1022,8028,30,60,37,13,7,8.25,13.25,14
2020-10,Ortaköy,European,luxury,9973,1330,10990,41.9,92,20,82,7.5,10.25,15.25,14
2020-11,Ortaköy,European,luxury,9820,1309,10727,41.2,125,72,94,7.5,10.25,15.25,14
2020-12,Ortaköy,European,luxury,10093,1346,11145,42.4,151,29,50,7.5,10.25,15.25,14
2021-01,Ortaköy,European,luxury,13973,1863,15291,58.7,131,30,90,7.5,17,22,19.5
2021-02,Ortaköy,European,luxury,13482,1798,14510,56.6,98,79,14,7.5,17,22,19.5
2021-03,Ortaköy,European,luxury,14368,1916,15178,60.3,104,65,60,7.5,17,22,19.5
2021-04,Ortaköy,European,luxury,14693,1729,16102,61.7,168,52,99,8.5,19,24,19.5
2021-05,Ortaköy,European,luxury,13865,1631,15299,58.2,173,75,110,8.5,19,24,19.5
2021-06,Ortaköy,European,luxury,13837,1628,14834,58.1,96,41,95,8.5,19,24,19.5
2021-07,Ortaköy,European,luxury,20308,2389,21311,85.3,168,43,67,8.5,19,24,19.5
2021-08,Ortaköy,European,luxury,19569,2302,21061,82.2,60,48,36,8.5,19,24,19.5
2021-09,Ortaköy,European,luxury,19008,2236,20474,79.8,99,64,16,8.5,19,24,19.5
2021-10,Ortaköy,European,luxury,19504,1773,21628,81.9,16,40,108,11,14,19,54
2021-11,Ortaköy,European,luxury,19729,1794,20558,82.9,30,79,92,11,14,19,54
2021-12,Ortaköy,European,luxury,19853,1805,20919,83.4,48,71,60,11,14,19,54
2022-01,Ortaköy,European,luxury,37178,2564,40816,156.1,76,77,61,14.5,14,19,54
2022-02,Ortaköy,European,luxury,42157,2907,46660,177.1,145,10,103,14.5,14,19,54
2022-03,Ortaköy,European,luxury,39146,2700,45892,164.4,31,75,21,14.5,14,19,54
2022-04,Ortaköy,European,luxury,39919,2348,44484,167.7,99,75,48,17,14,19,80
2022-05,Ortaköy,European,luxury,40064,2357,44573,168.3,113,6,78,17,14,19,80
2022-06,Ortaköy,European,luxury,40304,2371,42918,169.3,29,41,56,17,14,19,80
2022-07,Ortaköy,European,luxury,64000,3765,69600,268.8,35,65,55,17,12,17,80
2022-08,Ortaköy,European,luxury,62955,3703,69646,264.4,90,25,15,17,12,17,80
2022-09,Ortaköy,European,luxury,64743,3808,70827,271.9,65,35,116,17,12,17,80
2022-10,Ortaköy,European,luxury,62167,3324,66790,261.1,35,58,116,18.7,9,14,64
2022-11,Ortaköy,European,luxury,62018,3316,68722,260.5,17,39,113,18.7,9,14,64
2022-12,Ortaköy,European,luxury,64235,3435,69839,269.8,77,7,73,18.7,9,14,64
2023-01,Ortaköy,European,luxury,85771,4084,93525,360.2,139,39,76,21,8.5,13.5,39
2023-02,Ortaköy,European,luxury,84829,4039,94253,356.3,27,68,18,21,8.5,13.5,39
2023-03,Ortaköy,European,luxury,87917,4187,98911,369.3,64,9,24,21,8.5,13.5,39
2023-04,Ortaköy,European,luxury,82440,3926,87948,346.2,80,61,53,21,8.5,13.5,39
2023-05,Ortaköy,European,luxury,84219,4010,91622,353.7,159,22,39,21,8.5,13.5,39
2023-06,Ortaköy,European,luxury,84732,4035,92207,355.9,161,21,93,21,8.5,13.5,39
2023-07,Ortaköy,European,luxury,108351,4089,119244,455.1,73,66,54,26.5,25,30,65
2023-08,Ortaköy,European,luxury,104017,3925,116772,436.9,21,69,86,26.5,25,30,65
2023-09,Ortaköy,European,luxury,101712,3838,113554,427.2,178,76,100,26.5,25,30,65
2023-10,Ortaköy,European,luxury,106186,3662,112745,446,82,74,34,29,42.5,47.5,65
2023-11,Ortaköy,European,luxury,106777,3682,113460,448.5,26,71,49,29,42.5,47.5,65
2023-12,Ortaköy,European,luxury,107454,3705,118104,451.3,129,58,119,29,42.5,47.5,65
2024-01,Ortaköy,European,luxury,123450,3858,138112,518.5,120,38,51,32,50,55,75
2024-02,Ortaköy,European,luxury,126230,3945,137695,530.2,161,13,17,32,50,55,75
2024-03,Ortaköy,European,luxury,124753,3899,134491,524,143,55,106,32,50,55,75
2024-04,Ortaköy,European,luxury,121076,3784,135004,508.5,36,24,34,32,50,55,75
2024-05,Ortaköy,European,luxury,126397,3950,136585,530.9,98,11,56,32,50,55,75
2024-06,Ortaköy,European,luxury,121313,3791,135662,509.5,98,23,17,32,50,55,75
2024-07,Ortaköy,European,luxury,131827,3877,140684,553.7,35,51,85,34,50,55,49
2024-08,Ortaköy,European,luxury,129561,3811,144052,544.2,40,39,85,34,50,55,49
2024-09,Ortaköy,European,luxury,127701,3756,144703,536.3,169,70,86,34,50,55,49
2024-10,Ortaköy,European,luxury,125399,3688,145924,526.7,82,21,25,34,50,55,49
2024-11,Ortaköy,European,luxury,133708,3933,148081,561.6,176,68,43,34,50,55,49
2024-12,Ortaköy,European,luxury,128074,3767,142673,537.9,85,45,55,34,50,55,49
2025-01,Ortaköy,European,luxury,135694,3769,147094,569.9,158,38,76,36,47.5,52.5,36
2025-02,Ortaköy,European,luxury,139308,3870,150025,585.1,151,44,59,36,47.5,52.5,36
2025-03,Ortaköy,European,luxury,136207,3784,145855,572.1,134,25,20,36,47.5,52.5,36
2025-04,Ortaköy,European,luxury,139073,3863,153039,584.1,96,27,79,36,47.5,52.5,36
2025-05,Ortaköy,European,luxury,138571,3849,156195,582,32,5,40,36,47.5,52.5,36
2025-06,Ortaköy,European,luxury,138866,3857,151986,583.2,91,16,36,36,47.5,52.5,36
2025-07,Ortaköy,European,luxury,145481,3986,166172,611,75,77,80,36.5,45,50,30
2025-08,Ortaköy,European,luxury,145841,3996,152307,612.5,160,35,97,36.5,45,50,30
2025-09,Ortaköy,European,luxury,144832,3968,165950,608.3,39,46,64,36.5,45,50,30
2025-10,Ortaköy,European,luxury,147381,4038,165463,619,176,67,53,36.5,45,50,30
2025-11,Ortaköy,European,luxury,147497,4041,164480,619.5,123,38,100,36.5,45,50,30
2025-12,Ortaköy,European,luxury,152234,4171,169487,639.4,71,39,45,36.5,45,50,30
2026-01,Ortaköy,European,luxury,150370,4120,166125,631.6,78,8,64,36.5,45,50,30
2026-02,Ortaköy,European,luxury,155716,4266,172542,654,169,9,86,36.5,45,50,30
2026-03,Ortaköy,European,luxury,148793,4077,167318,624.9,157,35,98,36.5,45,50,30
2026-04,Ortaköy,European,luxury,142699,3910,160488,599.3,106,30,96,36.5,45,50,30
2020-01,Kuruçeşme,European,luxury,6987,1127,7496,29.3,177,27,111,6.2,10.75,15.75,11
2020-02,Kuruçeşme,European,luxury,7013,1131,7895,29.5,82,38,80,6.2,10.75,15.75,11
2020-03,Kuruçeşme,European,luxury,6835,1102,7350,28.7,100,12,25,6.2,10.75,15.75,11
2020-04,Kuruçeşme,European,luxury,8369,1196,9216,35.1,113,36,56,7,8.25,13.25,11
2020-05,Kuruçeşme,European,luxury,8703,1243,9711,36.6,153,54,117,7,8.25,13.25,11
2020-06,Kuruçeşme,European,luxury,8473,1210,9527,35.6,105,64,12,7,8.25,13.25,11
2020-07,Kuruçeşme,European,luxury,8741,1249,9976,36.7,71,19,10,7,8.25,13.25,14
2020-08,Kuruçeşme,European,luxury,8623,1232,9498,36.2,117,5,56,7,8.25,13.25,14
2020-09,Kuruçeşme,European,luxury,8452,1207,9197,35.5,137,30,114,7,8.25,13.25,14
2020-10,Kuruçeşme,European,luxury,10959,1461,11565,46,53,7,68,7.5,10.25,15.25,14
2020-11,Kuruçeşme,European,luxury,11044,1473,12240,46.4,172,77,64,7.5,10.25,15.25,14
2020-12,Kuruçeşme,European,luxury,11912,1588,12318,50,119,42,28,7.5,10.25,15.25,14
2021-01,Kuruçeşme,European,luxury,15762,2102,17893,66.2,91,56,70,7.5,17,22,19.5
2021-02,Kuruçeşme,European,luxury,15256,2034,16468,64.1,155,37,26,7.5,17,22,19.5
2021-03,Kuruçeşme,European,luxury,15147,2020,16677,63.6,79,15,22,7.5,17,22,19.5
2021-04,Kuruçeşme,European,luxury,15667,1843,17290,65.8,34,20,90,8.5,19,24,19.5
2021-05,Kuruçeşme,European,luxury,15905,1871,16880,66.8,113,20,70,8.5,19,24,19.5
2021-06,Kuruçeşme,European,luxury,15062,1772,16867,63.3,56,28,91,8.5,19,24,19.5
2021-07,Kuruçeşme,European,luxury,22030,2592,24529,92.5,176,9,20,8.5,19,24,19.5
2021-08,Kuruçeşme,European,luxury,23185,2728,25513,97.4,32,68,18,8.5,19,24,19.5
2021-09,Kuruçeşme,European,luxury,23618,2779,26137,99.2,84,52,117,8.5,19,24,19.5
2021-10,Kuruçeşme,European,luxury,22690,2063,24580,95.3,132,66,81,11,14,19,54
2021-11,Kuruçeşme,European,luxury,21424,1948,24935,90,100,43,94,11,14,19,54
2021-12,Kuruçeşme,European,luxury,22607,2055,24611,95,141,75,94,11,14,19,54
2022-01,Kuruçeşme,European,luxury,44140,3044,49595,185.4,58,71,35,14.5,14,19,54
2022-02,Kuruçeşme,European,luxury,45895,3165,49416,192.8,83,59,19,14.5,14,19,54
2022-03,Kuruçeşme,European,luxury,45345,3127,51594,190.4,174,58,46,14.5,14,19,54
2022-04,Kuruçeşme,European,luxury,47178,2775,52329,198.1,37,19,46,17,14,19,80
2022-05,Kuruçeşme,European,luxury,44320,2607,51196,186.1,31,65,30,17,14,19,80
2022-06,Kuruçeşme,European,luxury,45776,2693,50864,192.3,118,58,103,17,14,19,80
2022-07,Kuruçeşme,European,luxury,68733,4043,75589,288.7,105,7,116,17,12,17,80
2022-08,Kuruçeşme,European,luxury,67611,3977,73610,284,17,8,55,17,12,17,80
2022-09,Kuruçeşme,European,luxury,68145,4009,73787,286.2,112,65,43,17,12,17,80
2022-10,Kuruçeşme,European,luxury,71437,3820,79035,300,64,77,74,18.7,9,14,64
2022-11,Kuruçeşme,European,luxury,70205,3754,77341,294.9,136,19,106,18.7,9,14,64
2022-12,Kuruçeşme,European,luxury,65753,3516,73981,276.2,167,41,103,18.7,9,14,64
2023-01,Kuruçeşme,European,luxury,95772,4561,106276,402.2,142,5,75,21,8.5,13.5,39
2023-02,Kuruçeşme,European,luxury,92258,4393,101029,387.5,159,9,26,21,8.5,13.5,39
2023-03,Kuruçeşme,European,luxury,89587,4266,96925,376.3,125,51,36,21,8.5,13.5,39
2023-04,Kuruçeşme,European,luxury,96492,4595,104197,405.3,129,72,114,21,8.5,13.5,39
2023-05,Kuruçeşme,European,luxury,96155,4579,107173,403.9,153,15,30,21,8.5,13.5,39
2023-06,Kuruçeşme,European,luxury,99364,4732,111186,417.3,134,51,21,21,8.5,13.5,39
2023-07,Kuruçeşme,European,luxury,119112,4495,128083,500.3,65,44,15,26.5,25,30,65
2023-08,Kuruçeşme,European,luxury,121831,4597,139870,511.7,55,20,75,26.5,25,30,65
2023-09,Kuruçeşme,European,luxury,121732,4594,134008,511.3,168,40,93,26.5,25,30,65
2023-10,Kuruçeşme,European,luxury,119806,4131,132337,503.2,134,62,88,29,42.5,47.5,65
2023-11,Kuruçeşme,European,luxury,116789,4027,127381,490.5,126,34,14,29,42.5,47.5,65
2023-12,Kuruçeşme,European,luxury,116635,4022,128406,489.9,127,66,39,29,42.5,47.5,65
2024-01,Kuruçeşme,European,luxury,140318,4385,157286,589.3,34,24,90,32,50,55,75
2024-02,Kuruçeşme,European,luxury,139121,4348,154544,584.3,115,77,54,32,50,55,75
2024-03,Kuruçeşme,European,luxury,140540,4392,150424,590.3,92,39,106,32,50,55,75
2024-04,Kuruçeşme,European,luxury,136125,4254,143218,571.7,73,34,105,32,50,55,75
2024-05,Kuruçeşme,European,luxury,137423,4294,147025,577.2,151,72,37,32,50,55,75
2024-06,Kuruçeşme,European,luxury,141646,4426,156991,594.9,44,64,64,32,50,55,75
2024-07,Kuruçeşme,European,luxury,146094,4297,155653,613.6,48,36,108,34,50,55,49
2024-08,Kuruçeşme,European,luxury,146098,4297,160251,613.6,48,29,36,34,50,55,49
2024-09,Kuruçeşme,European,luxury,146692,4314,162248,616.1,111,61,51,34,50,55,49
2024-10,Kuruçeşme,European,luxury,147873,4349,157548,621.1,82,26,33,34,50,55,49
2024-11,Kuruçeşme,European,luxury,144446,4248,164463,606.7,66,70,97,34,50,55,49
2024-12,Kuruçeşme,European,luxury,145891,4291,162531,612.7,38,18,21,34,50,55,49
2025-01,Kuruçeşme,European,luxury,162138,4504,174179,681,60,30,101,36,47.5,52.5,36
2025-02,Kuruçeşme,European,luxury,158428,4401,176613,665.4,111,7,11,36,47.5,52.5,36
2025-03,Kuruçeşme,European,luxury,155860,4329,167191,654.6,101,18,49,36,47.5,52.5,36
2025-04,Kuruçeşme,European,luxury,157318,4370,171334,660.7,117,18,116,36,47.5,52.5,36
2025-05,Kuruçeşme,European,luxury,158849,4412,168502,667.2,48,9,14,36,47.5,52.5,36
2025-06,Kuruçeşme,European,luxury,165172,4588,182640,693.7,52,34,78,36,47.5,52.5,36
2025-07,Kuruçeşme,European,luxury,161905,4436,181829,680,178,74,30,36.5,45,50,30
2025-08,Kuruçeşme,European,luxury,162133,4442,181941,681,117,12,103,36.5,45,50,30
2025-09,Kuruçeşme,European,luxury,162302,4447,176176,681.7,82,13,91,36.5,45,50,30
2025-10,Kuruçeşme,European,luxury,164157,4497,185649,689.5,120,9,25,36.5,45,50,30
2025-11,Kuruçeşme,European,luxury,153216,4198,166403,643.5,42,48,58,36.5,45,50,30
2025-12,Kuruçeşme,European,luxury,162959,4465,176282,684.4,111,67,112,36.5,45,50,30
2026-01,Kuruçeşme,European,luxury,162623,4455,181079,683,142,40,76,36.5,45,50,30
2026-02,Kuruçeşme,European,luxury,162830,4461,181775,683.9,79,51,75,36.5,45,50,30
2026-03,Kuruçeşme,European,luxury,166334,4557,185041,698.6,155,49,93,36.5,45,50,30
2026-04,Kuruçeşme,European,luxury,166838,4571,186295,700.7,134,24,57,36.5,45,50,30
2020-01,Arnavutköy (Beşiktaş),European,luxury,8303,1339,8804,34.9,83,16,95,6.2,10.75,15.75,11
2020-02,Arnavutköy (Beşiktaş),European,luxury,8226,1327,9425,34.5,59,60,72,6.2,10.75,15.75,11
2020-03,Arnavutköy (Beşiktaş),European,luxury,8286,1336,8849,34.8,18,69,33,6.2,10.75,15.75,11
2020-04,Arnavutköy (Beşiktaş),European,luxury,10504,1501,11422,44.1,65,68,103,7,8.25,13.25,11
2020-05,Arnavutköy (Beşiktaş),European,luxury,9833,1405,10790,41.3,60,28,23,7,8.25,13.25,11
2020-06,Arnavutköy (Beşiktaş),European,luxury,9784,1398,10752,41.1,147,78,102,7,8.25,13.25,11
2020-07,Arnavutköy (Beşiktaş),European,luxury,9790,1399,10760,41.1,64,29,60,7,8.25,13.25,14
2020-08,Arnavutköy (Beşiktaş),European,luxury,10039,1434,11320,42.2,73,10,38,7,8.25,13.25,14
2020-09,Arnavutköy (Beşiktaş),European,luxury,10170,1453,10440,42.7,179,26,21,7,8.25,13.25,14
2020-10,Arnavutköy (Beşiktaş),European,luxury,13505,1801,15061,56.7,87,26,36,7.5,10.25,15.25,14
2020-11,Arnavutköy (Beşiktaş),European,luxury,12930,1724,15424,54.3,105,41,85,7.5,10.25,15.25,14
2020-12,Arnavutköy (Beşiktaş),European,luxury,12538,1672,13545,52.7,79,56,39,7.5,10.25,15.25,14
2021-01,Arnavutköy (Beşiktaş),European,luxury,18638,2485,20425,78.3,169,20,52,7.5,17,22,19.5
2021-02,Arnavutköy (Beşiktaş),European,luxury,18054,2407,20439,75.8,174,73,41,7.5,17,22,19.5
2021-03,Arnavutköy (Beşiktaş),European,luxury,19176,2557,20771,80.5,33,24,19,7.5,17,22,19.5
2021-04,Arnavutköy (Beşiktaş),European,luxury,18175,2138,19639,76.3,68,40,72,8.5,19,24,19.5
2021-05,Arnavutköy (Beşiktaş),European,luxury,18732,2204,20698,78.7,101,37,106,8.5,19,24,19.5
2021-06,Arnavutköy (Beşiktaş),European,luxury,18464,2172,20294,77.5,112,55,20,8.5,19,24,19.5
2021-07,Arnavutköy (Beşiktaş),European,luxury,27216,3202,31221,114.3,73,39,20,8.5,19,24,19.5
2021-08,Arnavutköy (Beşiktaş),European,luxury,26970,3173,29291,113.3,78,58,46,8.5,19,24,19.5
2021-09,Arnavutköy (Beşiktaş),European,luxury,27207,3201,28912,114.3,86,19,21,8.5,19,24,19.5
2021-10,Arnavutköy (Beşiktaş),European,luxury,26735,2430,29412,112.3,75,27,26,11,14,19,54
2021-11,Arnavutköy (Beşiktaş),European,luxury,25885,2353,28265,108.7,62,35,33,11,14,19,54
2021-12,Arnavutköy (Beşiktaş),European,luxury,25579,2325,28176,107.4,71,39,71,11,14,19,54
2022-01,Arnavutköy (Beşiktaş),European,luxury,52766,3639,57947,221.6,72,71,103,14.5,14,19,54
2022-02,Arnavutköy (Beşiktaş),European,luxury,53403,3683,58557,224.3,67,73,41,14.5,14,19,54
2022-03,Arnavutköy (Beşiktaş),European,luxury,53603,3697,59714,225.1,106,36,26,14.5,14,19,54
2022-04,Arnavutköy (Beşiktaş),European,luxury,53973,3175,58033,226.7,108,72,55,17,14,19,80
2022-05,Arnavutköy (Beşiktaş),European,luxury,50092,2947,56108,210.4,159,17,78,17,14,19,80
2022-06,Arnavutköy (Beşiktaş),European,luxury,52298,3076,59132,219.7,79,21,54,17,14,19,80
2022-07,Arnavutköy (Beşiktaş),European,luxury,81755,4809,91778,343.4,37,65,81,17,12,17,80
2022-08,Arnavutköy (Beşiktaş),European,luxury,78872,4640,84002,331.3,115,44,99,17,12,17,80
2022-09,Arnavutköy (Beşiktaş),European,luxury,83232,4896,92124,349.6,40,28,101,17,12,17,80
2022-10,Arnavutköy (Beşiktaş),European,luxury,80885,4325,89572,339.7,155,7,31,18.7,9,14,64
2022-11,Arnavutköy (Beşiktaş),European,luxury,81361,4351,88963,341.7,72,25,16,18.7,9,14,64
2022-12,Arnavutköy (Beşiktaş),European,luxury,81464,4356,86511,342.1,100,31,81,18.7,9,14,64
2023-01,Arnavutköy (Beşiktaş),European,luxury,114900,5471,131102,482.6,26,68,15,21,8.5,13.5,39
2023-02,Arnavutköy (Beşiktaş),European,luxury,111827,5325,127985,469.7,38,19,86,21,8.5,13.5,39
2023-03,Arnavutköy (Beşiktaş),European,luxury,112036,5335,127112,470.6,134,74,48,21,8.5,13.5,39
2023-04,Arnavutköy (Beşiktaş),European,luxury,113413,5401,120029,476.3,128,36,82,21,8.5,13.5,39
2023-05,Arnavutköy (Beşiktaş),European,luxury,109837,5230,115189,461.3,147,76,12,21,8.5,13.5,39
2023-06,Arnavutköy (Beşiktaş),European,luxury,113779,5418,127116,477.9,100,18,46,21,8.5,13.5,39
2023-07,Arnavutköy (Beşiktaş),European,luxury,145319,5484,161707,610.3,140,39,49,26.5,25,30,65
2023-08,Arnavutköy (Beşiktaş),European,luxury,148088,5588,164945,622,32,42,72,26.5,25,30,65
2023-09,Arnavutköy (Beşiktaş),European,luxury,149603,5645,166277,628.3,33,25,72,26.5,25,30,65
2023-10,Arnavutköy (Beşiktaş),European,luxury,144002,4966,157833,604.8,22,73,58,29,42.5,47.5,65
2023-11,Arnavutköy (Beşiktaş),European,luxury,140728,4853,153968,591.1,70,55,61,29,42.5,47.5,65
2023-12,Arnavutköy (Beşiktaş),European,luxury,138886,4789,154088,583.3,54,44,51,29,42.5,47.5,65
2024-01,Arnavutköy (Beşiktaş),European,luxury,158722,4960,169702,666.6,53,41,31,32,50,55,75
2024-02,Arnavutköy (Beşiktaş),European,luxury,171113,5347,189378,718.7,23,38,56,32,50,55,75
2024-03,Arnavutköy (Beşiktaş),European,luxury,160609,5019,175493,674.6,107,9,39,32,50,55,75
2024-04,Arnavutköy (Beşiktaş),European,luxury,158945,4967,175625,667.6,22,9,77,32,50,55,75
2024-05,Arnavutköy (Beşiktaş),European,luxury,154672,4834,168389,649.6,119,61,31,32,50,55,75
2024-06,Arnavutköy (Beşiktaş),European,luxury,159021,4969,176062,667.9,28,21,80,32,50,55,75
2024-07,Arnavutköy (Beşiktaş),European,luxury,170725,5021,180459,717,116,38,24,34,50,55,49
2024-08,Arnavutköy (Beşiktaş),European,luxury,171646,5048,193332,720.9,96,68,20,34,50,55,49
2024-09,Arnavutköy (Beşiktaş),European,luxury,168509,4956,185630,707.7,55,8,76,34,50,55,49
2024-10,Arnavutköy (Beşiktaş),European,luxury,180906,5321,196174,759.8,128,20,20,34,50,55,49
2024-11,Arnavutköy (Beşiktaş),European,luxury,179763,5287,192092,755,86,9,87,34,50,55,49
2024-12,Arnavutköy (Beşiktaş),European,luxury,176093,5179,199363,739.6,132,13,24,34,50,55,49
2025-01,Arnavutköy (Beşiktaş),European,luxury,179260,4979,203959,752.9,122,62,15,36,47.5,52.5,36
2025-02,Arnavutköy (Beşiktaş),European,luxury,183808,5106,202153,772,26,46,114,36,47.5,52.5,36
2025-03,Arnavutköy (Beşiktaş),European,luxury,184504,5125,196053,774.9,62,53,114,36,47.5,52.5,36
2025-04,Arnavutköy (Beşiktaş),European,luxury,182680,5074,208631,767.3,31,60,106,36,47.5,52.5,36
2025-05,Arnavutköy (Beşiktaş),European,luxury,188666,5241,205773,792.4,112,78,103,36,47.5,52.5,36
2025-06,Arnavutköy (Beşiktaş),European,luxury,186447,5179,215062,783.1,88,38,49,36,47.5,52.5,36
2025-07,Arnavutköy (Beşiktaş),European,luxury,192694,5279,207439,809.3,50,56,99,36.5,45,50,30
2025-08,Arnavutköy (Beşiktaş),European,luxury,196955,5396,213916,827.2,144,35,71,36.5,45,50,30
2025-09,Arnavutköy (Beşiktaş),European,luxury,191556,5248,214845,804.5,48,43,70,36.5,45,50,30
2025-10,Arnavutköy (Beşiktaş),European,luxury,191885,5257,205514,805.9,123,71,82,36.5,45,50,30
2025-11,Arnavutköy (Beşiktaş),European,luxury,191391,5244,210128,803.8,58,53,69,36.5,45,50,30
2025-12,Arnavutköy (Beşiktaş),European,luxury,202539,5549,224180,850.7,145,59,35,36.5,45,50,30
2026-01,Arnavutköy (Beşiktaş),European,luxury,194154,5319,210540,815.4,20,56,79,36.5,45,50,30
2026-02,Arnavutköy (Beşiktaş),European,luxury,185671,5087,206793,779.8,27,6,36,36.5,45,50,30
2026-03,Arnavutköy (Beşiktaş),European,luxury,201802,5529,226931,847.6,110,49,30,36.5,45,50,30
2026-04,Arnavutköy (Beşiktaş),European,luxury,193835,5311,217077,814.1,118,58,77,36.5,45,50,30
2020-01,Rumelihisarı,European,luxury,8894,1435,9643,37.4,38,56,103,6.2,10.75,15.75,11
2020-02,Rumelihisarı,European,luxury,8799,1419,9594,37,162,34,50,6.2,10.75,15.75,11
2020-03,Rumelihisarı,European,luxury,8768,1414,9403,36.8,112,66,59,6.2,10.75,15.75,11
2020-04,Rumelihisarı,European,luxury,10610,1516,11429,44.6,79,33,58,7,8.25,13.25,11
2020-05,Rumelihisarı,European,luxury,10653,1522,11613,44.7,53,60,61,7,8.25,13.25,11
2020-06,Rumelihisarı,European,luxury,10306,1472,11446,43.3,49,75,71,7,8.25,13.25,11
2020-07,Rumelihisarı,European,luxury,10599,1514,11533,44.5,86,42,66,7,8.25,13.25,14
2020-08,Rumelihisarı,European,luxury,10475,1496,11481,44,74,30,111,7,8.25,13.25,14
2020-09,Rumelihisarı,European,luxury,10356,1479,11346,43.5,71,57,40,7,8.25,13.25,14
2020-10,Rumelihisarı,European,luxury,13893,1852,15832,58.4,15,52,118,7.5,10.25,15.25,14
2020-11,Rumelihisarı,European,luxury,14129,1884,15628,59.3,158,53,86,7.5,10.25,15.25,14
2020-12,Rumelihisarı,European,luxury,14491,1932,15688,60.9,115,38,112,7.5,10.25,15.25,14
2021-01,Rumelihisarı,European,luxury,18762,2502,21531,78.8,174,40,38,7.5,17,22,19.5
2021-02,Rumelihisarı,European,luxury,19167,2556,21553,80.5,91,19,81,7.5,17,22,19.5
2021-03,Rumelihisarı,European,luxury,19536,2605,20687,82,74,55,48,7.5,17,22,19.5
2021-04,Rumelihisarı,European,luxury,18552,2183,20111,77.9,82,26,96,8.5,19,24,19.5
2021-05,Rumelihisarı,European,luxury,18339,2158,19672,77,175,72,10,8.5,19,24,19.5
2021-06,Rumelihisarı,European,luxury,19472,2291,22380,81.8,152,47,19,8.5,19,24,19.5
2021-07,Rumelihisarı,European,luxury,27856,3277,31269,117,133,9,64,8.5,19,24,19.5
2021-08,Rumelihisarı,European,luxury,27827,3274,30111,116.9,62,43,36,8.5,19,24,19.5
2021-09,Rumelihisarı,European,luxury,28231,3321,30535,118.6,93,59,89,8.5,19,24,19.5
2021-10,Rumelihisarı,European,luxury,27442,2495,31619,115.3,52,56,57,11,14,19,54
2021-11,Rumelihisarı,European,luxury,27885,2535,31352,117.1,46,27,76,11,14,19,54
2021-12,Rumelihisarı,European,luxury,27746,2522,30405,116.5,71,78,62,11,14,19,54
2022-01,Rumelihisarı,European,luxury,55336,3816,58565,232.4,160,12,111,14.5,14,19,54
2022-02,Rumelihisarı,European,luxury,55503,3828,60617,233.1,83,67,49,14.5,14,19,54
2022-03,Rumelihisarı,European,luxury,56580,3902,62593,237.6,161,32,90,14.5,14,19,54
2022-04,Rumelihisarı,European,luxury,55268,3251,59100,232.1,121,70,34,17,14,19,80
2022-05,Rumelihisarı,European,luxury,54983,3234,58614,230.9,32,21,21,17,14,19,80
2022-06,Rumelihisarı,European,luxury,56726,3337,64447,238.3,65,42,35,17,14,19,80
2022-07,Rumelihisarı,European,luxury,91991,5411,101315,386.4,172,50,95,17,12,17,80
2022-08,Rumelihisarı,European,luxury,81980,4822,91375,344.3,38,18,113,17,12,17,80
2022-09,Rumelihisarı,European,luxury,87981,5175,96892,369.5,23,78,32,17,12,17,80
2022-10,Rumelihisarı,European,luxury,85369,4565,90878,358.5,106,75,35,18.7,9,14,64
2022-11,Rumelihisarı,European,luxury,84711,4530,90905,355.8,139,25,64,18.7,9,14,64
2022-12,Rumelihisarı,European,luxury,89877,4806,101187,377.5,75,69,89,18.7,9,14,64
2023-01,Rumelihisarı,European,luxury,118161,5627,128581,496.3,52,56,11,21,8.5,13.5,39
2023-02,Rumelihisarı,European,luxury,120284,5728,135692,505.2,87,26,58,21,8.5,13.5,39
2023-03,Rumelihisarı,European,luxury,119497,5690,128883,501.9,94,36,71,21,8.5,13.5,39
2023-04,Rumelihisarı,European,luxury,119097,5671,128958,500.2,99,34,78,21,8.5,13.5,39
2023-05,Rumelihisarı,European,luxury,117154,5579,129658,492,49,29,15,21,8.5,13.5,39
2023-06,Rumelihisarı,European,luxury,119209,5677,132886,500.7,111,68,100,21,8.5,13.5,39
2023-07,Rumelihisarı,European,luxury,150592,5683,164807,632.5,123,23,59,26.5,25,30,65
2023-08,Rumelihisarı,European,luxury,141952,5357,156674,596.2,35,45,65,26.5,25,30,65
2023-09,Rumelihisarı,European,luxury,148025,5586,160025,621.7,103,41,18,26.5,25,30,65
2023-10,Rumelihisarı,European,luxury,148179,5110,165165,622.4,168,12,109,29,42.5,47.5,65
2023-11,Rumelihisarı,European,luxury,153227,5284,168126,643.6,72,31,95,29,42.5,47.5,65
2023-12,Rumelihisarı,European,luxury,147670,5092,157858,620.2,44,15,20,29,42.5,47.5,65
2024-01,Rumelihisarı,European,luxury,169012,5282,184204,709.9,75,38,11,32,50,55,75
2024-02,Rumelihisarı,European,luxury,172257,5383,190176,723.5,37,49,67,32,50,55,75
2024-03,Rumelihisarı,European,luxury,172678,5396,186123,725.2,22,23,112,32,50,55,75
2024-04,Rumelihisarı,European,luxury,170905,5341,193080,717.8,21,8,59,32,50,55,75
2024-05,Rumelihisarı,European,luxury,176847,5526,188321,742.8,76,54,89,32,50,55,75
2024-06,Rumelihisarı,European,luxury,175273,5477,198057,736.1,161,16,16,32,50,55,75
2024-07,Rumelihisarı,European,luxury,189902,5585,210483,797.6,145,13,49,34,50,55,49
2024-08,Rumelihisarı,European,luxury,184159,5416,204591,773.5,143,5,23,34,50,55,49
2024-09,Rumelihisarı,European,luxury,179602,5282,200147,754.3,26,57,53,34,50,55,49
2024-10,Rumelihisarı,European,luxury,184970,5440,201380,776.9,147,37,106,34,50,55,49
2024-11,Rumelihisarı,European,luxury,187100,5503,195582,785.8,44,42,87,34,50,55,49
2024-12,Rumelihisarı,European,luxury,185852,5466,204735,780.6,132,26,45,34,50,55,49
2025-01,Rumelihisarı,European,luxury,195798,5439,218096,822.4,62,15,53,36,47.5,52.5,36
2025-02,Rumelihisarı,European,luxury,191966,5332,219095,806.3,81,58,50,36,47.5,52.5,36
2025-03,Rumelihisarı,European,luxury,206794,5744,230770,868.5,16,39,17,36,47.5,52.5,36
2025-04,Rumelihisarı,European,luxury,194542,5404,210844,817.1,173,5,40,36,47.5,52.5,36
2025-05,Rumelihisarı,European,luxury,196104,5447,219044,823.6,158,53,32,36,47.5,52.5,36
2025-06,Rumelihisarı,European,luxury,200511,5570,228933,842.1,18,16,94,36,47.5,52.5,36
2025-07,Rumelihisarı,European,luxury,209383,5737,232828,879.4,163,63,85,36.5,45,50,30
2025-08,Rumelihisarı,European,luxury,208845,5722,220861,877.1,159,42,37,36.5,45,50,30
2025-09,Rumelihisarı,European,luxury,204612,5606,223733,859.4,128,20,41,36.5,45,50,30
2025-10,Rumelihisarı,European,luxury,212121,5812,228491,890.9,107,10,99,36.5,45,50,30
2025-11,Rumelihisarı,European,luxury,206461,5656,226113,867.1,106,77,99,36.5,45,50,30
2025-12,Rumelihisarı,European,luxury,203607,5578,221319,855.1,57,10,28,36.5,45,50,30
2026-01,Rumelihisarı,European,luxury,206970,5670,235684,869.3,51,55,10,36.5,45,50,30
2026-02,Rumelihisarı,European,luxury,202744,5555,217947,851.5,60,5,45,36.5,45,50,30
2026-03,Rumelihisarı,European,luxury,207022,5672,231251,869.5,40,60,107,36.5,45,50,30
2026-04,Rumelihisarı,European,luxury,206314,5652,233706,866.5,107,72,108,36.5,45,50,30
2020-01,Tarabya,European,luxury,5762,929,6201,24.2,74,46,106,6.2,10.75,15.75,11
2020-02,Tarabya,European,luxury,6243,1007,6884,26.2,87,48,79,6.2,10.75,15.75,11
2020-03,Tarabya,European,luxury,5933,957,6522,24.9,106,42,63,6.2,10.75,15.75,11
2020-04,Tarabya,European,luxury,6890,984,7820,28.9,98,59,62,7,8.25,13.25,11
2020-05,Tarabya,European,luxury,7395,1056,7699,31.1,64,73,57,7,8.25,13.25,11
2020-06,Tarabya,European,luxury,7277,1040,8299,30.6,150,20,44,7,8.25,13.25,11
2020-07,Tarabya,European,luxury,7459,1066,8532,31.3,55,69,95,7,8.25,13.25,14
2020-08,Tarabya,European,luxury,7249,1036,7955,30.4,126,78,79,7,8.25,13.25,14
2020-09,Tarabya,European,luxury,7600,1086,8680,31.9,16,22,117,7,8.25,13.25,14
2020-10,Tarabya,European,luxury,9696,1293,10705,40.7,41,21,71,7.5,10.25,15.25,14
2020-11,Tarabya,European,luxury,9339,1245,10406,39.2,157,27,29,7.5,10.25,15.25,14
2020-12,Tarabya,European,luxury,9651,1287,10582,40.5,95,75,45,7.5,10.25,15.25,14
2021-01,Tarabya,European,luxury,12846,1713,14523,54,100,40,52,7.5,17,22,19.5
2021-02,Tarabya,European,luxury,13296,1773,14531,55.8,30,7,97,7.5,17,22,19.5
2021-03,Tarabya,European,luxury,13407,1788,15075,56.3,69,6,94,7.5,17,22,19.5
2021-04,Tarabya,European,luxury,12959,1525,14152,54.4,86,64,54,8.5,19,24,19.5
2021-05,Tarabya,European,luxury,12883,1516,14307,54.1,81,36,18,8.5,19,24,19.5
2021-06,Tarabya,European,luxury,13131,1545,14114,55.1,22,24,76,8.5,19,24,19.5
2021-07,Tarabya,European,luxury,20394,2399,22577,85.7,146,39,69,8.5,19,24,19.5
2021-08,Tarabya,European,luxury,18622,2191,20405,78.2,37,66,31,8.5,19,24,19.5
2021-09,Tarabya,European,luxury,18965,2231,21686,79.7,136,18,63,8.5,19,24,19.5
2021-10,Tarabya,European,luxury,20447,1859,22582,85.9,20,53,87,11,14,19,54
2021-11,Tarabya,European,luxury,18608,1692,20518,78.2,117,53,28,11,14,19,54
2021-12,Tarabya,European,luxury,19403,1764,21669,81.5,170,44,32,11,14,19,54
2022-01,Tarabya,European,luxury,36856,2542,41725,154.8,49,23,105,14.5,14,19,54
2022-02,Tarabya,European,luxury,39484,2723,43805,165.8,167,58,96,14.5,14,19,54
2022-03,Tarabya,European,luxury,40579,2799,44367,170.4,75,64,11,14.5,14,19,54
2022-04,Tarabya,European,luxury,37594,2211,41216,157.9,158,19,43,17,14,19,80
2022-05,Tarabya,European,luxury,39011,2295,43279,163.8,134,5,12,17,14,19,80
2022-06,Tarabya,European,luxury,36932,2172,40820,155.1,138,39,10,17,14,19,80
2022-07,Tarabya,European,luxury,59004,3471,62480,247.8,21,42,84,17,12,17,80
2022-08,Tarabya,European,luxury,60993,3588,67116,256.2,171,7,54,17,12,17,80
2022-09,Tarabya,European,luxury,62389,3670,69130,262,172,21,110,17,12,17,80
2022-10,Tarabya,European,luxury,58510,3129,61883,245.7,143,52,90,18.7,9,14,64
2022-11,Tarabya,European,luxury,60573,3239,67648,254.4,146,5,35,18.7,9,14,64
2022-12,Tarabya,European,luxury,60421,3231,66498,253.8,81,47,28,18.7,9,14,64
2023-01,Tarabya,European,luxury,79087,3766,86094,332.2,32,7,43,21,8.5,13.5,39
2023-02,Tarabya,European,luxury,80053,3812,87349,336.2,43,53,109,21,8.5,13.5,39
2023-03,Tarabya,European,luxury,82293,3919,96204,345.6,125,69,110,21,8.5,13.5,39
2023-04,Tarabya,European,luxury,86203,4105,94830,362.1,83,64,28,21,8.5,13.5,39
2023-05,Tarabya,European,luxury,80436,3830,87383,337.8,29,22,99,21,8.5,13.5,39
2023-06,Tarabya,European,luxury,83303,3967,87635,349.9,176,40,20,21,8.5,13.5,39
2023-07,Tarabya,European,luxury,102854,3881,118596,432,160,44,19,26.5,25,30,65
2023-08,Tarabya,European,luxury,99620,3759,113818,418.4,75,7,100,26.5,25,30,65
2023-09,Tarabya,European,luxury,106925,4035,119082,449.1,159,15,119,26.5,25,30,65
2023-10,Tarabya,European,luxury,103569,3571,113235,435,18,5,32,29,42.5,47.5,65
2023-11,Tarabya,European,luxury,106095,3658,114419,445.6,43,43,32,29,42.5,47.5,65
2023-12,Tarabya,European,luxury,103035,3553,110093,432.7,22,38,57,29,42.5,47.5,65
2024-01,Tarabya,European,luxury,121102,3784,134012,508.6,140,35,39,32,50,55,75
2024-02,Tarabya,European,luxury,115335,3604,125538,484.4,89,54,58,32,50,55,75
2024-03,Tarabya,European,luxury,113589,3550,122095,477.1,52,26,38,32,50,55,75
2024-04,Tarabya,European,luxury,113688,3553,127278,477.5,106,37,70,32,50,55,75
2024-05,Tarabya,European,luxury,121199,3787,133491,509,100,34,39,32,50,55,75
2024-06,Tarabya,European,luxury,117213,3663,129198,492.3,60,67,55,32,50,55,75
2024-07,Tarabya,European,luxury,126995,3735,146299,533.4,170,45,111,34,50,55,49
2024-08,Tarabya,European,luxury,128708,3786,145794,540.6,164,69,112,34,50,55,49
2024-09,Tarabya,European,luxury,127994,3765,134400,537.6,149,70,71,34,50,55,49
2024-10,Tarabya,European,luxury,121804,3582,139676,511.6,167,51,34,34,50,55,49
2024-11,Tarabya,European,luxury,125591,3694,136862,527.5,163,38,119,34,50,55,49
2024-12,Tarabya,European,luxury,122779,3611,137144,515.7,32,53,84,34,50,55,49
2025-01,Tarabya,European,luxury,135493,3764,146556,569.1,128,26,22,36,47.5,52.5,36
2025-02,Tarabya,European,luxury,136168,3782,149601,571.9,102,71,13,36,47.5,52.5,36
2025-03,Tarabya,European,luxury,134971,3749,149351,566.9,69,48,92,36,47.5,52.5,36
2025-04,Tarabya,European,luxury,131063,3641,145640,550.5,18,57,84,36,47.5,52.5,36
2025-05,Tarabya,European,luxury,132020,3667,144879,554.5,48,57,97,36,47.5,52.5,36
2025-06,Tarabya,European,luxury,133104,3697,142324,559,111,29,76,36,47.5,52.5,36
2025-07,Tarabya,European,luxury,143838,3941,152405,604.1,157,77,71,36.5,45,50,30
2025-08,Tarabya,European,luxury,145253,3980,166750,610.1,156,37,79,36.5,45,50,30
2025-09,Tarabya,European,luxury,147602,4044,161030,619.9,45,71,39,36.5,45,50,30
2025-10,Tarabya,European,luxury,149892,4107,171692,629.5,125,8,66,36.5,45,50,30
2025-11,Tarabya,European,luxury,143287,3926,156917,601.8,96,68,17,36.5,45,50,30
2025-12,Tarabya,European,luxury,139669,3827,157973,586.6,26,28,47,36.5,45,50,30
2026-01,Tarabya,European,luxury,138580,3797,154807,582,71,67,27,36.5,45,50,30
2026-02,Tarabya,European,luxury,143221,3924,164370,601.5,121,10,75,36.5,45,50,30
2026-03,Tarabya,European,luxury,145869,3996,160548,612.6,76,49,63,36.5,45,50,30
2026-04,Tarabya,European,luxury,141587,3879,156223,594.7,81,18,50,36.5,45,50,30
2020-01,Sarıyer,European,premium,3798,613,4304,16,155,21,92,6.2,10.75,15.75,11
2020-02,Sarıyer,European,premium,3623,584,4120,15.2,112,65,89,6.2,10.75,15.75,11
2020-03,Sarıyer,European,premium,3914,631,4242,16.4,48,48,54,6.2,10.75,15.75,11
2020-04,Sarıyer,European,premium,4520,646,4929,19,105,55,103,7,8.25,13.25,11
2020-05,Sarıyer,European,premium,4463,638,4836,18.7,95,12,57,7,8.25,13.25,11
2020-06,Sarıyer,European,premium,4499,643,4757,18.9,92,76,22,7,8.25,13.25,11
2020-07,Sarıyer,European,premium,4568,653,5001,19.2,92,20,26,7,8.25,13.25,14
2020-08,Sarıyer,European,premium,4342,620,4819,18.2,127,33,110,7,8.25,13.25,14
2020-09,Sarıyer,European,premium,4679,668,5242,19.7,137,14,69,7,8.25,13.25,14
2020-10,Sarıyer,European,premium,5780,771,5952,24.3,60,19,69,7.5,10.25,15.25,14
2020-11,Sarıyer,European,premium,6108,814,6661,25.7,138,41,113,7.5,10.25,15.25,14
2020-12,Sarıyer,European,premium,6143,819,6467,25.8,154,36,79,7.5,10.25,15.25,14
2021-01,Sarıyer,European,premium,8334,1111,9119,35,52,12,75,7.5,17,22,19.5
2021-02,Sarıyer,European,premium,8165,1089,8969,34.3,21,40,48,7.5,17,22,19.5
2021-03,Sarıyer,European,premium,8278,1104,9233,34.8,108,36,82,7.5,17,22,19.5
2021-04,Sarıyer,European,premium,7992,940,8627,33.6,44,12,73,8.5,19,24,19.5
2021-05,Sarıyer,European,premium,8123,956,8754,34.1,71,16,107,8.5,19,24,19.5
2021-06,Sarıyer,European,premium,8235,969,9064,34.6,41,15,36,8.5,19,24,19.5
2021-07,Sarıyer,European,premium,12569,1479,13815,52.8,85,18,117,8.5,19,24,19.5
2021-08,Sarıyer,European,premium,12391,1458,13613,52,59,31,52,8.5,19,24,19.5
2021-09,Sarıyer,European,premium,11891,1399,13390,49.9,91,72,63,8.5,19,24,19.5
2021-10,Sarıyer,European,premium,12471,1134,14004,52.4,97,62,100,11,14,19,54
2021-11,Sarıyer,European,premium,11646,1059,13158,48.9,42,5,103,11,14,19,54
2021-12,Sarıyer,European,premium,12404,1128,14279,52.1,117,65,97,11,14,19,54
2022-01,Sarıyer,European,premium,23862,1646,26462,100.2,100,13,40,14.5,14,19,54
2022-02,Sarıyer,European,premium,24139,1665,27354,101.4,97,59,18,14.5,14,19,54
2022-03,Sarıyer,European,premium,24089,1661,26239,101.2,95,11,116,14.5,14,19,54
2022-04,Sarıyer,European,premium,24190,1423,26501,101.6,164,78,18,17,14,19,80
2022-05,Sarıyer,European,premium,23303,1371,25626,97.9,36,65,23,17,14,19,80
2022-06,Sarıyer,European,premium,23706,1394,25679,99.6,41,69,75,17,14,19,80
2022-07,Sarıyer,European,premium,37818,2225,42048,158.8,127,77,115,17,12,17,80
2022-08,Sarıyer,European,premium,37165,2186,40443,156.1,18,61,35,17,12,17,80
2022-09,Sarıyer,European,premium,36754,2162,39099,154.4,131,31,56,17,12,17,80
2022-10,Sarıyer,European,premium,37047,1981,39346,155.6,56,12,21,18.7,9,14,64
2022-11,Sarıyer,European,premium,38272,2047,42094,160.7,22,59,119,18.7,9,14,64
2022-12,Sarıyer,European,premium,36980,1978,41020,155.3,140,6,38,18.7,9,14,64
2023-01,Sarıyer,European,premium,50527,2406,54857,212.2,31,44,49,21,8.5,13.5,39
2023-02,Sarıyer,European,premium,48296,2300,54389,202.8,25,44,87,21,8.5,13.5,39
2023-03,Sarıyer,European,premium,52105,2481,58134,218.8,171,19,11,21,8.5,13.5,39
2023-04,Sarıyer,European,premium,49590,2361,55571,208.3,96,20,17,21,8.5,13.5,39
2023-05,Sarıyer,European,premium,48156,2293,50959,202.3,106,19,46,21,8.5,13.5,39
2023-06,Sarıyer,European,premium,51558,2455,57599,216.5,126,13,93,21,8.5,13.5,39
2023-07,Sarıyer,European,premium,63529,2397,69107,266.8,127,55,45,26.5,25,30,65
2023-08,Sarıyer,European,premium,65155,2459,71529,273.7,110,59,90,26.5,25,30,65
2023-09,Sarıyer,European,premium,63261,2387,67353,265.7,152,27,74,26.5,25,30,65
2023-10,Sarıyer,European,premium,61967,2137,68662,260.3,120,50,109,29,42.5,47.5,65
2023-11,Sarıyer,European,premium,63498,2190,69960,266.7,134,75,20,29,42.5,47.5,65
2023-12,Sarıyer,European,premium,64960,2240,70991,272.8,150,67,19,29,42.5,47.5,65
2024-01,Sarıyer,European,premium,70869,2215,77394,297.7,138,39,114,32,50,55,75
2024-02,Sarıyer,European,premium,69788,2181,78785,293.1,177,30,57,32,50,55,75
2024-03,Sarıyer,European,premium,74891,2340,84141,314.5,59,56,24,32,50,55,75
2024-04,Sarıyer,European,premium,73540,2298,80494,308.9,161,17,99,32,50,55,75
2024-05,Sarıyer,European,premium,74266,2321,83164,311.9,17,27,46,32,50,55,75
2024-06,Sarıyer,European,premium,73681,2303,81076,309.5,162,8,25,32,50,55,75
2024-07,Sarıyer,European,premium,79132,2327,85019,332.4,88,48,82,34,50,55,49
2024-08,Sarıyer,European,premium,83814,2465,95030,352,153,56,105,34,50,55,49
2024-09,Sarıyer,European,premium,80777,2376,91086,339.3,166,50,16,34,50,55,49
2024-10,Sarıyer,European,premium,78492,2309,89538,329.7,97,52,59,34,50,55,49
2024-11,Sarıyer,European,premium,79038,2325,81918,332,102,50,25,34,50,55,49
2024-12,Sarıyer,European,premium,74709,2197,82383,313.8,77,59,106,34,50,55,49
2025-01,Sarıyer,European,premium,83542,2321,95710,350.9,65,6,114,36,47.5,52.5,36
2025-02,Sarıyer,European,premium,81248,2257,87858,341.2,129,10,17,36,47.5,52.5,36
2025-03,Sarıyer,European,premium,82536,2293,86067,346.7,79,69,25,36,47.5,52.5,36
2025-04,Sarıyer,European,premium,82092,2280,92478,344.8,101,71,67,36,47.5,52.5,36
2025-05,Sarıyer,European,premium,85303,2370,97906,358.3,115,9,98,36,47.5,52.5,36
2025-06,Sarıyer,European,premium,83874,2330,91084,352.3,44,25,107,36,47.5,52.5,36
2025-07,Sarıyer,European,premium,86833,2379,101849,364.7,103,62,74,36.5,45,50,30
2025-08,Sarıyer,European,premium,90490,2479,103431,380.1,96,57,113,36.5,45,50,30
2025-09,Sarıyer,European,premium,87823,2406,98738,368.9,33,38,20,36.5,45,50,30
2025-10,Sarıyer,European,premium,87428,2395,95445,367.2,45,37,51,36.5,45,50,30
2025-11,Sarıyer,European,premium,85574,2345,91423,359.4,80,55,94,36.5,45,50,30
2025-12,Sarıyer,European,premium,91714,2513,105204,385.2,43,14,60,36.5,45,50,30
2026-01,Sarıyer,European,premium,87642,2401,95332,368.1,173,24,21,36.5,45,50,30
2026-02,Sarıyer,European,premium,89907,2463,100482,377.6,133,19,107,36.5,45,50,30
2026-03,Sarıyer,European,premium,85038,2330,95711,357.2,104,62,112,36.5,45,50,30
2026-04,Sarıyer,European,premium,93580,2564,102901,393,114,67,55,36.5,45,50,30
2020-01,Yeniköy,European,luxury,7105,1146,7604,29.8,83,27,65,6.2,10.75,15.75,11
2020-02,Yeniköy,European,luxury,7253,1170,7885,30.5,153,40,55,6.2,10.75,15.75,11
2020-03,Yeniköy,European,luxury,7266,1172,7726,30.5,142,66,10,6.2,10.75,15.75,11
2020-04,Yeniköy,European,luxury,8927,1275,9890,37.5,166,42,13,7,8.25,13.25,11
2020-05,Yeniköy,European,luxury,8668,1238,9749,36.4,147,51,31,7,8.25,13.25,11
2020-06,Yeniköy,European,luxury,8751,1250,9785,36.8,167,32,71,7,8.25,13.25,11
2020-07,Yeniköy,European,luxury,8516,1217,9220,35.8,76,25,13,7,8.25,13.25,14
2020-08,Yeniköy,European,luxury,8387,1198,9138,35.2,74,68,113,7,8.25,13.25,14
2020-09,Yeniköy,European,luxury,8446,1207,9640,35.5,149,22,49,7,8.25,13.25,14
2020-10,Yeniköy,European,luxury,11989,1599,13019,50.4,90,16,99,7.5,10.25,15.25,14
2020-11,Yeniköy,European,luxury,11575,1543,12825,48.6,33,64,19,7.5,10.25,15.25,14
2020-12,Yeniköy,European,luxury,11594,1546,12792,48.7,101,29,34,7.5,10.25,15.25,14
2021-01,Yeniköy,European,luxury,16046,2139,17501,67.4,105,41,16,7.5,17,22,19.5
2021-02,Yeniköy,European,luxury,15865,2115,17578,66.6,158,74,23,7.5,17,22,19.5
2021-03,Yeniköy,European,luxury,16133,2151,17964,67.8,76,71,89,7.5,17,22,19.5
2021-04,Yeniköy,European,luxury,16023,1885,17818,67.3,161,56,74,8.5,19,24,19.5
2021-05,Yeniköy,European,luxury,16104,1895,17470,67.6,92,66,83,8.5,19,24,19.5
2021-06,Yeniköy,European,luxury,15929,1874,17282,66.9,62,52,105,8.5,19,24,19.5
2021-07,Yeniköy,European,luxury,24705,2906,27874,103.8,100,43,56,8.5,19,24,19.5
2021-08,Yeniköy,European,luxury,22192,2611,25140,93.2,39,64,91,8.5,19,24,19.5
2021-09,Yeniköy,European,luxury,23913,2813,26442,100.4,163,21,102,8.5,19,24,19.5
2021-10,Yeniköy,European,luxury,24174,2198,26505,101.5,140,31,101,11,14,19,54
2021-11,Yeniköy,European,luxury,23171,2106,26448,97.3,150,54,95,11,14,19,54
2021-12,Yeniköy,European,luxury,23237,2112,25654,97.6,108,73,62,11,14,19,54
2022-01,Yeniköy,European,luxury,46876,3233,53331,196.9,67,46,59,14.5,14,19,54
2022-02,Yeniköy,European,luxury,48196,3324,51954,202.4,150,7,63,14.5,14,19,54
2022-03,Yeniköy,European,luxury,43562,3004,47733,183,105,16,108,14.5,14,19,54
2022-04,Yeniköy,European,luxury,46143,2714,50918,193.8,41,74,18,17,14,19,80
2022-05,Yeniköy,European,luxury,47483,2793,50233,199.4,62,8,56,17,14,19,80
2022-06,Yeniköy,European,luxury,44664,2627,52456,187.6,132,37,31,17,14,19,80
2022-07,Yeniköy,European,luxury,72856,4286,81277,306,173,13,11,17,12,17,80
2022-08,Yeniköy,European,luxury,72655,4274,80625,305.1,32,49,33,17,12,17,80
2022-09,Yeniköy,European,luxury,69166,4069,77765,290.5,126,14,57,17,12,17,80
2022-10,Yeniköy,European,luxury,74786,3999,78766,314.1,125,28,65,18.7,9,14,64
2022-11,Yeniköy,European,luxury,75375,4031,84837,316.6,36,7,44,18.7,9,14,64
2022-12,Yeniköy,European,luxury,73718,3942,81952,309.6,179,54,74,18.7,9,14,64
2023-01,Yeniköy,European,luxury,97322,4634,107781,408.8,124,55,112,21,8.5,13.5,39
2023-02,Yeniköy,European,luxury,101482,4832,113623,426.2,92,23,20,21,8.5,13.5,39
2023-03,Yeniköy,European,luxury,99441,4735,105907,417.7,62,65,104,21,8.5,13.5,39
2023-04,Yeniköy,European,luxury,97699,4652,110135,410.3,77,50,37,21,8.5,13.5,39
2023-05,Yeniköy,European,luxury,100590,4790,110963,422.5,43,38,43,21,8.5,13.5,39
2023-06,Yeniköy,European,luxury,100039,4764,111094,420.2,99,36,95,21,8.5,13.5,39
2023-07,Yeniköy,European,luxury,120146,4534,130980,504.6,39,9,29,26.5,25,30,65
2023-08,Yeniköy,European,luxury,125832,4748,139540,528.5,123,10,119,26.5,25,30,65
2023-09,Yeniköy,European,luxury,120124,4533,131602,504.5,63,31,46,26.5,25,30,65
2023-10,Yeniköy,European,luxury,128165,4419,140712,538.3,169,50,107,29,42.5,47.5,65
2023-11,Yeniköy,European,luxury,128464,4430,146255,539.5,37,72,79,29,42.5,47.5,65
2023-12,Yeniköy,European,luxury,119188,4110,133188,500.6,58,71,62,29,42.5,47.5,65
2024-01,Yeniköy,European,luxury,138393,4325,151863,581.3,140,8,54,32,50,55,75
2024-02,Yeniköy,European,luxury,139561,4361,152395,586.2,30,47,106,32,50,55,75
2024-03,Yeniköy,European,luxury,151365,4730,164175,635.7,118,46,48,32,50,55,75
2024-04,Yeniköy,European,luxury,142493,4453,156920,598.5,96,32,19,32,50,55,75
2024-05,Yeniköy,European,luxury,143434,4482,161257,602.4,22,63,77,32,50,55,75
2024-06,Yeniköy,European,luxury,140005,4375,152175,588,35,6,115,32,50,55,75
2024-07,Yeniköy,European,luxury,154144,4534,163833,647.4,64,62,90,34,50,55,49
2024-08,Yeniköy,European,luxury,154185,4535,163602,647.6,58,54,78,34,50,55,49
2024-09,Yeniköy,European,luxury,153429,4513,166899,644.4,167,15,47,34,50,55,49
2024-10,Yeniköy,European,luxury,150439,4425,166613,631.8,97,13,107,34,50,55,49
2024-11,Yeniköy,European,luxury,152981,4499,165872,642.5,116,30,45,34,50,55,49
2024-12,Yeniköy,European,luxury,150906,4438,164869,633.8,105,27,29,34,50,55,49
2025-01,Yeniköy,European,luxury,165131,4587,177792,693.6,57,74,98,36,47.5,52.5,36
2025-02,Yeniköy,European,luxury,167037,4640,182327,701.6,24,57,17,36,47.5,52.5,36
2025-03,Yeniköy,European,luxury,170196,4728,184590,714.8,101,75,42,36,47.5,52.5,36
2025-04,Yeniköy,European,luxury,156876,4358,175520,658.9,51,22,50,36,47.5,52.5,36
2025-05,Yeniköy,European,luxury,161127,4476,171829,676.7,105,67,114,36,47.5,52.5,36
2025-06,Yeniköy,European,luxury,161864,4496,185425,679.8,94,33,55,36,47.5,52.5,36
2025-07,Yeniköy,European,luxury,171099,4688,184007,718.6,151,70,53,36.5,45,50,30
2025-08,Yeniköy,European,luxury,169325,4639,186864,711.2,88,27,111,36.5,45,50,30
2025-09,Yeniköy,European,luxury,170882,4682,191425,717.7,157,40,107,36.5,45,50,30
2025-10,Yeniköy,European,luxury,176637,4839,196175,741.9,18,64,20,36.5,45,50,30
2025-11,Yeniköy,European,luxury,173580,4756,191859,729,104,61,55,36.5,45,50,30
2025-12,Yeniköy,European,luxury,171284,4693,193762,719.4,75,69,114,36.5,45,50,30
2026-01,Yeniköy,European,luxury,169397,4641,184582,711.5,36,72,19,36.5,45,50,30
2026-02,Yeniköy,European,luxury,171713,4704,196041,721.2,113,42,76,36.5,45,50,30
2026-03,Yeniköy,European,luxury,167214,4581,183410,702.3,72,67,76,36.5,45,50,30
2026-04,Yeniköy,European,luxury,175462,4807,194628,736.9,131,8,59,36.5,45,50,30
2020-01,Beyoğlu,European,premium,3393,547,3565,14.3,123,41,15,6.2,10.75,15.75,11
2020-02,Beyoğlu,European,premium,3155,509,3571,13.2,179,40,113,6.2,10.75,15.75,11
2020-03,Beyoğlu,European,premium,3271,528,3598,13.7,98,62,47,6.2,10.75,15.75,11
2020-04,Beyoğlu,European,premium,3915,559,4192,16.4,126,18,85,7,8.25,13.25,11
2020-05,Beyoğlu,European,premium,3907,558,4424,16.4,118,9,103,7,8.25,13.25,11
2020-06,Beyoğlu,European,premium,3862,552,4238,16.2,166,8,111,7,8.25,13.25,11
2020-07,Beyoğlu,European,premium,3807,544,4162,16,15,14,39,7,8.25,13.25,14
2020-08,Beyoğlu,European,premium,4013,573,4640,16.9,176,79,47,7,8.25,13.25,14
2020-09,Beyoğlu,European,premium,3805,544,3948,16,18,47,37,7,8.25,13.25,14
2020-10,Beyoğlu,European,premium,5245,699,5803,22,26,38,45,7.5,10.25,15.25,14
2020-11,Beyoğlu,European,premium,5162,688,5835,21.7,53,39,70,7.5,10.25,15.25,14
2020-12,Beyoğlu,European,premium,5227,697,5593,22,126,45,13,7.5,10.25,15.25,14
2021-01,Beyoğlu,European,premium,7080,944,7807,29.7,126,57,94,7.5,17,22,19.5
2021-02,Beyoğlu,European,premium,7136,951,7687,30,70,11,58,7.5,17,22,19.5
2021-03,Beyoğlu,European,premium,7233,964,7980,30.4,83,25,81,7.5,17,22,19.5
2021-04,Beyoğlu,European,premium,7395,870,7944,31.1,112,64,59,8.5,19,24,19.5
2021-05,Beyoğlu,European,premium,7469,879,8518,31.4,84,40,109,8.5,19,24,19.5
2021-06,Beyoğlu,European,premium,7138,840,7910,30,88,50,92,8.5,19,24,19.5
2021-07,Beyoğlu,European,premium,10625,1250,11807,44.6,47,30,21,8.5,19,24,19.5
2021-08,Beyoğlu,European,premium,10497,1235,12073,44.1,109,44,87,8.5,19,24,19.5
2021-09,Beyoğlu,European,premium,11077,1303,12738,46.5,101,76,114,8.5,19,24,19.5
2021-10,Beyoğlu,European,premium,10426,948,11502,43.8,42,41,94,11,14,19,54
2021-11,Beyoğlu,European,premium,10328,939,11382,43.4,46,75,107,11,14,19,54
2021-12,Beyoğlu,European,premium,10329,939,11787,43.4,106,78,54,11,14,19,54
2022-01,Beyoğlu,European,premium,21624,1491,23269,90.8,84,56,42,14.5,14,19,54
2022-02,Beyoğlu,European,premium,20315,1401,22453,85.3,90,13,106,14.5,14,19,54
2022-03,Beyoğlu,European,premium,22159,1528,24700,93.1,86,65,97,14.5,14,19,54
2022-04,Beyoğlu,European,premium,21046,1238,23705,88.4,147,62,74,17,14,19,80
2022-05,Beyoğlu,European,premium,20453,1203,22109,85.9,84,42,103,17,14,19,80
2022-06,Beyoğlu,European,premium,21275,1251,24046,89.4,76,62,49,17,14,19,80
2022-07,Beyoğlu,European,premium,33087,1946,36411,139,128,20,33,17,12,17,80
2022-08,Beyoğlu,European,premium,33569,1975,38696,141,111,40,73,17,12,17,80
2022-09,Beyoğlu,European,premium,32391,1905,35574,136,48,29,33,17,12,17,80
2022-10,Beyoğlu,European,premium,32673,1747,35956,137.2,101,44,62,18.7,9,14,64
2022-11,Beyoğlu,European,premium,32045,1714,34699,134.6,120,15,65,18.7,9,14,64
2022-12,Beyoğlu,European,premium,32953,1762,38389,138.4,141,45,94,18.7,9,14,64
2023-01,Beyoğlu,European,premium,44732,2130,47625,187.9,74,37,17,21,8.5,13.5,39
2023-02,Beyoğlu,European,premium,44950,2140,46178,188.8,137,24,58,21,8.5,13.5,39
2023-03,Beyoğlu,European,premium,43669,2079,46918,183.4,46,73,100,21,8.5,13.5,39
2023-04,Beyoğlu,European,premium,42412,2020,46837,178.1,15,52,67,21,8.5,13.5,39
2023-05,Beyoğlu,European,premium,44721,2130,49927,187.8,120,52,72,21,8.5,13.5,39
2023-06,Beyoğlu,European,premium,44766,2132,47996,188,132,66,28,21,8.5,13.5,39
2023-07,Beyoğlu,European,premium,54991,2075,59228,231,177,71,55,26.5,25,30,65
2023-08,Beyoğlu,European,premium,55901,2109,60920,234.8,117,18,35,26.5,25,30,65
2023-09,Beyoğlu,European,premium,55498,2094,62445,233.1,82,70,104,26.5,25,30,65
2023-10,Beyoğlu,European,premium,56900,1962,62932,239,52,23,78,29,42.5,47.5,65
2023-11,Beyoğlu,European,premium,56304,1942,60095,236.5,33,78,34,29,42.5,47.5,65
2023-12,Beyoğlu,European,premium,57367,1978,61819,240.9,145,43,50,29,42.5,47.5,65
2024-01,Beyoğlu,European,premium,61378,1918,66735,257.8,86,70,94,32,50,55,75
2024-02,Beyoğlu,European,premium,63465,1983,70382,266.6,110,57,32,32,50,55,75
2024-03,Beyoğlu,European,premium,62709,1960,74913,263.4,152,44,105,32,50,55,75
2024-04,Beyoğlu,European,premium,63863,1996,68301,268.2,18,74,20,32,50,55,75
2024-05,Beyoğlu,European,premium,64505,2016,72179,270.9,71,29,72,32,50,55,75
2024-06,Beyoğlu,European,premium,62715,1960,69130,263.4,38,41,30,32,50,55,75
2024-07,Beyoğlu,European,premium,70602,2077,80177,296.5,43,67,72,34,50,55,49
2024-08,Beyoğlu,European,premium,68721,2021,74902,288.6,110,54,76,34,50,55,49
2024-09,Beyoğlu,European,premium,71442,2101,82545,300.1,66,22,42,34,50,55,49
2024-10,Beyoğlu,European,premium,66218,1948,69644,278.1,112,48,114,34,50,55,49
2024-11,Beyoğlu,European,premium,67289,1979,75093,282.6,110,28,76,34,50,55,49
2024-12,Beyoğlu,European,premium,67318,1980,75737,282.7,74,70,69,34,50,55,49
2025-01,Beyoğlu,European,premium,71471,1985,78444,300.2,57,53,24,36,47.5,52.5,36
2025-02,Beyoğlu,European,premium,71078,1974,77718,298.5,43,57,37,36,47.5,52.5,36
2025-03,Beyoğlu,European,premium,70127,1948,76109,294.5,122,34,67,36,47.5,52.5,36
2025-04,Beyoğlu,European,premium,71487,1986,79468,300.2,65,66,80,36,47.5,52.5,36
2025-05,Beyoğlu,European,premium,69816,1939,77792,293.2,61,72,75,36,47.5,52.5,36
2025-06,Beyoğlu,European,premium,73413,2039,80894,308.3,15,46,26,36,47.5,52.5,36
2025-07,Beyoğlu,European,premium,75288,2063,81548,316.2,99,18,64,36.5,45,50,30
2025-08,Beyoğlu,European,premium,78350,2147,87692,329.1,145,56,51,36.5,45,50,30
2025-09,Beyoğlu,European,premium,73660,2018,82749,309.4,101,14,83,36.5,45,50,30
2025-10,Beyoğlu,European,premium,74259,2035,81380,311.9,126,42,49,36.5,45,50,30
2025-11,Beyoğlu,European,premium,74607,2044,84486,313.3,150,18,105,36.5,45,50,30
2025-12,Beyoğlu,European,premium,77021,2110,88183,323.5,70,43,112,36.5,45,50,30
2026-01,Beyoğlu,European,premium,75437,2067,82448,316.8,123,64,20,36.5,45,50,30
2026-02,Beyoğlu,European,premium,75667,2073,80740,317.8,36,45,16,36.5,45,50,30
2026-03,Beyoğlu,European,premium,74830,2050,82604,314.3,74,69,36,36.5,45,50,30
2026-04,Beyoğlu,European,premium,75637,2072,83519,317.7,64,59,54,36.5,45,50,30
2020-01,Cihangir,European,premium,4329,698,4817,18.2,158,60,110,6.2,10.75,15.75,11
2020-02,Cihangir,European,premium,4396,709,4791,18.5,95,54,101,6.2,10.75,15.75,11
2020-03,Cihangir,European,premium,4253,686,4678,17.9,149,10,84,6.2,10.75,15.75,11
2020-04,Cihangir,European,premium,5040,720,5273,21.2,126,24,86,7,8.25,13.25,11
2020-05,Cihangir,European,premium,5161,737,5665,21.7,55,63,41,7,8.25,13.25,11
2020-06,Cihangir,European,premium,5012,716,5346,21,54,75,15,7,8.25,13.25,11
2020-07,Cihangir,European,premium,5266,752,6007,22.1,38,22,54,7,8.25,13.25,14
2020-08,Cihangir,European,premium,5127,732,5574,21.5,160,71,118,7,8.25,13.25,14
2020-09,Cihangir,European,premium,5263,752,5775,22.1,64,77,13,7,8.25,13.25,14
2020-10,Cihangir,European,premium,6617,882,7343,27.8,55,32,105,7.5,10.25,15.25,14
2020-11,Cihangir,European,premium,6880,917,7644,28.9,50,64,117,7.5,10.25,15.25,14
2020-12,Cihangir,European,premium,6689,892,7368,28.1,160,37,100,7.5,10.25,15.25,14
2021-01,Cihangir,European,premium,9450,1260,9957,39.7,71,56,71,7.5,17,22,19.5
2021-02,Cihangir,European,premium,9184,1225,9857,38.6,38,18,63,7.5,17,22,19.5
2021-03,Cihangir,European,premium,9184,1225,9868,38.6,143,59,111,7.5,17,22,19.5
2021-04,Cihangir,European,premium,8996,1058,9894,37.8,33,56,39,8.5,19,24,19.5
2021-05,Cihangir,European,premium,9374,1103,9776,39.4,173,57,69,8.5,19,24,19.5
2021-06,Cihangir,European,premium,8844,1040,10058,37.1,49,24,36,8.5,19,24,19.5
2021-07,Cihangir,European,premium,13921,1638,15210,58.5,100,59,112,8.5,19,24,19.5
2021-08,Cihangir,European,premium,13490,1587,14959,56.7,77,12,15,8.5,19,24,19.5
2021-09,Cihangir,European,premium,13671,1608,15432,57.4,29,17,67,8.5,19,24,19.5
2021-10,Cihangir,European,premium,13893,1263,15080,58.4,62,51,72,11,14,19,54
2021-11,Cihangir,European,premium,13611,1237,15878,57.2,74,65,78,11,14,19,54
2021-12,Cihangir,European,premium,13092,1190,14529,55,115,13,49,11,14,19,54
2022-01,Cihangir,European,premium,27352,1886,30430,114.9,153,68,60,14.5,14,19,54
2022-02,Cihangir,European,premium,28270,1950,30946,118.7,54,31,11,14.5,14,19,54
2022-03,Cihangir,European,premium,26915,1856,28791,113,124,75,102,14.5,14,19,54
2022-04,Cihangir,European,premium,27583,1623,30006,115.8,147,59,65,17,14,19,80
2022-05,Cihangir,European,premium,26455,1556,29534,111.1,95,58,26,17,14,19,80
2022-06,Cihangir,European,premium,27349,1609,30979,114.9,78,32,13,17,14,19,80
2022-07,Cihangir,European,premium,44347,2609,48795,186.3,116,76,50,17,12,17,80
2022-08,Cihangir,European,premium,43745,2573,47839,183.7,44,77,33,17,12,17,80
2022-09,Cihangir,European,premium,41833,2461,42796,175.7,58,71,69,17,12,17,80
2022-10,Cihangir,European,premium,41797,2235,47072,175.5,138,47,32,18.7,9,14,64
2022-11,Cihangir,European,premium,43007,2300,47547,180.6,128,18,30,18.7,9,14,64
2022-12,Cihangir,European,premium,41643,2227,45277,174.9,89,26,28,18.7,9,14,64
2023-01,Cihangir,European,premium,56836,2706,62716,238.7,158,47,108,21,8.5,13.5,39
2023-02,Cihangir,European,premium,58395,2781,63927,245.3,52,54,17,21,8.5,13.5,39
2023-03,Cihangir,European,premium,60705,2891,68128,255,26,71,66,21,8.5,13.5,39
2023-04,Cihangir,European,premium,57593,2743,63876,241.9,17,33,96,21,8.5,13.5,39
2023-05,Cihangir,European,premium,60312,2872,65803,253.3,103,41,45,21,8.5,13.5,39
2023-06,Cihangir,European,premium,55085,2623,61297,231.4,26,77,88,21,8.5,13.5,39
2023-07,Cihangir,European,premium,73382,2769,82851,308.2,116,9,31,26.5,25,30,65
2023-08,Cihangir,European,premium,77707,2932,86238,326.4,15,34,103,26.5,25,30,65
2023-09,Cihangir,European,premium,72113,2721,82244,302.9,163,54,29,26.5,25,30,65
2023-10,Cihangir,European,premium,71734,2474,78150,301.3,23,28,31,29,42.5,47.5,65
2023-11,Cihangir,European,premium,71962,2481,76541,302.2,102,33,34,29,42.5,47.5,65
2023-12,Cihangir,European,premium,71607,2469,75410,300.7,68,58,22,29,42.5,47.5,65
2024-01,Cihangir,European,premium,84686,2646,97381,355.7,64,21,49,32,50,55,75
2024-02,Cihangir,European,premium,86653,2708,91652,363.9,108,53,83,32,50,55,75
2024-03,Cihangir,European,premium,83184,2599,92010,349.4,169,20,72,32,50,55,75
2024-04,Cihangir,European,premium,84812,2650,93033,356.2,113,59,106,32,50,55,75
2024-05,Cihangir,European,premium,82632,2582,91846,347.1,59,18,73,32,50,55,75
2024-06,Cihangir,European,premium,83563,2611,90042,351,116,31,12,32,50,55,75
2024-07,Cihangir,European,premium,88810,2612,94728,373,169,50,90,34,50,55,49
2024-08,Cihangir,European,premium,89280,2626,98988,375,33,38,22,34,50,55,49
2024-09,Cihangir,European,premium,88956,2616,98213,373.6,107,20,52,34,50,55,49
2024-10,Cihangir,European,premium,92650,2725,97377,389.1,120,72,18,34,50,55,49
2024-11,Cihangir,European,premium,89286,2626,98385,375,77,24,69,34,50,55,49
2024-12,Cihangir,European,premium,91404,2688,105491,383.9,64,64,35,34,50,55,49
2025-01,Cihangir,European,premium,99761,2771,114599,419,53,13,38,36,47.5,52.5,36
2025-02,Cihangir,European,premium,91589,2544,99812,384.7,65,56,112,36,47.5,52.5,36
2025-03,Cihangir,European,premium,96725,2687,108037,406.2,142,23,111,36,47.5,52.5,36
2025-04,Cihangir,European,premium,94359,2621,103383,396.3,26,34,18,36,47.5,52.5,36
2025-05,Cihangir,European,premium,94000,2611,99248,394.8,106,65,64,36,47.5,52.5,36
2025-06,Cihangir,European,premium,93995,2611,100837,394.8,76,70,14,36,47.5,52.5,36
2025-07,Cihangir,European,premium,97809,2680,108381,410.8,170,35,12,36.5,45,50,30
2025-08,Cihangir,European,premium,99739,2733,111495,418.9,51,55,85,36.5,45,50,30
2025-09,Cihangir,European,premium,97336,2667,107810,408.8,19,14,34,36.5,45,50,30
2025-10,Cihangir,European,premium,96332,2639,100705,404.6,172,79,61,36.5,45,50,30
2025-11,Cihangir,European,premium,100384,2750,112079,421.6,51,47,34,36.5,45,50,30
2025-12,Cihangir,European,premium,99957,2739,109981,419.8,21,21,83,36.5,45,50,30
2026-01,Cihangir,European,premium,101171,2772,113836,424.9,118,76,55,36.5,45,50,30
2026-02,Cihangir,European,premium,100988,2767,106294,424.1,148,52,65,36.5,45,50,30
2026-03,Cihangir,European,premium,100824,2762,117581,423.5,111,66,35,36.5,45,50,30
2026-04,Cihangir,European,premium,103428,2834,111186,434.4,135,34,11,36.5,45,50,30
2020-01,Galata/Karaköy,European,premium,3982,642,4359,16.7,120,43,11,6.2,10.75,15.75,11
2020-02,Galata/Karaköy,European,premium,4038,651,4443,17,163,45,117,6.2,10.75,15.75,11
2020-03,Galata/Karaköy,European,premium,4055,654,4603,17,87,41,20,6.2,10.75,15.75,11
2020-04,Galata/Karaköy,European,premium,4654,665,5050,19.5,88,42,71,7,8.25,13.25,11
2020-05,Galata/Karaköy,European,premium,4532,647,4895,19,130,6,43,7,8.25,13.25,11
2020-06,Galata/Karaköy,European,premium,4742,677,5026,19.9,161,9,18,7,8.25,13.25,11
2020-07,Galata/Karaköy,European,premium,4845,692,5343,20.3,80,50,63,7,8.25,13.25,14
2020-08,Galata/Karaköy,European,premium,4805,686,5207,20.2,24,73,87,7,8.25,13.25,14
2020-09,Galata/Karaköy,European,premium,5052,722,5454,21.2,25,30,15,7,8.25,13.25,14
2020-10,Galata/Karaköy,European,premium,6339,845,7059,26.6,125,8,11,7.5,10.25,15.25,14
2020-11,Galata/Karaköy,European,premium,6236,831,6775,26.2,160,50,88,7.5,10.25,15.25,14
2020-12,Galata/Karaköy,European,premium,6584,878,7624,27.7,94,56,77,7.5,10.25,15.25,14
2021-01,Galata/Karaköy,European,premium,8542,1139,9642,35.9,134,27,63,7.5,17,22,19.5
2021-02,Galata/Karaköy,European,premium,8770,1169,9864,36.8,120,25,81,7.5,17,22,19.5
2021-03,Galata/Karaköy,European,premium,8728,1164,9562,36.7,140,38,80,7.5,17,22,19.5
2021-04,Galata/Karaköy,European,premium,8641,1017,9984,36.3,80,71,100,8.5,19,24,19.5
2021-05,Galata/Karaköy,European,premium,8659,1019,9504,36.4,68,31,30,8.5,19,24,19.5
2021-06,Galata/Karaköy,European,premium,8896,1047,9717,37.4,160,51,94,8.5,19,24,19.5
2021-07,Galata/Karaköy,European,premium,12832,1510,14159,53.9,108,19,59,8.5,19,24,19.5
2021-08,Galata/Karaköy,European,premium,13069,1537,13665,54.9,106,58,10,8.5,19,24,19.5
2021-09,Galata/Karaköy,European,premium,12938,1522,14007,54.3,178,60,112,8.5,19,24,19.5
2021-10,Galata/Karaköy,European,premium,13136,1194,14058,55.2,44,33,60,11,14,19,54
2021-11,Galata/Karaköy,European,premium,12466,1133,13815,52.4,37,54,13,11,14,19,54
2021-12,Galata/Karaköy,European,premium,13305,1210,15058,55.9,131,67,107,11,14,19,54
2022-01,Galata/Karaköy,European,premium,25083,1730,27323,105.3,82,45,19,14.5,14,19,54
2022-02,Galata/Karaköy,European,premium,25241,1741,28179,106,33,75,51,14.5,14,19,54
2022-03,Galata/Karaköy,European,premium,25964,1791,29795,109,138,9,101,14.5,14,19,54
2022-04,Galata/Karaköy,European,premium,25302,1488,27856,106.3,117,44,93,17,14,19,80
2022-05,Galata/Karaköy,European,premium,25474,1498,28324,107,75,39,46,17,14,19,80
2022-06,Galata/Karaköy,European,premium,26216,1542,28570,110.1,52,27,34,17,14,19,80
2022-07,Galata/Karaköy,European,premium,40900,2406,44862,171.8,42,72,14,17,12,17,80
2022-08,Galata/Karaköy,European,premium,41670,2451,46174,175,90,62,70,17,12,17,80
2022-09,Galata/Karaköy,European,premium,39124,2301,43531,164.3,41,8,33,17,12,17,80
2022-10,Galata/Karaköy,European,premium,38378,2052,44021,161.2,138,47,17,18.7,9,14,64
2022-11,Galata/Karaköy,European,premium,40681,2175,44120,170.9,69,10,59,18.7,9,14,64
2022-12,Galata/Karaköy,European,premium,40045,2141,43994,168.2,111,52,36,18.7,9,14,64
2023-01,Galata/Karaköy,European,premium,55419,2639,61358,232.8,147,24,85,21,8.5,13.5,39
2023-02,Galata/Karaköy,European,premium,54367,2589,63437,228.3,45,18,71,21,8.5,13.5,39
2023-03,Galata/Karaköy,European,premium,54438,2592,59336,228.6,49,78,31,21,8.5,13.5,39
2023-04,Galata/Karaköy,European,premium,57917,2758,62843,243.3,155,69,86,21,8.5,13.5,39
2023-05,Galata/Karaköy,European,premium,57104,2719,59505,239.8,148,39,86,21,8.5,13.5,39
2023-06,Galata/Karaköy,European,premium,51175,2437,57950,214.9,87,26,63,21,8.5,13.5,39
2023-07,Galata/Karaköy,European,premium,67201,2536,71635,282.2,27,59,27,26.5,25,30,65
2023-08,Galata/Karaköy,European,premium,67512,2548,74235,283.6,83,20,98,26.5,25,30,65
2023-09,Galata/Karaköy,European,premium,68039,2567,78204,285.8,28,58,34,26.5,25,30,65
2023-10,Galata/Karaköy,European,premium,69158,2385,80664,290.5,17,47,101,29,42.5,47.5,65
2023-11,Galata/Karaköy,European,premium,67378,2323,74091,283,86,40,105,29,42.5,47.5,65
2023-12,Galata/Karaköy,European,premium,68673,2368,76807,288.4,149,22,62,29,42.5,47.5,65
2024-01,Galata/Karaköy,European,premium,78749,2461,88829,330.7,178,41,26,32,50,55,75
2024-02,Galata/Karaköy,European,premium,76358,2386,83198,320.7,16,63,16,32,50,55,75
2024-03,Galata/Karaköy,European,premium,79530,2485,92549,334,174,69,104,32,50,55,75
2024-04,Galata/Karaköy,European,premium,78750,2461,87813,330.8,90,35,100,32,50,55,75
2024-05,Galata/Karaköy,European,premium,81029,2532,93613,340.3,105,79,93,32,50,55,75
2024-06,Galata/Karaköy,European,premium,78923,2466,87331,331.5,28,63,100,32,50,55,75
2024-07,Galata/Karaköy,European,premium,81896,2409,87167,344,121,50,44,34,50,55,49
2024-08,Galata/Karaköy,European,premium,82893,2438,88703,348.2,149,36,98,34,50,55,49
2024-09,Galata/Karaköy,European,premium,84435,2483,94194,354.6,177,51,49,34,50,55,49
2024-10,Galata/Karaköy,European,premium,81760,2405,89801,343.4,167,77,117,34,50,55,49
2024-11,Galata/Karaköy,European,premium,82339,2422,93878,345.8,64,32,113,34,50,55,49
2024-12,Galata/Karaköy,European,premium,82361,2422,91668,345.9,124,74,24,34,50,55,49
2025-01,Galata/Karaköy,European,premium,90759,2521,101567,381.2,174,75,35,36,47.5,52.5,36
2025-02,Galata/Karaköy,European,premium,91276,2535,98745,383.4,31,57,76,36,47.5,52.5,36
2025-03,Galata/Karaköy,European,premium,91396,2539,102991,383.9,120,32,14,36,47.5,52.5,36
2025-04,Galata/Karaköy,European,premium,85618,2378,94688,359.6,49,55,95,36,47.5,52.5,36
2025-05,Galata/Karaköy,European,premium,92039,2557,104197,386.6,21,76,100,36,47.5,52.5,36
2025-06,Galata/Karaköy,European,premium,89493,2486,96433,375.9,157,60,27,36,47.5,52.5,36
2025-07,Galata/Karaköy,European,premium,92213,2526,101748,387.3,28,8,27,36.5,45,50,30
2025-08,Galata/Karaköy,European,premium,97589,2674,106665,409.9,106,66,52,36.5,45,50,30
2025-09,Galata/Karaköy,European,premium,96252,2637,105745,404.3,30,11,32,36.5,45,50,30
2025-10,Galata/Karaköy,European,premium,93752,2569,104739,393.8,32,70,69,36.5,45,50,30
2025-11,Galata/Karaköy,European,premium,93931,2573,105265,394.5,86,43,75,36.5,45,50,30
2025-12,Galata/Karaköy,European,premium,90788,2487,101681,381.3,167,65,43,36.5,45,50,30
2026-01,Galata/Karaköy,European,premium,94405,2586,103532,396.5,83,46,10,36.5,45,50,30
2026-02,Galata/Karaköy,European,premium,92762,2541,107456,389.6,38,76,13,36.5,45,50,30
2026-03,Galata/Karaköy,European,premium,97635,2675,103284,410.1,29,71,79,36.5,45,50,30
2026-04,Galata/Karaköy,European,premium,89894,2463,100963,377.6,108,59,99,36.5,45,50,30
2020-01,Şişli,European,premium,3633,586,4135,15.3,41,8,70,6.2,10.75,15.75,11
2020-02,Şişli,European,premium,3464,559,3687,14.5,150,6,51,6.2,10.75,15.75,11
2020-03,Şişli,European,premium,3418,551,3660,14.4,31,5,35,6.2,10.75,15.75,11
2020-04,Şişli,European,premium,4152,593,4605,17.4,52,54,108,7,8.25,13.25,11
2020-05,Şişli,European,premium,4149,593,4410,17.4,25,7,114,7,8.25,13.25,11
2020-06,Şişli,European,premium,4247,607,4651,17.8,106,51,49,7,8.25,13.25,11
2020-07,Şişli,European,premium,4208,601,4672,17.7,110,43,76,7,8.25,13.25,14
2020-08,Şişli,European,premium,4273,610,4435,17.9,75,7,23,7,8.25,13.25,14
2020-09,Şişli,European,premium,4226,604,4527,17.8,61,13,105,7,8.25,13.25,14
2020-10,Şişli,European,premium,5404,721,5798,22.7,90,71,61,7.5,10.25,15.25,14
2020-11,Şişli,European,premium,5682,758,6165,23.9,54,28,58,7.5,10.25,15.25,14
2020-12,Şişli,European,premium,5526,737,6002,23.2,139,42,76,7.5,10.25,15.25,14
2021-01,Şişli,European,premium,7493,999,8513,31.5,62,57,85,7.5,17,22,19.5
2021-02,Şişli,European,premium,7840,1045,8207,32.9,137,52,84,7.5,17,22,19.5
2021-03,Şişli,European,premium,7605,1014,8095,31.9,33,52,48,7.5,17,22,19.5
2021-04,Şişli,European,premium,7608,895,8316,32,72,5,10,8.5,19,24,19.5
2021-05,Şişli,European,premium,7700,906,8325,32.3,152,42,108,8.5,19,24,19.5
2021-06,Şişli,European,premium,7432,874,7864,31.2,75,31,106,8.5,19,24,19.5
2021-07,Şişli,European,premium,11199,1318,12634,47,140,71,40,8.5,19,24,19.5
2021-08,Şişli,European,premium,11219,1320,12891,47.1,143,30,108,8.5,19,24,19.5
2021-09,Şişli,European,premium,11050,1300,11938,46.4,132,56,42,8.5,19,24,19.5
2021-10,Şişli,European,premium,11204,1019,12072,47.1,121,5,36,11,14,19,54
2021-11,Şişli,European,premium,11786,1071,13154,49.5,25,46,97,11,14,19,54
2021-12,Şişli,European,premium,11011,1001,12031,46.2,84,27,94,11,14,19,54
2022-01,Şişli,European,premium,23693,1634,25748,99.5,90,45,48,14.5,14,19,54
2022-02,Şişli,European,premium,22662,1563,24782,95.2,108,71,20,14.5,14,19,54
2022-03,Şişli,European,premium,22799,1572,25678,95.8,165,76,108,14.5,14,19,54
2022-04,Şişli,European,premium,22436,1320,24000,94.2,36,44,109,17,14,19,80
2022-05,Şişli,European,premium,22627,1331,25156,95,43,15,118,17,14,19,80
2022-06,Şişli,European,premium,22395,1317,24438,94.1,122,41,10,17,14,19,80
2022-07,Şişli,European,premium,36093,2123,40768,151.6,131,64,115,17,12,17,80
2022-08,Şişli,European,premium,35920,2113,39795,150.9,173,17,66,17,12,17,80
2022-09,Şişli,European,premium,34167,2010,37512,143.5,137,52,53,17,12,17,80
2022-10,Şişli,European,premium,34145,1826,37736,143.4,51,57,20,18.7,9,14,64
2022-11,Şişli,European,premium,34414,1840,37427,144.5,83,56,38,18.7,9,14,64
2022-12,Şişli,European,premium,34770,1859,37092,146,156,69,59,18.7,9,14,64
2023-01,Şişli,European,premium,47234,2249,51854,198.4,65,73,76,21,8.5,13.5,39
2023-02,Şişli,European,premium,50043,2383,57133,210.2,75,7,16,21,8.5,13.5,39
2023-03,Şişli,European,premium,47152,2245,50360,198,68,16,84,21,8.5,13.5,39
2023-04,Şişli,European,premium,47398,2257,51799,199.1,177,24,38,21,8.5,13.5,39
2023-05,Şişli,European,premium,49146,2340,54011,206.4,18,53,103,21,8.5,13.5,39
2023-06,Şişli,European,premium,48077,2289,52956,201.9,49,47,77,21,8.5,13.5,39
2023-07,Şişli,European,premium,61036,2303,65516,256.4,47,12,31,26.5,25,30,65
2023-08,Şişli,European,premium,62343,2353,70519,261.8,77,65,76,26.5,25,30,65
2023-09,Şişli,European,premium,58888,2222,61406,247.3,120,29,100,26.5,25,30,65
2023-10,Şişli,European,premium,56256,1940,60891,236.3,57,18,52,29,42.5,47.5,65
2023-11,Şişli,European,premium,61381,2117,65707,257.8,88,41,70,29,42.5,47.5,65
2023-12,Şişli,European,premium,60767,2095,64639,255.2,175,26,68,29,42.5,47.5,65
2024-01,Şişli,European,premium,68278,2134,77151,286.8,40,62,20,32,50,55,75
2024-02,Şişli,European,premium,67291,2103,72692,282.6,50,55,118,32,50,55,75
2024-03,Şişli,European,premium,69767,2180,73794,293,167,36,29,32,50,55,75
2024-04,Şişli,European,premium,69654,2177,76843,292.5,122,18,96,32,50,55,75
2024-05,Şişli,European,premium,69372,2168,77390,291.4,56,50,116,32,50,55,75
2024-06,Şişli,European,premium,68316,2135,73114,286.9,58,45,64,32,50,55,75
2024-07,Şişli,European,premium,73238,2154,80321,307.6,178,63,76,34,50,55,49
2024-08,Şişli,European,premium,74293,2185,79131,312,176,68,84,34,50,55,49
2024-09,Şişli,European,premium,73934,2175,83366,310.5,179,57,87,34,50,55,49
2024-10,Şişli,European,premium,72027,2118,82740,302.5,49,11,94,34,50,55,49
2024-11,Şişli,European,premium,75259,2213,82200,316.1,177,50,51,34,50,55,49
2024-12,Şişli,European,premium,76487,2250,86767,321.2,178,79,43,34,50,55,49
2025-01,Şişli,European,premium,79664,2213,91623,334.6,152,42,58,36,47.5,52.5,36
2025-02,Şişli,European,premium,79647,2212,85331,334.5,85,29,11,36,47.5,52.5,36
2025-03,Şişli,European,premium,78283,2175,87168,328.8,43,25,117,36,47.5,52.5,36
2025-04,Şişli,European,premium,76604,2128,87213,321.7,135,9,20,36,47.5,52.5,36
2025-05,Şişli,European,premium,79286,2202,90164,333,131,44,49,36,47.5,52.5,36
2025-06,Şişli,European,premium,80861,2246,91920,339.6,90,8,38,36,47.5,52.5,36
2025-07,Şişli,European,premium,80927,2217,86911,339.9,37,49,96,36.5,45,50,30
2025-08,Şişli,European,premium,81266,2226,84646,341.3,154,45,97,36.5,45,50,30
2025-09,Şişli,European,premium,77282,2117,84590,324.6,106,10,88,36.5,45,50,30
2025-10,Şişli,European,premium,81066,2221,89589,340.5,135,63,49,36.5,45,50,30
2025-11,Şişli,European,premium,82530,2261,90431,346.6,133,43,23,36.5,45,50,30
2025-12,Şişli,European,premium,78519,2151,84736,329.8,34,42,30,36.5,45,50,30
2026-01,Şişli,European,premium,79395,2175,89689,333.5,178,58,25,36.5,45,50,30
2026-02,Şişli,European,premium,82552,2262,92113,346.7,69,18,89,36.5,45,50,30
2026-03,Şişli,European,premium,81595,2235,91419,342.7,58,74,44,36.5,45,50,30
2026-04,Şişli,European,premium,80588,2208,92549,338.5,27,74,106,36.5,45,50,30
2020-01,Mecidiyeköy,European,premium,3250,524,3580,13.6,45,41,103,6.2,10.75,15.75,11
2020-02,Mecidiyeköy,European,premium,3161,510,3458,13.3,32,31,38,6.2,10.75,15.75,11
2020-03,Mecidiyeköy,European,premium,3194,515,3407,13.4,158,56,54,6.2,10.75,15.75,11
2020-04,Mecidiyeköy,European,premium,4140,591,4635,17.4,62,34,105,7,8.25,13.25,11
2020-05,Mecidiyeköy,European,premium,3691,527,4048,15.5,42,16,29,7,8.25,13.25,11
2020-06,Mecidiyeköy,European,premium,3845,549,4125,16.1,111,23,110,7,8.25,13.25,11
2020-07,Mecidiyeköy,European,premium,3906,558,4425,16.4,174,55,15,7,8.25,13.25,14
2020-08,Mecidiyeköy,European,premium,3792,542,4205,15.9,170,25,108,7,8.25,13.25,14
2020-09,Mecidiyeköy,European,premium,3949,564,4502,16.6,162,14,20,7,8.25,13.25,14
2020-10,Mecidiyeköy,European,premium,5115,682,5362,21.5,77,78,46,7.5,10.25,15.25,14
2020-11,Mecidiyeköy,European,premium,5197,693,5516,21.8,166,51,62,7.5,10.25,15.25,14
2020-12,Mecidiyeköy,European,premium,5480,731,6109,23,155,71,16,7.5,10.25,15.25,14
2021-01,Mecidiyeköy,European,premium,7599,1013,8005,31.9,156,75,61,7.5,17,22,19.5
2021-02,Mecidiyeköy,European,premium,7203,960,8189,30.3,60,56,88,7.5,17,22,19.5
2021-03,Mecidiyeköy,European,premium,7128,950,7963,29.9,118,6,89,7.5,17,22,19.5
2021-04,Mecidiyeköy,European,premium,7264,855,7771,30.5,152,34,108,8.5,19,24,19.5
2021-05,Mecidiyeköy,European,premium,7166,843,8145,30.1,130,66,104,8.5,19,24,19.5
2021-06,Mecidiyeköy,European,premium,6974,821,7783,29.3,121,48,96,8.5,19,24,19.5
2021-07,Mecidiyeköy,European,premium,10103,1189,11165,42.4,71,67,75,8.5,19,24,19.5
2021-08,Mecidiyeköy,European,premium,10523,1238,11764,44.2,139,13,38,8.5,19,24,19.5
2021-09,Mecidiyeköy,European,premium,10432,1227,11853,43.8,153,10,35,8.5,19,24,19.5
2021-10,Mecidiyeköy,European,premium,10376,943,11600,43.6,49,30,74,11,14,19,54
2021-11,Mecidiyeköy,European,premium,10044,913,10854,42.2,26,58,117,11,14,19,54
2021-12,Mecidiyeköy,European,premium,10348,941,11573,43.5,26,71,48,11,14,19,54
2022-01,Mecidiyeköy,European,premium,20938,1444,23155,87.9,33,41,43,14.5,14,19,54
2022-02,Mecidiyeköy,European,premium,20151,1390,21989,84.6,81,50,84,14.5,14,19,54
2022-03,Mecidiyeköy,European,premium,20169,1391,21687,84.7,35,61,115,14.5,14,19,54
2022-04,Mecidiyeköy,European,premium,20456,1203,22416,85.9,25,71,12,17,14,19,80
2022-05,Mecidiyeköy,European,premium,20840,1226,23047,87.5,152,48,103,17,14,19,80
2022-06,Mecidiyeköy,European,premium,20905,1230,22502,87.8,61,79,64,17,14,19,80
2022-07,Mecidiyeköy,European,premium,30901,1818,33424,129.8,111,74,28,17,12,17,80
2022-08,Mecidiyeköy,European,premium,31765,1869,34792,133.4,52,78,28,17,12,17,80
2022-09,Mecidiyeköy,European,premium,32939,1938,36363,138.3,77,43,77,17,12,17,80
2022-10,Mecidiyeköy,European,premium,31998,1711,34929,134.4,71,17,53,18.7,9,14,64
2022-11,Mecidiyeköy,European,premium,32153,1719,36067,135,27,78,42,18.7,9,14,64
2022-12,Mecidiyeköy,European,premium,33178,1774,35931,139.3,174,67,113,18.7,9,14,64
2023-01,Mecidiyeköy,European,premium,43077,2051,46256,180.9,78,52,96,21,8.5,13.5,39
2023-02,Mecidiyeköy,European,premium,45012,2143,49732,189.1,101,22,51,21,8.5,13.5,39
2023-03,Mecidiyeköy,European,premium,43186,2056,47556,181.4,133,24,64,21,8.5,13.5,39
2023-04,Mecidiyeköy,European,premium,44465,2117,48710,186.8,158,18,41,21,8.5,13.5,39
2023-05,Mecidiyeköy,European,premium,43183,2056,47116,181.4,115,74,53,21,8.5,13.5,39
2023-06,Mecidiyeköy,European,premium,44118,2101,48876,185.3,20,38,66,21,8.5,13.5,39
2023-07,Mecidiyeköy,European,premium,55436,2092,61909,232.8,71,38,107,26.5,25,30,65
2023-08,Mecidiyeköy,European,premium,53111,2004,57391,223.1,65,23,115,26.5,25,30,65
2023-09,Mecidiyeköy,European,premium,54134,2043,57830,227.4,23,72,35,26.5,25,30,65
2023-10,Mecidiyeköy,European,premium,55904,1928,60850,234.8,32,56,45,29,42.5,47.5,65
2023-11,Mecidiyeköy,European,premium,55661,1919,60966,233.8,132,37,26,29,42.5,47.5,65
2023-12,Mecidiyeköy,European,premium,56330,1942,64883,236.6,132,51,63,29,42.5,47.5,65
2024-01,Mecidiyeköy,European,premium,63596,1987,67480,267.1,166,10,107,32,50,55,75
2024-02,Mecidiyeköy,European,premium,64975,2030,71935,272.9,108,53,64,32,50,55,75
2024-03,Mecidiyeköy,European,premium,67327,2104,71770,282.8,52,57,95,32,50,55,75
2024-04,Mecidiyeköy,European,premium,62828,1963,71077,263.9,130,14,24,32,50,55,75
2024-05,Mecidiyeköy,European,premium,63036,1970,67731,264.8,151,70,114,32,50,55,75
2024-06,Mecidiyeköy,European,premium,65152,2036,71387,273.6,91,9,40,32,50,55,75
2024-07,Mecidiyeköy,European,premium,71374,2099,77065,299.8,119,16,118,34,50,55,49
2024-08,Mecidiyeköy,European,premium,70153,2063,79126,294.6,100,54,35,34,50,55,49
2024-09,Mecidiyeköy,European,premium,65873,1937,71728,276.7,139,7,91,34,50,55,49
2024-10,Mecidiyeköy,European,premium,65824,1936,73167,276.5,97,46,84,34,50,55,49
2024-11,Mecidiyeköy,European,premium,69384,2041,78771,291.4,58,10,101,34,50,55,49
2024-12,Mecidiyeköy,European,premium,69245,2037,80029,290.8,42,16,44,34,50,55,49
2025-01,Mecidiyeköy,European,premium,75450,2096,79935,316.9,92,78,59,36,47.5,52.5,36
2025-02,Mecidiyeköy,European,premium,70267,1952,76923,295.1,146,40,114,36,47.5,52.5,36
2025-03,Mecidiyeköy,European,premium,72406,2011,78006,304.1,113,39,53,36,47.5,52.5,36
2025-04,Mecidiyeköy,European,premium,74530,2070,80654,313,33,23,74,36,47.5,52.5,36
2025-05,Mecidiyeköy,European,premium,71100,1975,77103,298.6,93,39,57,36,47.5,52.5,36
2025-06,Mecidiyeköy,European,premium,73081,2030,77399,306.9,25,75,57,36,47.5,52.5,36
2025-07,Mecidiyeköy,European,premium,77390,2120,84715,325,90,30,107,36.5,45,50,30
2025-08,Mecidiyeköy,European,premium,75794,2077,83174,318.3,21,36,36,36.5,45,50,30
2025-09,Mecidiyeköy,European,premium,76507,2096,83777,321.3,26,62,86,36.5,45,50,30
2025-10,Mecidiyeköy,European,premium,79650,2182,86140,334.5,179,47,115,36.5,45,50,30
2025-11,Mecidiyeköy,European,premium,75664,2073,86270,317.8,39,62,13,36.5,45,50,30
2025-12,Mecidiyeköy,European,premium,77860,2133,85078,327,107,76,78,36.5,45,50,30
2026-01,Mecidiyeköy,European,premium,74239,2034,82544,311.8,137,12,26,36.5,45,50,30
2026-02,Mecidiyeköy,European,premium,77904,2134,84679,327.2,54,76,29,36.5,45,50,30
2026-03,Mecidiyeköy,European,premium,78662,2155,81142,330.4,50,20,49,36.5,45,50,30
2026-04,Mecidiyeköy,European,premium,76564,2098,81987,321.6,92,8,81,36.5,45,50,30
2020-01,Bomonti,European,premium,3777,609,4196,15.9,15,60,57,6.2,10.75,15.75,11
2020-02,Bomonti,European,premium,3752,605,3936,15.8,16,22,113,6.2,10.75,15.75,11
2020-03,Bomonti,European,premium,3762,607,4112,15.8,161,16,101,6.2,10.75,15.75,11
2020-04,Bomonti,European,premium,4543,649,4934,19.1,73,46,118,7,8.25,13.25,11
2020-05,Bomonti,European,premium,4488,641,5022,18.9,50,17,53,7,8.25,13.25,11
2020-06,Bomonti,European,premium,4495,642,5039,18.9,86,34,20,7,8.25,13.25,11
2020-07,Bomonti,European,premium,4573,653,5203,19.2,67,75,43,7,8.25,13.25,14
2020-08,Bomonti,European,premium,4405,629,4993,18.5,43,76,113,7,8.25,13.25,14
2020-09,Bomonti,European,premium,4406,629,4989,18.5,141,17,40,7,8.25,13.25,14
2020-10,Bomonti,European,premium,6123,816,6243,25.7,154,5,26,7.5,10.25,15.25,14
2020-11,Bomonti,European,premium,6125,817,6793,25.7,25,40,63,7.5,10.25,15.25,14
2020-12,Bomonti,European,premium,5776,770,6391,24.3,87,59,23,7.5,10.25,15.25,14
2021-01,Bomonti,European,premium,8460,1128,9412,35.5,174,73,55,7.5,17,22,19.5
2021-02,Bomonti,European,premium,8223,1096,8719,34.5,40,45,113,7.5,17,22,19.5
2021-03,Bomonti,European,premium,8242,1099,9079,34.6,84,12,46,7.5,17,22,19.5
2021-04,Bomonti,European,premium,8348,982,9153,35.1,164,18,83,8.5,19,24,19.5
2021-05,Bomonti,European,premium,8497,1000,9393,35.7,83,30,112,8.5,19,24,19.5
2021-06,Bomonti,European,premium,7977,938,8490,33.5,72,40,22,8.5,19,24,19.5
2021-07,Bomonti,European,premium,12185,1434,13566,51.2,34,20,101,8.5,19,24,19.5
2021-08,Bomonti,European,premium,11912,1401,13036,50,44,36,44,8.5,19,24,19.5
2021-09,Bomonti,European,premium,12468,1467,13711,52.4,155,49,29,8.5,19,24,19.5
2021-10,Bomonti,European,premium,12422,1129,14007,52.2,132,52,118,11,14,19,54
2021-11,Bomonti,European,premium,12400,1127,12730,52.1,156,77,32,11,14,19,54
2021-12,Bomonti,European,premium,11771,1070,12732,49.4,149,64,102,11,14,19,54
2022-01,Bomonti,European,premium,22972,1584,24914,96.5,125,31,23,14.5,14,19,54
2022-02,Bomonti,European,premium,24402,1683,26208,102.5,42,9,92,14.5,14,19,54
2022-03,Bomonti,European,premium,24532,1692,27673,103,145,43,17,14.5,14,19,54
2022-04,Bomonti,European,premium,23235,1367,26683,97.6,157,79,10,17,14,19,80
2022-05,Bomonti,European,premium,24233,1425,27734,101.8,35,28,72,17,14,19,80
2022-06,Bomonti,European,premium,24612,1448,28519,103.4,169,51,94,17,14,19,80
2022-07,Bomonti,European,premium,35262,2074,37651,148.1,15,17,50,17,12,17,80
2022-08,Bomonti,European,premium,36181,2128,39803,152,52,48,95,17,12,17,80
2022-09,Bomonti,European,premium,37078,2181,39516,155.7,66,18,80,17,12,17,80
2022-10,Bomonti,European,premium,37765,2020,42373,158.6,156,38,97,18.7,9,14,64
2022-11,Bomonti,European,premium,36795,1968,40534,154.5,101,79,103,18.7,9,14,64
2022-12,Bomonti,European,premium,36666,1961,41935,154,73,78,27,18.7,9,14,64
2023-01,Bomonti,European,premium,52410,2496,57889,220.1,123,23,93,21,8.5,13.5,39
2023-02,Bomonti,European,premium,51244,2440,56954,215.2,103,27,43,21,8.5,13.5,39
2023-03,Bomonti,European,premium,52392,2495,55727,220,78,48,35,21,8.5,13.5,39
2023-04,Bomonti,European,premium,52284,2490,57458,219.6,85,79,116,21,8.5,13.5,39
2023-05,Bomonti,European,premium,50939,2426,55193,213.9,160,51,40,21,8.5,13.5,39
2023-06,Bomonti,European,premium,51574,2456,58485,216.6,165,11,24,21,8.5,13.5,39
2023-07,Bomonti,European,premium,65724,2480,75938,276,37,69,64,26.5,25,30,65
2023-08,Bomonti,European,premium,61758,2330,66107,259.4,172,31,100,26.5,25,30,65
2023-09,Bomonti,European,premium,63781,2407,68387,267.9,110,24,90,26.5,25,30,65
2023-10,Bomonti,European,premium,64358,2219,72311,270.3,86,79,76,29,42.5,47.5,65
2023-11,Bomonti,European,premium,62813,2166,70311,263.8,81,29,52,29,42.5,47.5,65
2023-12,Bomonti,European,premium,64541,2226,68317,271.1,156,65,47,29,42.5,47.5,65
2024-01,Bomonti,European,premium,72633,2270,81131,305.1,88,22,68,32,50,55,75
2024-02,Bomonti,European,premium,76162,2380,86883,319.9,98,18,69,32,50,55,75
2024-03,Bomonti,European,premium,73151,2286,79111,307.2,26,39,67,32,50,55,75
2024-04,Bomonti,European,premium,77039,2407,84850,323.6,68,28,91,32,50,55,75
2024-05,Bomonti,European,premium,71031,2220,77405,298.3,104,13,99,32,50,55,75
2024-06,Bomonti,European,premium,72057,2252,81663,302.6,129,77,59,32,50,55,75
2024-07,Bomonti,European,premium,77552,2281,86920,325.7,142,20,22,34,50,55,49
2024-08,Bomonti,European,premium,79811,2347,87001,335.2,61,9,79,34,50,55,49
2024-09,Bomonti,European,premium,76655,2255,84725,321.9,24,67,103,34,50,55,49
2024-10,Bomonti,European,premium,76294,2244,83131,320.4,30,47,62,34,50,55,49
2024-11,Bomonti,European,premium,72721,2139,76714,305.4,47,62,39,34,50,55,49
2024-12,Bomonti,European,premium,79446,2337,85563,333.7,127,69,40,34,50,55,49
2025-01,Bomonti,European,premium,82979,2305,92830,348.5,51,68,49,36,47.5,52.5,36
2025-02,Bomonti,European,premium,83029,2306,91236,348.7,142,10,53,36,47.5,52.5,36
2025-03,Bomonti,European,premium,84664,2352,95077,355.6,105,71,81,36,47.5,52.5,36
2025-04,Bomonti,European,premium,82314,2286,90734,345.7,156,30,18,36,47.5,52.5,36
2025-05,Bomonti,European,premium,83432,2318,88922,350.4,81,31,104,36,47.5,52.5,36
2025-06,Bomonti,European,premium,87562,2432,98097,367.8,150,79,31,36,47.5,52.5,36
2025-07,Bomonti,European,premium,90443,2478,97948,379.9,68,67,11,36.5,45,50,30
2025-08,Bomonti,European,premium,88445,2423,100490,371.5,83,40,106,36.5,45,50,30
2025-09,Bomonti,European,premium,85976,2356,96324,361.1,151,50,39,36.5,45,50,30
2025-10,Bomonti,European,premium,86247,2363,98625,362.2,65,10,39,36.5,45,50,30
2025-11,Bomonti,European,premium,88288,2419,94978,370.8,40,59,14,36.5,45,50,30
2025-12,Bomonti,European,premium,89182,2443,95646,374.6,116,35,76,36.5,45,50,30
2026-01,Bomonti,European,premium,86052,2358,95889,361.4,162,73,39,36.5,45,50,30
2026-02,Bomonti,European,premium,88804,2433,94818,373,150,11,84,36.5,45,50,30
2026-03,Bomonti,European,premium,88341,2420,102853,371,26,30,104,36.5,45,50,30
2026-04,Bomonti,European,premium,92077,2523,100518,386.7,49,79,23,36.5,45,50,30
2020-01,Bakırköy,European,premium,3050,492,3411,12.8,179,73,49,6.2,10.75,15.75,11
2020-02,Bakırköy,European,premium,2990,482,3336,12.6,47,18,44,6.2,10.75,15.75,11
2020-03,Bakırköy,European,premium,2970,479,3280,12.5,99,29,93,6.2,10.75,15.75,11
2020-04,Bakırköy,European,premium,3733,533,4083,15.7,24,61,106,7,8.25,13.25,11
2020-05,Bakırköy,European,premium,3614,516,4082,15.2,30,27,60,7,8.25,13.25,11
2020-06,Bakırköy,European,premium,3509,501,3867,14.7,15,76,25,7,8.25,13.25,11
2020-07,Bakırköy,European,premium,3597,514,3995,15.1,156,79,65,7,8.25,13.25,14
2020-08,Bakırköy,European,premium,3607,515,3940,15.1,132,38,70,7,8.25,13.25,14
2020-09,Bakırköy,European,premium,3738,534,4078,15.7,53,75,43,7,8.25,13.25,14
2020-10,Bakırköy,European,premium,4805,641,5189,20.2,89,43,105,7.5,10.25,15.25,14
2020-11,Bakırköy,European,premium,4630,617,5478,19.4,84,20,56,7.5,10.25,15.25,14
2020-12,Bakırköy,European,premium,4947,660,5417,20.8,120,20,18,7.5,10.25,15.25,14
2021-01,Bakırköy,European,premium,6384,851,6492,26.8,148,25,65,7.5,17,22,19.5
2021-02,Bakırköy,European,premium,6672,890,7413,28,73,21,32,7.5,17,22,19.5
2021-03,Bakırköy,European,premium,6498,866,7236,27.3,122,32,104,7.5,17,22,19.5
2021-04,Bakırköy,European,premium,6637,781,7460,27.9,28,13,87,8.5,19,24,19.5
2021-05,Bakırköy,European,premium,6699,788,7412,28.1,149,60,115,8.5,19,24,19.5
2021-06,Bakırköy,European,premium,6582,774,7332,27.6,60,6,28,8.5,19,24,19.5
2021-07,Bakırköy,European,premium,9666,1137,10721,40.6,174,56,76,8.5,19,24,19.5
2021-08,Bakırköy,European,premium,9608,1130,10653,40.4,175,61,22,8.5,19,24,19.5
2021-09,Bakırköy,European,premium,9458,1113,10552,39.7,155,37,17,8.5,19,24,19.5
2021-10,Bakırköy,European,premium,9912,901,10838,41.6,31,60,25,11,14,19,54
2021-11,Bakırköy,European,premium,9494,863,10677,39.9,71,24,29,11,14,19,54
2021-12,Bakırköy,European,premium,9590,872,10394,40.3,113,43,73,11,14,19,54
2022-01,Bakırköy,European,premium,19771,1364,21615,83,150,53,115,14.5,14,19,54
2022-02,Bakırköy,European,premium,19212,1325,20317,80.7,53,67,66,14.5,14,19,54
2022-03,Bakırköy,European,premium,19068,1315,21973,80.1,157,61,50,14.5,14,19,54
2022-04,Bakırköy,European,premium,18965,1116,21470,79.7,151,10,69,17,14,19,80
2022-05,Bakırköy,European,premium,19037,1120,21012,80,154,70,48,17,14,19,80
2022-06,Bakırköy,European,premium,20027,1178,23705,84.1,85,18,36,17,14,19,80
2022-07,Bakırköy,European,premium,29496,1735,31489,123.9,152,68,24,17,12,17,80
2022-08,Bakırköy,European,premium,29771,1751,32208,125,138,6,28,17,12,17,80
2022-09,Bakırköy,European,premium,29694,1747,31392,124.7,146,23,61,17,12,17,80
2022-10,Bakırköy,European,premium,28340,1516,29211,119,124,75,73,18.7,9,14,64
2022-11,Bakırköy,European,premium,30194,1615,32520,126.8,172,5,12,18.7,9,14,64
2022-12,Bakırköy,European,premium,29823,1595,31450,125.3,28,39,53,18.7,9,14,64
2023-01,Bakırköy,European,premium,39472,1880,43518,165.8,22,71,79,21,8.5,13.5,39
2023-02,Bakırköy,European,premium,40043,1907,46297,168.2,66,20,34,21,8.5,13.5,39
2023-03,Bakırköy,European,premium,40764,1941,45679,171.2,58,16,91,21,8.5,13.5,39
2023-04,Bakırköy,European,premium,41054,1955,44672,172.4,154,44,63,21,8.5,13.5,39
2023-05,Bakırköy,European,premium,40803,1943,44026,171.4,98,77,103,21,8.5,13.5,39
2023-06,Bakırköy,European,premium,40706,1938,46053,171,111,44,109,21,8.5,13.5,39
2023-07,Bakırköy,European,premium,52996,2000,58575,222.6,115,46,22,26.5,25,30,65
2023-08,Bakırköy,European,premium,51327,1937,55342,215.6,17,24,53,26.5,25,30,65
2023-09,Bakırköy,European,premium,50154,1893,55904,210.6,41,40,33,26.5,25,30,65
2023-10,Bakırköy,European,premium,51789,1786,57323,217.5,141,54,56,29,42.5,47.5,65
2023-11,Bakırköy,European,premium,51093,1762,54417,214.6,114,68,19,29,42.5,47.5,65
2023-12,Bakırköy,European,premium,49756,1716,55193,209,118,62,61,29,42.5,47.5,65
2024-01,Bakırköy,European,premium,58365,1824,64367,245.1,153,33,12,32,50,55,75
2024-02,Bakırköy,European,premium,60448,1889,67067,253.9,95,7,23,32,50,55,75
2024-03,Bakırköy,European,premium,59538,1861,63277,250.1,128,69,68,32,50,55,75
2024-04,Bakırköy,European,premium,58418,1826,63693,245.4,89,72,14,32,50,55,75
2024-05,Bakırköy,European,premium,57602,1800,64097,241.9,65,34,60,32,50,55,75
2024-06,Bakırköy,European,premium,57348,1792,61760,240.9,136,57,88,32,50,55,75
2024-07,Bakırköy,European,premium,63412,1865,72626,266.3,68,44,42,34,50,55,49
2024-08,Bakırköy,European,premium,65395,1923,72364,274.7,173,50,11,34,50,55,49
2024-09,Bakırköy,European,premium,61968,1823,65100,260.3,175,54,46,34,50,55,49
2024-10,Bakırköy,European,premium,59871,1761,62311,251.5,147,56,98,34,50,55,49
2024-11,Bakırköy,European,premium,61037,1795,68032,256.4,114,76,17,34,50,55,49
2024-12,Bakırköy,European,premium,63614,1871,68857,267.2,119,62,48,34,50,55,49
2025-01,Bakırköy,European,premium,67790,1883,75664,284.7,27,63,25,36,47.5,52.5,36
2025-02,Bakırköy,European,premium,67685,1880,76239,284.3,128,23,62,36,47.5,52.5,36
2025-03,Bakırköy,European,premium,66112,1836,70232,277.7,164,16,43,36,47.5,52.5,36
2025-04,Bakırköy,European,premium,68940,1915,74103,289.5,164,36,42,36,47.5,52.5,36
2025-05,Bakırköy,European,premium,66827,1856,75647,280.7,114,65,48,36,47.5,52.5,36
2025-06,Bakırköy,European,premium,66527,1848,72902,279.4,125,77,106,36,47.5,52.5,36
2025-07,Bakırköy,European,premium,69599,1907,74797,292.3,105,47,13,36.5,45,50,30
2025-08,Bakırköy,European,premium,72374,1983,78103,304,28,51,55,36.5,45,50,30
2025-09,Bakırköy,European,premium,70436,1930,78376,295.8,74,48,69,36.5,45,50,30
2025-10,Bakırköy,European,premium,68445,1875,75660,287.5,15,56,55,36.5,45,50,30
2025-11,Bakırköy,European,premium,73825,2023,79149,310.1,91,48,53,36.5,45,50,30
2025-12,Bakırköy,European,premium,73988,2027,81282,310.8,150,23,88,36.5,45,50,30
2026-01,Bakırköy,European,premium,72166,1977,76255,303.1,60,16,15,36.5,45,50,30
2026-02,Bakırköy,European,premium,72288,1980,76115,303.6,120,42,115,36.5,45,50,30
2026-03,Bakırköy,European,premium,68184,1868,73256,286.4,134,8,62,36.5,45,50,30
2026-04,Bakırköy,European,premium,74397,2038,81223,312.5,16,10,50,36.5,45,50,30
2020-01,Yeşilköy,European,premium,3658,590,4104,15.4,33,35,38,6.2,10.75,15.75,11
2020-02,Yeşilköy,European,premium,3777,609,4182,15.9,126,49,53,6.2,10.75,15.75,11
2020-03,Yeşilköy,European,premium,3863,623,4205,16.2,136,78,102,6.2,10.75,15.75,11
2020-04,Yeşilköy,European,premium,4286,612,4704,18,177,63,73,7,8.25,13.25,11
2020-05,Yeşilköy,European,premium,4479,640,4816,18.8,116,30,66,7,8.25,13.25,11
2020-06,Yeşilköy,European,premium,4572,653,4964,19.2,90,67,33,7,8.25,13.25,11
2020-07,Yeşilköy,European,premium,4549,650,4828,19.1,164,12,97,7,8.25,13.25,14
2020-08,Yeşilköy,European,premium,4513,645,4832,19,96,47,96,7,8.25,13.25,14
2020-09,Yeşilköy,European,premium,4568,653,4957,19.2,99,20,118,7,8.25,13.25,14
2020-10,Yeşilköy,European,premium,6103,814,6626,25.6,153,50,28,7.5,10.25,15.25,14
2020-11,Yeşilköy,European,premium,5843,779,6724,24.5,110,58,41,7.5,10.25,15.25,14
2020-12,Yeşilköy,European,premium,5983,798,6582,25.1,18,19,11,7.5,10.25,15.25,14
2021-01,Yeşilköy,European,premium,7956,1061,8892,33.4,164,15,89,7.5,17,22,19.5
2021-02,Yeşilköy,European,premium,8206,1094,8978,34.5,148,36,70,7.5,17,22,19.5
2021-03,Yeşilköy,European,premium,8557,1141,9387,35.9,157,36,80,7.5,17,22,19.5
2021-04,Yeşilköy,European,premium,8462,996,9167,35.5,58,76,15,8.5,19,24,19.5
2021-05,Yeşilköy,European,premium,8089,952,9044,34,176,14,105,8.5,19,24,19.5
2021-06,Yeşilköy,European,premium,8378,986,9470,35.2,162,73,29,8.5,19,24,19.5
2021-07,Yeşilköy,European,premium,12542,1476,13588,52.7,76,78,67,8.5,19,24,19.5
2021-08,Yeşilköy,European,premium,12397,1458,13640,52.1,59,47,112,8.5,19,24,19.5
2021-09,Yeşilköy,European,premium,12204,1436,13201,51.3,151,55,27,8.5,19,24,19.5
2021-10,Yeşilköy,European,premium,11933,1085,12548,50.1,120,34,39,11,14,19,54
2021-11,Yeşilköy,European,premium,11861,1078,13543,49.8,175,68,86,11,14,19,54
2021-12,Yeşilköy,European,premium,11908,1083,12970,50,133,41,36,11,14,19,54
2022-01,Yeşilköy,European,premium,24792,1710,27287,104.1,161,54,70,14.5,14,19,54
2022-02,Yeşilköy,European,premium,25311,1746,27016,106.3,165,58,60,14.5,14,19,54
2022-03,Yeşilköy,European,premium,24413,1684,26338,102.5,140,33,76,14.5,14,19,54
2022-04,Yeşilköy,European,premium,23140,1361,25641,97.2,143,69,108,17,14,19,80
2022-05,Yeşilköy,European,premium,24389,1435,25852,102.4,93,16,95,17,14,19,80
2022-06,Yeşilköy,European,premium,24008,1412,25426,100.8,19,49,87,17,14,19,80
2022-07,Yeşilköy,European,premium,38659,2274,43001,162.4,102,14,100,17,12,17,80
2022-08,Yeşilköy,European,premium,38888,2288,44136,163.3,24,68,77,17,12,17,80
2022-09,Yeşilköy,European,premium,38380,2258,39591,161.2,28,14,69,17,12,17,80
2022-10,Yeşilköy,European,premium,37832,2023,44097,158.9,115,63,94,18.7,9,14,64
2022-11,Yeşilköy,European,premium,37311,1995,41804,156.7,167,40,19,18.7,9,14,64
2022-12,Yeşilköy,European,premium,37308,1995,40338,156.7,75,50,25,18.7,9,14,64
2023-01,Yeşilköy,European,premium,49782,2371,54950,209.1,25,27,78,21,8.5,13.5,39
2023-02,Yeşilköy,European,premium,53242,2535,55829,223.6,95,42,90,21,8.5,13.5,39
2023-03,Yeşilköy,European,premium,50811,2420,54772,213.4,136,72,84,21,8.5,13.5,39
2023-04,Yeşilköy,European,premium,53338,2540,57356,224,154,66,24,21,8.5,13.5,39
2023-05,Yeşilköy,European,premium,50716,2415,57214,213,28,57,77,21,8.5,13.5,39
2023-06,Yeşilköy,European,premium,52073,2480,58200,218.7,137,23,22,21,8.5,13.5,39
2023-07,Yeşilköy,European,premium,65715,2480,69983,276,67,78,24,26.5,25,30,65
2023-08,Yeşilköy,European,premium,66022,2491,73467,277.3,31,5,103,26.5,25,30,65
2023-09,Yeşilköy,European,premium,66261,2500,71516,278.3,147,58,104,26.5,25,30,65
2023-10,Yeşilköy,European,premium,62012,2138,66703,260.5,127,77,86,29,42.5,47.5,65
2023-11,Yeşilköy,European,premium,63166,2178,71583,265.3,52,5,116,29,42.5,47.5,65
2023-12,Yeşilköy,European,premium,63284,2182,71088,265.8,24,60,64,29,42.5,47.5,65
2024-01,Yeşilköy,European,premium,73595,2300,81740,309.1,149,78,23,32,50,55,75
2024-02,Yeşilköy,European,premium,72244,2258,77722,303.4,15,22,34,32,50,55,75
2024-03,Yeşilköy,European,premium,73715,2304,81772,309.6,41,18,73,32,50,55,75
2024-04,Yeşilköy,European,premium,77523,2423,82929,325.6,83,6,117,32,50,55,75
2024-05,Yeşilköy,European,premium,75451,2358,82608,316.9,141,50,95,32,50,55,75
2024-06,Yeşilköy,European,premium,73746,2305,81491,309.7,172,11,71,32,50,55,75
2024-07,Yeşilköy,European,premium,76163,2240,84505,319.9,90,49,72,34,50,55,49
2024-08,Yeşilköy,European,premium,79211,2330,84810,332.7,157,46,92,34,50,55,49
2024-09,Yeşilköy,European,premium,76918,2262,86072,323.1,67,79,83,34,50,55,49
2024-10,Yeşilköy,European,premium,80031,2354,90263,336.1,86,54,31,34,50,55,49
2024-11,Yeşilköy,European,premium,79969,2352,87536,335.9,50,16,23,34,50,55,49
2024-12,Yeşilköy,European,premium,76896,2262,88891,323,106,59,29,34,50,55,49
2025-01,Yeşilköy,European,premium,80915,2248,89621,339.8,115,25,57,36,47.5,52.5,36
2025-02,Yeşilköy,European,premium,84305,2342,87357,354.1,20,36,119,36,47.5,52.5,36
2025-03,Yeşilköy,European,premium,82639,2296,90834,347.1,86,39,59,36,47.5,52.5,36
2025-04,Yeşilköy,European,premium,83350,2315,89123,350.1,40,68,45,36,47.5,52.5,36
2025-05,Yeşilköy,European,premium,82418,2289,89089,346.2,76,50,16,36,47.5,52.5,36
2025-06,Yeşilköy,European,premium,82617,2295,96646,347,127,58,60,36,47.5,52.5,36
2025-07,Yeşilköy,European,premium,90740,2486,98104,381.1,21,23,53,36.5,45,50,30
2025-08,Yeşilköy,European,premium,90208,2471,102614,378.9,171,76,51,36.5,45,50,30
2025-09,Yeşilköy,European,premium,87237,2390,94654,366.4,112,9,47,36.5,45,50,30
2025-10,Yeşilköy,European,premium,89378,2449,92896,375.4,164,75,83,36.5,45,50,30
2025-11,Yeşilköy,European,premium,85290,2337,96790,358.2,85,77,109,36.5,45,50,30
2025-12,Yeşilköy,European,premium,91650,2511,102646,384.9,90,38,102,36.5,45,50,30
2026-01,Yeşilköy,European,premium,89614,2455,101002,376.4,163,7,74,36.5,45,50,30
2026-02,Yeşilköy,European,premium,85809,2351,93290,360.4,145,44,16,36.5,45,50,30
2026-03,Yeşilköy,European,premium,90785,2487,97546,381.3,58,40,100,36.5,45,50,30
2026-04,Yeşilköy,European,premium,85118,2332,94273,357.5,62,78,40,36.5,45,50,30
2020-01,Florya,European,premium,4021,649,4558,16.9,70,11,38,6.2,10.75,15.75,11
2020-02,Florya,European,premium,4182,674,4792,17.6,36,46,58,6.2,10.75,15.75,11
2020-03,Florya,European,premium,3968,640,4252,16.7,60,8,53,6.2,10.75,15.75,11
2020-04,Florya,European,premium,4831,690,5038,20.3,122,28,13,7,8.25,13.25,11
2020-05,Florya,European,premium,4873,696,5239,20.5,49,76,68,7,8.25,13.25,11
2020-06,Florya,European,premium,4521,646,5019,19,54,61,13,7,8.25,13.25,11
2020-07,Florya,European,premium,4816,688,5069,20.2,105,27,31,7,8.25,13.25,14
2020-08,Florya,European,premium,4819,688,5325,20.2,59,57,47,7,8.25,13.25,14
2020-09,Florya,European,premium,4926,704,5722,20.7,40,34,76,7,8.25,13.25,14
2020-10,Florya,European,premium,6244,833,7159,26.2,166,78,110,7.5,10.25,15.25,14
2020-11,Florya,European,premium,6300,840,7039,26.5,141,72,21,7.5,10.25,15.25,14
2020-12,Florya,European,premium,6235,831,6919,26.2,46,27,85,7.5,10.25,15.25,14
2021-01,Florya,European,premium,9117,1216,9916,38.3,173,15,69,7.5,17,22,19.5
2021-02,Florya,European,premium,8593,1146,9233,36.1,123,63,90,7.5,17,22,19.5
2021-03,Florya,European,premium,8465,1129,9308,35.6,25,25,38,7.5,17,22,19.5
2021-04,Florya,European,premium,8714,1025,9430,36.6,30,56,57,8.5,19,24,19.5
2021-05,Florya,European,premium,8590,1011,9703,36.1,141,64,66,8.5,19,24,19.5
2021-06,Florya,European,premium,8291,975,9169,34.8,98,6,19,8.5,19,24,19.5
2021-07,Florya,European,premium,12780,1504,14044,53.7,50,8,25,8.5,19,24,19.5
2021-08,Florya,European,premium,13037,1534,13876,54.8,36,69,39,8.5,19,24,19.5
2021-09,Florya,European,premium,13495,1588,14886,56.7,163,24,112,8.5,19,24,19.5
2021-10,Florya,European,premium,12892,1172,14265,54.1,159,49,76,11,14,19,54
2021-11,Florya,European,premium,12711,1156,14712,53.4,42,74,50,11,14,19,54
2021-12,Florya,European,premium,12860,1169,14245,54,75,55,81,11,14,19,54
2022-01,Florya,European,premium,24988,1723,27212,104.9,27,46,98,14.5,14,19,54
2022-02,Florya,European,premium,26205,1807,29153,110.1,120,13,87,14.5,14,19,54
2022-03,Florya,European,premium,26140,1803,28926,109.8,116,10,40,14.5,14,19,54
2022-04,Florya,European,premium,25170,1481,28741,105.7,147,57,87,17,14,19,80
2022-05,Florya,European,premium,24781,1458,27723,104.1,67,51,44,17,14,19,80
2022-06,Florya,European,premium,25711,1512,27807,108,152,47,48,17,14,19,80
2022-07,Florya,European,premium,38986,2293,41866,163.7,18,77,110,17,12,17,80
2022-08,Florya,European,premium,39923,2348,43967,167.7,75,45,96,17,12,17,80
2022-09,Florya,European,premium,40860,2404,42955,171.6,89,20,61,17,12,17,80
2022-10,Florya,European,premium,41056,2196,45902,172.4,94,19,81,18.7,9,14,64
2022-11,Florya,European,premium,40022,2140,46310,168.1,142,14,40,18.7,9,14,64
2022-12,Florya,European,premium,38690,2069,43902,162.5,104,23,86,18.7,9,14,64
2023-01,Florya,European,premium,53613,2553,60686,225.2,49,29,42,21,8.5,13.5,39
2023-02,Florya,European,premium,51602,2457,54693,216.7,82,15,98,21,8.5,13.5,39
2023-03,Florya,European,premium,54806,2610,58964,230.2,147,37,105,21,8.5,13.5,39
2023-04,Florya,European,premium,55882,2661,64906,234.7,154,72,109,21,8.5,13.5,39
2023-05,Florya,European,premium,52916,2520,57828,222.2,167,35,110,21,8.5,13.5,39
2023-06,Florya,European,premium,54668,2603,60428,229.6,101,30,32,21,8.5,13.5,39
2023-07,Florya,European,premium,68734,2594,75053,288.7,126,41,40,26.5,25,30,65
2023-08,Florya,European,premium,68753,2594,76578,288.8,157,49,100,26.5,25,30,65
2023-09,Florya,European,premium,67158,2534,75637,282.1,55,63,77,26.5,25,30,65
2023-10,Florya,European,premium,66718,2301,68910,280.2,39,74,90,29,42.5,47.5,65
2023-11,Florya,European,premium,69894,2410,76565,293.6,95,62,59,29,42.5,47.5,65
2023-12,Florya,European,premium,67113,2314,75421,281.9,87,67,49,29,42.5,47.5,65
2024-01,Florya,European,premium,78136,2442,87180,328.2,134,65,62,32,50,55,75
2024-02,Florya,European,premium,75533,2360,82683,317.2,24,41,86,32,50,55,75
2024-03,Florya,European,premium,75650,2364,87622,317.7,172,39,100,32,50,55,75
2024-04,Florya,European,premium,79741,2492,90614,334.9,82,74,117,32,50,55,75
2024-05,Florya,European,premium,76721,2398,86411,322.2,95,79,25,32,50,55,75
2024-06,Florya,European,premium,78204,2444,87759,328.5,90,37,57,32,50,55,75
2024-07,Florya,European,premium,81376,2393,90841,341.8,107,26,15,34,50,55,49
2024-08,Florya,European,premium,87027,2560,96307,365.5,65,29,58,34,50,55,49
2024-09,Florya,European,premium,83414,2453,91957,350.3,73,28,51,34,50,55,49
2024-10,Florya,European,premium,83025,2442,89314,348.7,86,72,48,34,50,55,49
2024-11,Florya,European,premium,83443,2454,95262,350.5,152,67,33,34,50,55,49
2024-12,Florya,European,premium,85334,2510,99090,358.4,112,67,38,34,50,55,49
2025-01,Florya,European,premium,92739,2576,102529,389.5,167,79,79,36,47.5,52.5,36
2025-02,Florya,European,premium,86403,2400,95661,362.9,168,25,83,36,47.5,52.5,36
2025-03,Florya,European,premium,91776,2549,95791,385.5,76,38,92,36,47.5,52.5,36
2025-04,Florya,European,premium,87397,2428,93016,367.1,96,74,93,36,47.5,52.5,36
2025-05,Florya,European,premium,89965,2499,98091,377.9,82,6,28,36,47.5,52.5,36
2025-06,Florya,European,premium,92107,2559,104722,386.8,128,51,99,36,47.5,52.5,36
2025-07,Florya,European,premium,91726,2513,100997,385.2,109,7,90,36.5,45,50,30
2025-08,Florya,European,premium,94906,2600,104186,398.6,41,37,49,36.5,45,50,30
2025-09,Florya,European,premium,94630,2593,99140,397.4,22,65,26,36.5,45,50,30
2025-10,Florya,European,premium,91939,2519,101356,386.1,162,68,74,36.5,45,50,30
2025-11,Florya,European,premium,93021,2549,99943,390.7,48,25,39,36.5,45,50,30
2025-12,Florya,European,premium,90017,2466,102525,378.1,21,15,116,36.5,45,50,30
2026-01,Florya,European,premium,94085,2578,108955,395.2,16,45,91,36.5,45,50,30
2026-02,Florya,European,premium,97188,2663,104408,408.2,74,76,115,36.5,45,50,30
2026-03,Florya,European,premium,94402,2586,106933,396.5,18,57,73,36.5,45,50,30
2026-04,Florya,European,premium,91859,2517,101198,385.8,118,15,12,36.5,45,50,30
2020-01,Ataköy,European,premium,3240,523,3482,13.6,67,77,118,6.2,10.75,15.75,11
2020-02,Ataköy,European,premium,3284,530,3455,13.8,57,70,69,6.2,10.75,15.75,11
2020-03,Ataköy,European,premium,3258,525,3646,13.7,61,37,12,6.2,10.75,15.75,11
2020-04,Ataköy,European,premium,3970,567,4274,16.7,168,34,69,7,8.25,13.25,11
2020-05,Ataköy,European,premium,3843,549,4140,16.1,171,51,110,7,8.25,13.25,11
2020-06,Ataköy,European,premium,3960,566,4464,16.6,148,77,51,7,8.25,13.25,11
2020-07,Ataköy,European,premium,4168,595,4615,17.5,80,15,75,7,8.25,13.25,14
2020-08,Ataköy,European,premium,3827,547,4213,16.1,84,61,113,7,8.25,13.25,14
2020-09,Ataköy,European,premium,3891,556,4322,16.3,75,69,94,7,8.25,13.25,14
2020-10,Ataköy,European,premium,5192,692,5867,21.8,54,69,71,7.5,10.25,15.25,14
2020-11,Ataköy,European,premium,4914,655,5289,20.6,149,73,39,7.5,10.25,15.25,14
2020-12,Ataköy,European,premium,4974,663,5351,20.9,155,23,18,7.5,10.25,15.25,14
2021-01,Ataköy,European,premium,6992,932,7697,29.4,170,50,23,7.5,17,22,19.5
2021-02,Ataköy,European,premium,7051,940,8001,29.6,79,36,19,7.5,17,22,19.5
2021-03,Ataköy,European,premium,7350,980,8187,30.9,148,63,110,7.5,17,22,19.5
2021-04,Ataköy,European,premium,6932,816,7334,29.1,124,64,94,8.5,19,24,19.5
2021-05,Ataköy,European,premium,6965,819,7562,29.3,106,37,102,8.5,19,24,19.5
2021-06,Ataköy,European,premium,7433,874,7789,31.2,28,62,31,8.5,19,24,19.5
2021-07,Ataköy,European,premium,10691,1258,11683,44.9,54,53,44,8.5,19,24,19.5
2021-08,Ataköy,European,premium,10299,1212,11232,43.3,55,78,73,8.5,19,24,19.5
2021-09,Ataköy,European,premium,10062,1184,11246,42.3,19,56,69,8.5,19,24,19.5
2021-10,Ataköy,European,premium,10483,953,11426,44,89,73,83,11,14,19,54
2021-11,Ataköy,European,premium,10275,934,11796,43.2,70,23,28,11,14,19,54
2021-12,Ataköy,European,premium,10575,961,11474,44.4,55,32,92,11,14,19,54
2022-01,Ataköy,European,premium,21265,1467,23511,89.3,26,17,113,14.5,14,19,54
2022-02,Ataköy,European,premium,20211,1394,22711,84.9,28,13,90,14.5,14,19,54
2022-03,Ataköy,European,premium,20646,1424,22803,86.7,149,20,114,14.5,14,19,54
2022-04,Ataköy,European,premium,21047,1238,22074,88.4,33,32,81,17,14,19,80
2022-05,Ataköy,European,premium,21175,1246,24551,88.9,50,61,101,17,14,19,80
2022-06,Ataköy,European,premium,20178,1187,22416,84.7,171,49,101,17,14,19,80
2022-07,Ataköy,European,premium,31945,1879,35014,134.2,121,31,58,17,12,17,80
2022-08,Ataköy,European,premium,31999,1882,34156,134.4,94,41,51,17,12,17,80
2022-09,Ataköy,European,premium,32147,1891,34787,135,82,64,58,17,12,17,80
2022-10,Ataköy,European,premium,32490,1737,35668,136.5,166,35,52,18.7,9,14,64
2022-11,Ataköy,European,premium,32250,1725,35189,135.4,21,35,31,18.7,9,14,64
2022-12,Ataköy,European,premium,31215,1669,33991,131.1,104,27,12,18.7,9,14,64
2023-01,Ataköy,European,premium,44447,2117,48490,186.7,114,46,20,21,8.5,13.5,39
2023-02,Ataköy,European,premium,44003,2095,49493,184.8,150,23,26,21,8.5,13.5,39
2023-03,Ataköy,European,premium,44508,2119,49954,186.9,43,72,64,21,8.5,13.5,39
2023-04,Ataköy,European,premium,45092,2147,48984,189.4,156,31,12,21,8.5,13.5,39
2023-05,Ataköy,European,premium,43312,2062,46827,181.9,37,34,69,21,8.5,13.5,39
2023-06,Ataköy,European,premium,45581,2171,49523,191.4,83,6,61,21,8.5,13.5,39
2023-07,Ataköy,European,premium,55246,2085,60539,232,50,60,51,26.5,25,30,65
2023-08,Ataköy,European,premium,57288,2162,61073,240.6,173,42,87,26.5,25,30,65
2023-09,Ataköy,European,premium,54446,2055,61459,228.7,119,76,49,26.5,25,30,65
2023-10,Ataköy,European,premium,56626,1953,63654,237.8,142,67,26,29,42.5,47.5,65
2023-11,Ataköy,European,premium,56694,1955,62013,238.1,163,41,95,29,42.5,47.5,65
2023-12,Ataköy,European,premium,57408,1980,63729,241.1,157,67,30,29,42.5,47.5,65
2024-01,Ataköy,European,premium,64647,2020,71754,271.5,33,71,107,32,50,55,75
2024-02,Ataköy,European,premium,61672,1927,64663,259,22,51,21,32,50,55,75
2024-03,Ataköy,European,premium,62324,1948,68291,261.8,98,20,78,32,50,55,75
2024-04,Ataköy,European,premium,61898,1934,67316,260,103,22,19,32,50,55,75
2024-05,Ataköy,European,premium,64608,2019,71764,271.4,162,32,21,32,50,55,75
2024-06,Ataköy,European,premium,62382,1949,68243,262,157,19,10,32,50,55,75
2024-07,Ataköy,European,premium,67305,1980,72479,282.7,178,77,92,34,50,55,49
2024-08,Ataköy,European,premium,68616,2018,74652,288.2,30,46,102,34,50,55,49
2024-09,Ataköy,European,premium,70051,2060,76634,294.2,26,77,69,34,50,55,49
2024-10,Ataköy,European,premium,72358,2128,81743,303.9,153,79,104,34,50,55,49
2024-11,Ataköy,European,premium,68601,2018,74471,288.1,91,71,38,34,50,55,49
2024-12,Ataköy,European,premium,66459,1955,75304,279.1,93,14,25,34,50,55,49
2025-01,Ataköy,European,premium,74136,2059,82536,311.4,102,71,31,36,47.5,52.5,36
2025-02,Ataköy,European,premium,71940,1998,74825,302.1,25,31,37,36,47.5,52.5,36
2025-03,Ataköy,European,premium,77055,2140,87007,323.6,24,71,64,36,47.5,52.5,36
2025-04,Ataköy,European,premium,73436,2040,84286,308.4,91,49,16,36,47.5,52.5,36
2025-05,Ataköy,European,premium,78028,2167,89222,327.7,32,70,36,36,47.5,52.5,36
2025-06,Ataköy,European,premium,74285,2063,80378,312,142,65,37,36,47.5,52.5,36
2025-07,Ataköy,European,premium,76905,2107,87770,323,55,34,46,36.5,45,50,30
2025-08,Ataköy,European,premium,79466,2177,86057,333.8,174,14,27,36.5,45,50,30
2025-09,Ataköy,European,premium,78451,2149,85127,329.5,26,70,57,36.5,45,50,30
2025-10,Ataköy,European,premium,73734,2020,82859,309.7,131,60,21,36.5,45,50,30
2025-11,Ataköy,European,premium,77097,2112,82615,323.8,18,79,100,36.5,45,50,30
2025-12,Ataköy,European,premium,75125,2058,82845,315.5,102,52,69,36.5,45,50,30
2026-01,Ataköy,European,premium,77538,2124,87023,325.7,93,78,69,36.5,45,50,30
2026-02,Ataköy,European,premium,72710,1992,81173,305.4,68,63,84,36.5,45,50,30
2026-03,Ataköy,European,premium,78121,2140,85884,328.1,146,16,25,36.5,45,50,30
2026-04,Ataköy,European,premium,74442,2040,80710,312.7,122,38,77,36.5,45,50,30
2020-01,Eyüpsultan,European,mid,1939,313,2098,8.1,145,62,43,6.2,10.75,15.75,11
2020-02,Eyüpsultan,European,mid,1805,291,1959,7.6,168,35,44,6.2,10.75,15.75,11
2020-03,Eyüpsultan,European,mid,1894,306,2123,8,171,12,34,6.2,10.75,15.75,11
2020-04,Eyüpsultan,European,mid,2242,320,2483,9.4,176,49,29,7,8.25,13.25,11
2020-05,Eyüpsultan,European,mid,2259,323,2474,9.5,77,76,81,7,8.25,13.25,11
2020-06,Eyüpsultan,European,mid,2257,322,2447,9.5,146,77,76,7,8.25,13.25,11
2020-07,Eyüpsultan,European,mid,2170,310,2343,9.1,58,56,30,7,8.25,13.25,14
2020-08,Eyüpsultan,European,mid,2225,318,2474,9.3,87,43,76,7,8.25,13.25,14
2020-09,Eyüpsultan,European,mid,2448,350,2747,10.3,170,22,76,7,8.25,13.25,14
2020-10,Eyüpsultan,European,mid,3023,403,3361,12.7,168,29,92,7.5,10.25,15.25,14
2020-11,Eyüpsultan,European,mid,2948,393,3324,12.4,15,32,45,7.5,10.25,15.25,14
2020-12,Eyüpsultan,European,mid,2889,385,3115,12.1,170,62,98,7.5,10.25,15.25,14
2021-01,Eyüpsultan,European,mid,4169,556,4583,17.5,60,57,30,7.5,17,22,19.5
2021-02,Eyüpsultan,European,mid,4052,540,4391,17,102,49,44,7.5,17,22,19.5
2021-03,Eyüpsultan,European,mid,4128,550,4614,17.3,76,72,36,7.5,17,22,19.5
2021-04,Eyüpsultan,European,mid,4091,481,4533,17.2,164,26,68,8.5,19,24,19.5
2021-05,Eyüpsultan,European,mid,4390,516,4777,18.4,135,53,19,8.5,19,24,19.5
2021-06,Eyüpsultan,European,mid,4120,485,4437,17.3,107,35,17,8.5,19,24,19.5
2021-07,Eyüpsultan,European,mid,6115,719,6636,25.7,158,32,60,8.5,19,24,19.5
2021-08,Eyüpsultan,European,mid,6370,749,6833,26.8,140,6,91,8.5,19,24,19.5
2021-09,Eyüpsultan,European,mid,6440,758,7081,27,69,14,71,8.5,19,24,19.5
2021-10,Eyüpsultan,European,mid,6127,557,6633,25.7,122,18,91,11,14,19,54
2021-11,Eyüpsultan,European,mid,6091,554,6472,25.6,132,57,79,11,14,19,54
2021-12,Eyüpsultan,European,mid,6022,547,6544,25.3,95,8,21,11,14,19,54
2022-01,Eyüpsultan,European,mid,11671,805,13353,49,160,38,105,14.5,14,19,54
2022-02,Eyüpsultan,European,mid,12025,829,13537,50.5,115,52,93,14.5,14,19,54
2022-03,Eyüpsultan,European,mid,11667,805,12549,49,111,15,21,14.5,14,19,54
2022-04,Eyüpsultan,European,mid,12549,738,13605,52.7,73,52,61,17,14,19,80
2022-05,Eyüpsultan,European,mid,11699,688,13198,49.1,88,18,70,17,14,19,80
2022-06,Eyüpsultan,European,mid,11341,667,12155,47.6,78,70,72,17,14,19,80
2022-07,Eyüpsultan,European,mid,19320,1136,21497,81.1,166,45,116,17,12,17,80
2022-08,Eyüpsultan,European,mid,18907,1112,21054,79.4,104,76,24,17,12,17,80
2022-09,Eyüpsultan,European,mid,19013,1118,20781,79.9,146,9,99,17,12,17,80
2022-10,Eyüpsultan,European,mid,20303,1086,22847,85.3,62,63,51,18.7,9,14,64
2022-11,Eyüpsultan,European,mid,18937,1013,19934,79.5,65,16,108,18.7,9,14,64
2022-12,Eyüpsultan,European,mid,19325,1033,22402,81.2,179,40,115,18.7,9,14,64
2023-01,Eyüpsultan,European,mid,26703,1272,29958,112.2,128,23,79,21,8.5,13.5,39
2023-02,Eyüpsultan,European,mid,25509,1215,27998,107.1,146,34,67,21,8.5,13.5,39
2023-03,Eyüpsultan,European,mid,25773,1227,29246,108.2,30,58,40,21,8.5,13.5,39
2023-04,Eyüpsultan,European,mid,25861,1231,28346,108.6,121,61,115,21,8.5,13.5,39
2023-05,Eyüpsultan,European,mid,26943,1283,29995,113.2,159,59,81,21,8.5,13.5,39
2023-06,Eyüpsultan,European,mid,24314,1158,26342,102.1,105,7,116,21,8.5,13.5,39
2023-07,Eyüpsultan,European,mid,32363,1221,34670,135.9,175,77,55,26.5,25,30,65
2023-08,Eyüpsultan,European,mid,32548,1228,37118,136.7,76,21,110,26.5,25,30,65
2023-09,Eyüpsultan,European,mid,31650,1194,34037,132.9,94,74,32,26.5,25,30,65
2023-10,Eyüpsultan,European,mid,33388,1151,35521,140.2,48,24,41,29,42.5,47.5,65
2023-11,Eyüpsultan,European,mid,31272,1078,34020,131.3,15,75,36,29,42.5,47.5,65
2023-12,Eyüpsultan,European,mid,30549,1053,33895,128.3,105,71,79,29,42.5,47.5,65
2024-01,Eyüpsultan,European,mid,36537,1142,40398,153.5,28,8,106,32,50,55,75
2024-02,Eyüpsultan,European,mid,36871,1152,39931,154.9,23,55,32,32,50,55,75
2024-03,Eyüpsultan,European,mid,36983,1156,39518,155.3,49,72,28,32,50,55,75
2024-04,Eyüpsultan,European,mid,37275,1165,42414,156.6,169,57,18,32,50,55,75
2024-05,Eyüpsultan,European,mid,37555,1174,40687,157.7,145,41,50,32,50,55,75
2024-06,Eyüpsultan,European,mid,36784,1150,41552,154.5,167,30,68,32,50,55,75
2024-07,Eyüpsultan,European,mid,40343,1187,44803,169.4,109,10,32,34,50,55,49
2024-08,Eyüpsultan,European,mid,38529,1133,43164,161.8,147,51,105,34,50,55,49
2024-09,Eyüpsultan,European,mid,40452,1190,44636,169.9,118,59,29,34,50,55,49
2024-10,Eyüpsultan,European,mid,39140,1151,41900,164.4,96,53,94,34,50,55,49
2024-11,Eyüpsultan,European,mid,39960,1175,41370,167.8,129,71,94,34,50,55,49
2024-12,Eyüpsultan,European,mid,38884,1144,42753,163.3,32,37,64,34,50,55,49
2025-01,Eyüpsultan,European,mid,42107,1170,47845,176.8,30,22,111,36,47.5,52.5,36
2025-02,Eyüpsultan,European,mid,43316,1203,47686,181.9,37,42,69,36,47.5,52.5,36
2025-03,Eyüpsultan,European,mid,42036,1168,45797,176.6,166,37,82,36,47.5,52.5,36
2025-04,Eyüpsultan,European,mid,42052,1168,47062,176.6,134,66,80,36,47.5,52.5,36
2025-05,Eyüpsultan,European,mid,42686,1186,47711,179.3,135,63,48,36,47.5,52.5,36
2025-06,Eyüpsultan,European,mid,42362,1177,47111,177.9,147,76,72,36,47.5,52.5,36
2025-07,Eyüpsultan,European,mid,43973,1205,49963,184.7,175,14,69,36.5,45,50,30
2025-08,Eyüpsultan,European,mid,44735,1226,48906,187.9,107,51,20,36.5,45,50,30
2025-09,Eyüpsultan,European,mid,45013,1233,48783,189.1,15,31,67,36.5,45,50,30
2025-10,Eyüpsultan,European,mid,45911,1258,47881,192.8,179,31,60,36.5,45,50,30
2025-11,Eyüpsultan,European,mid,46289,1268,49002,194.4,176,39,88,36.5,45,50,30
2025-12,Eyüpsultan,European,mid,42536,1165,48637,178.7,155,13,14,36.5,45,50,30
2026-01,Eyüpsultan,European,mid,46192,1266,50865,194,41,56,86,36.5,45,50,30
2026-02,Eyüpsultan,European,mid,45729,1253,50117,192.1,28,58,54,36.5,45,50,30
2026-03,Eyüpsultan,European,mid,43721,1198,49519,183.6,108,11,20,36.5,45,50,30
2026-04,Eyüpsultan,European,mid,44715,1225,48855,187.8,79,55,109,36.5,45,50,30
2020-01,Kağıthane,European,mid,2127,343,2281,8.9,89,69,70,6.2,10.75,15.75,11
2020-02,Kağıthane,European,mid,2053,331,2196,8.6,38,28,59,6.2,10.75,15.75,11
2020-03,Kağıthane,European,mid,2079,335,2285,8.7,161,61,42,6.2,10.75,15.75,11
2020-04,Kağıthane,European,mid,2493,356,2657,10.5,40,25,27,7,8.25,13.25,11
2020-05,Kağıthane,European,mid,2473,353,2837,10.4,131,31,113,7,8.25,13.25,11
2020-06,Kağıthane,European,mid,2483,355,2872,10.4,73,74,46,7,8.25,13.25,11
2020-07,Kağıthane,European,mid,2548,364,2845,10.7,164,63,97,7,8.25,13.25,14
2020-08,Kağıthane,European,mid,2588,370,2864,10.9,108,65,67,7,8.25,13.25,14
2020-09,Kağıthane,European,mid,2586,369,2920,10.9,15,12,68,7,8.25,13.25,14
2020-10,Kağıthane,European,mid,3430,457,4002,14.4,24,75,50,7.5,10.25,15.25,14
2020-11,Kağıthane,European,mid,3469,463,3665,14.6,16,21,92,7.5,10.25,15.25,14
2020-12,Kağıthane,European,mid,3368,449,3521,14.1,60,58,27,7.5,10.25,15.25,14
2021-01,Kağıthane,European,mid,4514,602,4856,19,106,36,97,7.5,17,22,19.5
2021-02,Kağıthane,European,mid,4573,610,4993,19.2,107,71,80,7.5,17,22,19.5
2021-03,Kağıthane,European,mid,4654,621,5042,19.5,51,19,63,7.5,17,22,19.5
2021-04,Kağıthane,European,mid,4604,542,5185,19.3,22,18,26,8.5,19,24,19.5
2021-05,Kağıthane,European,mid,4563,537,5054,19.2,52,52,86,8.5,19,24,19.5
2021-06,Kağıthane,European,mid,4584,539,4953,19.3,50,71,89,8.5,19,24,19.5
2021-07,Kağıthane,European,mid,6742,793,7286,28.3,62,77,97,8.5,19,24,19.5
2021-08,Kağıthane,European,mid,6868,808,7581,28.8,60,8,19,8.5,19,24,19.5
2021-09,Kağıthane,European,mid,6674,785,7571,28,161,66,78,8.5,19,24,19.5
2021-10,Kağıthane,European,mid,6460,587,7391,27.1,157,44,11,11,14,19,54
2021-11,Kağıthane,European,mid,7069,643,7773,29.7,23,19,57,11,14,19,54
2021-12,Kağıthane,European,mid,6347,577,7261,26.7,137,52,23,11,14,19,54
2022-01,Kağıthane,European,mid,13662,942,14539,57.4,165,42,29,14.5,14,19,54
2022-02,Kağıthane,European,mid,13455,928,15655,56.5,166,29,60,14.5,14,19,54
2022-03,Kağıthane,European,mid,13169,908,14346,55.3,153,49,105,14.5,14,19,54
2022-04,Kağıthane,European,mid,13408,789,15306,56.3,32,11,69,17,14,19,80
2022-05,Kağıthane,European,mid,13269,781,14003,55.7,158,16,75,17,14,19,80
2022-06,Kağıthane,European,mid,13408,789,14767,56.3,39,55,45,17,14,19,80
2022-07,Kağıthane,European,mid,22421,1319,24922,94.2,48,29,31,17,12,17,80
2022-08,Kağıthane,European,mid,20857,1227,22963,87.6,26,76,114,17,12,17,80
2022-09,Kağıthane,European,mid,22585,1329,24563,94.9,117,45,32,17,12,17,80
2022-10,Kağıthane,European,mid,21111,1129,24064,88.7,19,55,35,18.7,9,14,64
2022-11,Kağıthane,European,mid,20878,1116,23163,87.7,33,35,68,18.7,9,14,64
2022-12,Kağıthane,European,mid,21402,1145,23627,89.9,154,15,24,18.7,9,14,64
2023-01,Kağıthane,European,mid,27649,1317,29745,116.1,38,65,64,21,8.5,13.5,39
2023-02,Kağıthane,European,mid,28392,1352,30855,119.2,108,29,95,21,8.5,13.5,39
2023-03,Kağıthane,European,mid,28406,1353,30281,119.3,36,70,17,21,8.5,13.5,39
2023-04,Kağıthane,European,mid,29271,1394,32869,122.9,87,68,118,21,8.5,13.5,39
2023-05,Kağıthane,European,mid,29946,1426,32481,125.8,166,58,94,21,8.5,13.5,39
2023-06,Kağıthane,European,mid,29474,1404,31530,123.8,23,77,79,21,8.5,13.5,39
2023-07,Kağıthane,European,mid,34330,1295,37831,144.2,16,36,23,26.5,25,30,65
2023-08,Kağıthane,European,mid,35007,1321,38421,147,132,24,37,26.5,25,30,65
2023-09,Kağıthane,European,mid,36932,1394,39567,155.1,84,49,14,26.5,25,30,65
2023-10,Kağıthane,European,mid,35049,1209,35922,147.2,167,19,94,29,42.5,47.5,65
2023-11,Kağıthane,European,mid,36851,1271,40701,154.8,56,75,78,29,42.5,47.5,65
2023-12,Kağıthane,European,mid,35356,1219,38992,148.5,170,26,108,29,42.5,47.5,65
2024-01,Kağıthane,European,mid,40918,1279,42321,171.9,173,26,20,32,50,55,75
2024-02,Kağıthane,European,mid,39697,1241,45876,166.7,60,58,78,32,50,55,75
2024-03,Kağıthane,European,mid,40768,1274,43944,171.2,146,27,79,32,50,55,75
2024-04,Kağıthane,European,mid,41242,1289,45495,173.2,129,29,18,32,50,55,75
2024-05,Kağıthane,European,mid,41780,1306,46511,175.5,116,7,83,32,50,55,75
2024-06,Kağıthane,European,mid,41298,1291,45376,173.5,117,64,29,32,50,55,75
2024-07,Kağıthane,European,mid,42802,1259,46541,179.8,102,12,77,34,50,55,49
2024-08,Kağıthane,European,mid,42629,1254,46318,179,77,13,39,34,50,55,49
2024-09,Kağıthane,European,mid,43745,1287,48272,183.7,53,5,105,34,50,55,49
2024-10,Kağıthane,European,mid,43822,1289,48942,184.1,39,60,95,34,50,55,49
2024-11,Kağıthane,European,mid,44513,1309,48535,187,18,28,103,34,50,55,49
2024-12,Kağıthane,European,mid,43783,1288,49993,183.9,137,13,91,34,50,55,49
2025-01,Kağıthane,European,mid,47123,1309,51807,197.9,164,35,59,36,47.5,52.5,36
2025-02,Kağıthane,European,mid,48834,1357,54138,205.1,40,67,43,36,47.5,52.5,36
2025-03,Kağıthane,European,mid,46924,1303,52723,197.1,138,15,107,36,47.5,52.5,36
2025-04,Kağıthane,European,mid,47881,1330,53799,201.1,116,23,10,36,47.5,52.5,36
2025-05,Kağıthane,European,mid,46594,1294,51360,195.7,23,37,72,36,47.5,52.5,36
2025-06,Kağıthane,European,mid,44694,1242,49813,187.7,79,33,113,36,47.5,52.5,36
2025-07,Kağıthane,European,mid,49417,1354,51927,207.6,82,39,60,36.5,45,50,30
2025-08,Kağıthane,European,mid,48432,1327,52000,203.4,27,10,12,36.5,45,50,30
2025-09,Kağıthane,European,mid,49035,1343,54524,205.9,66,78,113,36.5,45,50,30
2025-10,Kağıthane,European,mid,49974,1369,55078,209.9,161,35,88,36.5,45,50,30
2025-11,Kağıthane,European,mid,49682,1361,53373,208.7,145,50,82,36.5,45,50,30
2025-12,Kağıthane,European,mid,49711,1362,54384,208.8,103,63,86,36.5,45,50,30
2026-01,Kağıthane,European,mid,48915,1340,50670,205.4,36,48,86,36.5,45,50,30
2026-02,Kağıthane,European,mid,48439,1327,53424,203.4,91,74,109,36.5,45,50,30
2026-03,Kağıthane,European,mid,52503,1438,56125,220.5,141,59,85,36.5,45,50,30
2026-04,Kağıthane,European,mid,50254,1377,53392,211.1,162,41,86,36.5,45,50,30
2020-01,Fatih,European,mid,2172,350,2303,9.1,125,55,10,6.2,10.75,15.75,11
2020-02,Fatih,European,mid,2138,345,2431,9,78,52,42,6.2,10.75,15.75,11
2020-03,Fatih,European,mid,2198,355,2395,9.2,87,56,65,6.2,10.75,15.75,11
2020-04,Fatih,European,mid,2509,358,2805,10.5,40,10,66,7,8.25,13.25,11
2020-05,Fatih,European,mid,2606,372,2909,10.9,172,64,44,7,8.25,13.25,11
2020-06,Fatih,European,mid,2492,356,2772,10.5,52,49,28,7,8.25,13.25,11
2020-07,Fatih,European,mid,2533,362,2734,10.6,106,64,21,7,8.25,13.25,14
2020-08,Fatih,European,mid,2499,357,2692,10.5,103,46,78,7,8.25,13.25,14
2020-09,Fatih,European,mid,2592,370,2869,10.9,58,69,115,7,8.25,13.25,14
2020-10,Fatih,European,mid,3449,460,3910,14.5,20,53,95,7.5,10.25,15.25,14
2020-11,Fatih,European,mid,3318,442,3625,13.9,153,11,77,7.5,10.25,15.25,14
2020-12,Fatih,European,mid,3274,437,3703,13.8,15,6,49,7.5,10.25,15.25,14
2021-01,Fatih,European,mid,4463,595,4690,18.7,161,51,47,7.5,17,22,19.5
2021-02,Fatih,European,mid,4552,607,5144,19.1,79,26,65,7.5,17,22,19.5
2021-03,Fatih,European,mid,4732,631,5183,19.9,152,31,58,7.5,17,22,19.5
2021-04,Fatih,European,mid,4603,542,4715,19.3,174,76,81,8.5,19,24,19.5
2021-05,Fatih,European,mid,4548,535,5388,19.1,105,34,13,8.5,19,24,19.5
2021-06,Fatih,European,mid,4446,523,4877,18.7,139,21,36,8.5,19,24,19.5
2021-07,Fatih,European,mid,6628,780,7331,27.8,24,6,66,8.5,19,24,19.5
2021-08,Fatih,European,mid,6704,789,7392,28.2,93,29,84,8.5,19,24,19.5
2021-09,Fatih,European,mid,6644,782,7360,27.9,31,9,117,8.5,19,24,19.5
2021-10,Fatih,European,mid,6449,586,6879,27.1,79,63,21,11,14,19,54
2021-11,Fatih,European,mid,6580,598,7368,27.6,59,36,106,11,14,19,54
2021-12,Fatih,European,mid,6763,615,7569,28.4,60,15,12,11,14,19,54
2022-01,Fatih,European,mid,12757,880,13771,53.6,76,41,95,14.5,14,19,54
2022-02,Fatih,European,mid,13766,949,14873,57.8,112,29,43,14.5,14,19,54
2022-03,Fatih,European,mid,13607,938,14877,57.2,128,47,16,14.5,14,19,54
2022-04,Fatih,European,mid,13210,777,14019,55.5,24,60,76,17,14,19,80
2022-05,Fatih,European,mid,12539,738,13501,52.7,100,10,93,17,14,19,80
2022-06,Fatih,European,mid,14036,826,15366,59,59,42,53,17,14,19,80
2022-07,Fatih,European,mid,21297,1253,23524,89.4,117,49,106,17,12,17,80
2022-08,Fatih,European,mid,20587,1211,21770,86.5,75,29,115,17,12,17,80
2022-09,Fatih,European,mid,20838,1226,22845,87.5,53,42,23,17,12,17,80
2022-10,Fatih,European,mid,21947,1174,23656,92.2,55,44,83,18.7,9,14,64
2022-11,Fatih,European,mid,20481,1095,22741,86,104,12,26,18.7,9,14,64
2022-12,Fatih,European,mid,20911,1118,21403,87.8,89,10,41,18.7,9,14,64
2023-01,Fatih,European,mid,28965,1379,32255,121.7,20,56,95,21,8.5,13.5,39
2023-02,Fatih,European,mid,29033,1383,32035,121.9,66,19,84,21,8.5,13.5,39
2023-03,Fatih,European,mid,29170,1389,32870,122.5,31,75,27,21,8.5,13.5,39
2023-04,Fatih,European,mid,28899,1376,31149,121.4,73,47,72,21,8.5,13.5,39
2023-05,Fatih,European,mid,28712,1367,31968,120.6,125,63,36,21,8.5,13.5,39
2023-06,Fatih,European,mid,29302,1395,31893,123.1,176,69,71,21,8.5,13.5,39
2023-07,Fatih,European,mid,36930,1394,39652,155.1,74,50,78,26.5,25,30,65
2023-08,Fatih,European,mid,37125,1401,39890,155.9,109,17,62,26.5,25,30,65
2023-09,Fatih,European,mid,36693,1385,41499,154.1,86,63,79,26.5,25,30,65
2023-10,Fatih,European,mid,37620,1297,41445,158,142,65,107,29,42.5,47.5,65
2023-11,Fatih,European,mid,35751,1233,40156,150.2,58,72,57,29,42.5,47.5,65
2023-12,Fatih,European,mid,34055,1174,35901,143,130,54,50,29,42.5,47.5,65
2024-01,Fatih,European,mid,39721,1241,43008,166.8,126,63,44,32,50,55,75
2024-02,Fatih,European,mid,41125,1285,45248,172.7,121,31,19,32,50,55,75
2024-03,Fatih,European,mid,41750,1305,44946,175.4,22,21,50,32,50,55,75
2024-04,Fatih,European,mid,39575,1237,41033,166.2,86,39,36,32,50,55,75
2024-05,Fatih,European,mid,42139,1317,48241,177,170,11,40,32,50,55,75
2024-06,Fatih,European,mid,41239,1289,45310,173.2,95,20,64,32,50,55,75
2024-07,Fatih,European,mid,43219,1271,46805,181.5,131,46,43,34,50,55,49
2024-08,Fatih,European,mid,43811,1289,49633,184,89,26,89,34,50,55,49
2024-09,Fatih,European,mid,43318,1274,47770,181.9,144,62,89,34,50,55,49
2024-10,Fatih,European,mid,43266,1273,45742,181.7,66,47,87,34,50,55,49
2024-11,Fatih,European,mid,45150,1328,50177,189.6,42,31,117,34,50,55,49
2024-12,Fatih,European,mid,43709,1286,46073,183.6,93,21,74,34,50,55,49
2025-01,Fatih,European,mid,45988,1277,48191,193.1,61,60,46,36,47.5,52.5,36
2025-02,Fatih,European,mid,46613,1295,50568,195.8,79,73,96,36,47.5,52.5,36
2025-03,Fatih,European,mid,47753,1326,51047,200.6,85,43,94,36,47.5,52.5,36
2025-04,Fatih,European,mid,45998,1278,49653,193.2,159,64,45,36,47.5,52.5,36
2025-05,Fatih,European,mid,45542,1265,49853,191.3,151,12,119,36,47.5,52.5,36
2025-06,Fatih,European,mid,46828,1301,52024,196.7,42,33,115,36,47.5,52.5,36
2025-07,Fatih,European,mid,51151,1401,58048,214.8,38,65,30,36.5,45,50,30
2025-08,Fatih,European,mid,48603,1332,54378,204.1,75,76,23,36.5,45,50,30
2025-09,Fatih,European,mid,48903,1340,57330,205.4,81,50,112,36.5,45,50,30
2025-10,Fatih,European,mid,49766,1363,55060,209,175,32,81,36.5,45,50,30
2025-11,Fatih,European,mid,48151,1319,53684,202.2,59,54,77,36.5,45,50,30
2025-12,Fatih,European,mid,49033,1343,51588,205.9,53,34,12,36.5,45,50,30
2026-01,Fatih,European,mid,47771,1309,50500,200.6,44,51,76,36.5,45,50,30
2026-02,Fatih,European,mid,51263,1404,56103,215.3,79,32,104,36.5,45,50,30
2026-03,Fatih,European,mid,49789,1364,53761,209.1,64,41,50,36.5,45,50,30
2026-04,Fatih,European,mid,49974,1369,57043,209.9,139,68,12,36.5,45,50,30
2020-01,Zeytinburnu,European,mid,2381,384,2581,10,122,58,92,6.2,10.75,15.75,11
2020-02,Zeytinburnu,European,mid,2401,387,2704,10.1,88,16,111,6.2,10.75,15.75,11
2020-03,Zeytinburnu,European,mid,2451,395,2711,10.3,42,73,106,6.2,10.75,15.75,11
2020-04,Zeytinburnu,European,mid,2948,421,3186,12.4,148,76,97,7,8.25,13.25,11
2020-05,Zeytinburnu,European,mid,2741,392,3052,11.5,29,35,119,7,8.25,13.25,11
2020-06,Zeytinburnu,European,mid,2850,407,3081,12,30,5,33,7,8.25,13.25,11
2020-07,Zeytinburnu,European,mid,2885,412,3226,12.1,152,18,89,7,8.25,13.25,14
2020-08,Zeytinburnu,European,mid,2872,410,3289,12.1,48,35,53,7,8.25,13.25,14
2020-09,Zeytinburnu,European,mid,2842,406,3084,11.9,91,31,29,7,8.25,13.25,14
2020-10,Zeytinburnu,European,mid,3872,516,4159,16.3,63,31,81,7.5,10.25,15.25,14
2020-11,Zeytinburnu,European,mid,3793,506,4222,15.9,158,10,88,7.5,10.25,15.25,14
2020-12,Zeytinburnu,European,mid,3761,501,4061,15.8,110,48,45,7.5,10.25,15.25,14
2021-01,Zeytinburnu,European,mid,5256,701,5784,22.1,106,77,81,7.5,17,22,19.5
2021-02,Zeytinburnu,European,mid,5497,733,6113,23.1,53,31,19,7.5,17,22,19.5
2021-03,Zeytinburnu,European,mid,5294,706,5810,22.2,158,67,29,7.5,17,22,19.5
2021-04,Zeytinburnu,European,mid,5361,631,6283,22.5,72,51,84,8.5,19,24,19.5
2021-05,Zeytinburnu,European,mid,5090,599,5440,21.4,26,26,115,8.5,19,24,19.5
2021-06,Zeytinburnu,European,mid,5286,622,5960,22.2,26,56,110,8.5,19,24,19.5
2021-07,Zeytinburnu,European,mid,7578,892,8086,31.8,165,27,14,8.5,19,24,19.5
2021-08,Zeytinburnu,European,mid,7607,895,8679,32,113,68,53,8.5,19,24,19.5
2021-09,Zeytinburnu,European,mid,7838,922,8463,32.9,58,28,27,8.5,19,24,19.5
2021-10,Zeytinburnu,European,mid,7737,703,8513,32.5,123,7,71,11,14,19,54
2021-11,Zeytinburnu,European,mid,7864,715,8859,33,42,71,43,11,14,19,54
2021-12,Zeytinburnu,European,mid,7360,669,8160,30.9,31,31,20,11,14,19,54
2022-01,Zeytinburnu,European,mid,15281,1054,17623,64.2,82,35,39,14.5,14,19,54
2022-02,Zeytinburnu,European,mid,15381,1061,17140,64.6,46,61,17,14.5,14,19,54
2022-03,Zeytinburnu,European,mid,15229,1050,16742,64,27,47,108,14.5,14,19,54
2022-04,Zeytinburnu,European,mid,15069,886,15838,63.3,134,34,23,17,14,19,80
2022-05,Zeytinburnu,European,mid,14974,881,16203,62.9,86,52,64,17,14,19,80
2022-06,Zeytinburnu,European,mid,15950,938,18217,67,102,45,108,17,14,19,80
2022-07,Zeytinburnu,European,mid,24536,1443,26737,103.1,27,67,30,17,12,17,80
2022-08,Zeytinburnu,European,mid,23940,1408,25897,100.6,132,14,58,17,12,17,80
2022-09,Zeytinburnu,European,mid,22452,1321,24954,94.3,60,7,73,17,12,17,80
2022-10,Zeytinburnu,European,mid,25103,1342,28123,105.4,107,31,114,18.7,9,14,64
2022-11,Zeytinburnu,European,mid,24154,1292,25955,101.4,149,14,35,18.7,9,14,64
2022-12,Zeytinburnu,European,mid,25534,1365,27114,107.2,91,64,47,18.7,9,14,64
2023-01,Zeytinburnu,European,mid,33277,1585,35503,139.8,121,77,111,21,8.5,13.5,39
2023-02,Zeytinburnu,European,mid,31745,1512,35350,133.3,19,70,65,21,8.5,13.5,39
2023-03,Zeytinburnu,European,mid,32389,1542,34792,136,109,79,35,21,8.5,13.5,39
2023-04,Zeytinburnu,European,mid,33614,1601,35194,141.2,83,19,48,21,8.5,13.5,39
2023-05,Zeytinburnu,European,mid,32773,1561,34945,137.6,99,37,117,21,8.5,13.5,39
2023-06,Zeytinburnu,European,mid,33686,1604,37486,141.5,134,27,37,21,8.5,13.5,39
2023-07,Zeytinburnu,European,mid,41206,1555,45959,173.1,54,48,81,26.5,25,30,65
2023-08,Zeytinburnu,European,mid,40742,1537,45470,171.1,27,28,39,26.5,25,30,65
2023-09,Zeytinburnu,European,mid,40549,1530,45695,170.3,73,51,32,26.5,25,30,65
2023-10,Zeytinburnu,European,mid,40383,1393,44825,169.6,63,74,74,29,42.5,47.5,65
2023-11,Zeytinburnu,European,mid,41048,1415,45107,172.4,134,49,63,29,42.5,47.5,65
2023-12,Zeytinburnu,European,mid,41201,1421,45257,173,153,40,45,29,42.5,47.5,65
2024-01,Zeytinburnu,European,mid,46611,1457,52313,195.8,88,76,21,32,50,55,75
2024-02,Zeytinburnu,European,mid,45988,1437,48776,193.1,64,30,50,32,50,55,75
2024-03,Zeytinburnu,European,mid,48592,1519,53250,204.1,137,9,59,32,50,55,75
2024-04,Zeytinburnu,European,mid,47010,1469,52653,197.4,71,70,64,32,50,55,75
2024-05,Zeytinburnu,European,mid,48226,1507,51050,202.5,116,54,10,32,50,55,75
2024-06,Zeytinburnu,European,mid,47071,1471,51039,197.7,111,20,75,32,50,55,75
2024-07,Zeytinburnu,European,mid,50755,1493,56796,213.2,96,77,83,34,50,55,49
2024-08,Zeytinburnu,European,mid,48649,1431,52620,204.3,43,49,44,34,50,55,49
2024-09,Zeytinburnu,European,mid,51267,1508,56790,215.3,51,79,111,34,50,55,49
2024-10,Zeytinburnu,European,mid,49877,1467,56075,209.5,20,14,74,34,50,55,49
2024-11,Zeytinburnu,European,mid,52265,1537,58515,219.5,177,19,38,34,50,55,49
2024-12,Zeytinburnu,European,mid,51591,1517,56918,216.7,82,69,58,34,50,55,49
2025-01,Zeytinburnu,European,mid,52415,1456,59082,220.1,49,30,118,36,47.5,52.5,36
2025-02,Zeytinburnu,European,mid,52831,1468,55536,221.9,132,33,88,36,47.5,52.5,36
2025-03,Zeytinburnu,European,mid,53199,1478,59696,223.4,157,5,92,36,47.5,52.5,36
2025-04,Zeytinburnu,European,mid,55383,1538,59648,232.6,135,72,77,36,47.5,52.5,36
2025-05,Zeytinburnu,European,mid,53717,1492,62975,225.6,29,78,97,36,47.5,52.5,36
2025-06,Zeytinburnu,European,mid,54593,1516,58032,229.3,165,19,33,36,47.5,52.5,36
2025-07,Zeytinburnu,European,mid,57790,1583,63604,242.7,28,12,78,36.5,45,50,30
2025-08,Zeytinburnu,European,mid,59514,1631,65734,250,23,50,49,36.5,45,50,30
2025-09,Zeytinburnu,European,mid,57406,1573,65135,241.1,153,27,42,36.5,45,50,30
2025-10,Zeytinburnu,European,mid,58878,1613,64733,247.3,80,35,59,36.5,45,50,30
2025-11,Zeytinburnu,European,mid,57026,1562,63347,239.5,72,10,38,36.5,45,50,30
2025-12,Zeytinburnu,European,mid,57602,1578,63560,241.9,83,13,91,36.5,45,50,30
2026-01,Zeytinburnu,European,mid,58400,1600,66611,245.3,136,9,117,36.5,45,50,30
2026-02,Zeytinburnu,European,mid,54764,1500,60829,230,122,10,111,36.5,45,50,30
2026-03,Zeytinburnu,European,mid,55788,1528,62681,234.3,15,19,45,36.5,45,50,30
2026-04,Zeytinburnu,European,mid,58012,1589,65422,243.7,52,79,23,36.5,45,50,30
2020-01,Bahçelievler,European,mid,2062,333,2326,8.7,83,23,45,6.2,10.75,15.75,11
2020-02,Bahçelievler,European,mid,2167,350,2356,9.1,20,67,94,6.2,10.75,15.75,11
2020-03,Bahçelievler,European,mid,2022,326,2136,8.5,166,28,35,6.2,10.75,15.75,11
2020-04,Bahçelievler,European,mid,2580,369,2862,10.8,71,28,77,7,8.25,13.25,11
2020-05,Bahçelievler,European,mid,2534,362,2660,10.6,22,23,98,7,8.25,13.25,11
2020-06,Bahçelievler,European,mid,2636,377,2880,11.1,97,19,77,7,8.25,13.25,11
2020-07,Bahçelievler,European,mid,2547,364,2891,10.7,27,36,29,7,8.25,13.25,14
2020-08,Bahçelievler,European,mid,2408,344,2618,10.1,24,53,115,7,8.25,13.25,14
2020-09,Bahçelievler,European,mid,2632,376,2904,11.1,27,63,115,7,8.25,13.25,14
2020-10,Bahçelievler,European,mid,3390,452,3666,14.2,114,45,60,7.5,10.25,15.25,14
2020-11,Bahçelievler,European,mid,3344,446,3740,14,176,73,32,7.5,10.25,15.25,14
2020-12,Bahçelievler,European,mid,3317,442,3763,13.9,56,76,11,7.5,10.25,15.25,14
2021-01,Bahçelievler,European,mid,4649,620,5154,19.5,160,66,87,7.5,17,22,19.5
2021-02,Bahçelievler,European,mid,4571,609,4926,19.2,46,47,22,7.5,17,22,19.5
2021-03,Bahçelievler,European,mid,4649,620,5241,19.5,136,10,70,7.5,17,22,19.5
2021-04,Bahçelievler,European,mid,4713,554,5076,19.8,39,45,52,8.5,19,24,19.5
2021-05,Bahçelievler,European,mid,4728,556,4997,19.9,60,15,109,8.5,19,24,19.5
2021-06,Bahçelievler,European,mid,4524,532,5247,19,48,63,54,8.5,19,24,19.5
2021-07,Bahçelievler,European,mid,6561,772,7204,27.6,138,49,94,8.5,19,24,19.5
2021-08,Bahçelievler,European,mid,6627,780,7430,27.8,79,22,104,8.5,19,24,19.5
2021-09,Bahçelievler,European,mid,6715,790,7381,28.2,137,73,111,8.5,19,24,19.5
2021-10,Bahçelievler,European,mid,6560,596,7422,27.6,48,40,65,11,14,19,54
2021-11,Bahçelievler,European,mid,6930,630,7569,29.1,73,9,23,11,14,19,54
2021-12,Bahçelievler,European,mid,6638,603,7510,27.9,168,46,13,11,14,19,54
2022-01,Bahçelievler,European,mid,12975,895,14538,54.5,63,23,51,14.5,14,19,54
2022-02,Bahçelievler,European,mid,13161,908,14580,55.3,120,59,47,14.5,14,19,54
2022-03,Bahçelievler,European,mid,12879,888,14053,54.1,108,38,56,14.5,14,19,54
2022-04,Bahçelievler,European,mid,13313,783,13368,55.9,153,16,108,17,14,19,80
2022-05,Bahçelievler,European,mid,13531,796,14668,56.8,153,68,52,17,14,19,80
2022-06,Bahçelievler,European,mid,14111,830,15190,59.3,76,14,67,17,14,19,80
2022-07,Bahçelievler,European,mid,21492,1264,23651,90.3,110,37,41,17,12,17,80
2022-08,Bahçelievler,European,mid,21952,1291,23950,92.2,67,65,12,17,12,17,80
2022-09,Bahçelievler,European,mid,20417,1201,22972,85.8,121,34,37,17,12,17,80
2022-10,Bahçelievler,European,mid,20975,1122,23244,88.1,65,7,111,18.7,9,14,64
2022-11,Bahçelievler,European,mid,21128,1130,22871,88.7,30,43,51,18.7,9,14,64
2022-12,Bahçelievler,European,mid,20831,1114,22848,87.5,155,7,50,18.7,9,14,64
2023-01,Bahçelievler,European,mid,28135,1340,30320,118.2,164,13,11,21,8.5,13.5,39
2023-02,Bahçelievler,European,mid,27915,1329,31571,117.2,155,11,73,21,8.5,13.5,39
2023-03,Bahçelievler,European,mid,27571,1313,30433,115.8,45,73,58,21,8.5,13.5,39
2023-04,Bahçelievler,European,mid,28217,1344,31592,118.5,89,6,42,21,8.5,13.5,39
2023-05,Bahçelievler,European,mid,28339,1349,31517,119,130,59,103,21,8.5,13.5,39
2023-06,Bahçelievler,European,mid,27093,1290,31043,113.8,41,5,12,21,8.5,13.5,39
2023-07,Bahçelievler,European,mid,34403,1298,38066,144.5,104,39,119,26.5,25,30,65
2023-08,Bahçelievler,European,mid,36307,1370,39525,152.5,148,65,52,26.5,25,30,65
2023-09,Bahçelievler,European,mid,34353,1296,37609,144.3,102,12,32,26.5,25,30,65
2023-10,Bahçelievler,European,mid,35457,1223,39096,148.9,162,44,102,29,42.5,47.5,65
2023-11,Bahçelievler,European,mid,36622,1263,40745,153.8,151,73,78,29,42.5,47.5,65
2023-12,Bahçelievler,European,mid,36879,1272,40716,154.9,118,39,87,29,42.5,47.5,65
2024-01,Bahçelievler,European,mid,39499,1234,44343,165.9,34,60,43,32,50,55,75
2024-02,Bahçelievler,European,mid,39880,1246,43946,167.5,158,28,67,32,50,55,75
2024-03,Bahçelievler,European,mid,39337,1229,42352,165.2,41,18,13,32,50,55,75
2024-04,Bahçelievler,European,mid,38997,1219,44377,163.8,101,73,79,32,50,55,75
2024-05,Bahçelievler,European,mid,41967,1311,45157,176.3,141,20,18,32,50,55,75
2024-06,Bahçelievler,European,mid,40169,1255,44380,168.7,167,64,61,32,50,55,75
2024-07,Bahçelievler,European,mid,44944,1322,48197,188.8,146,25,14,34,50,55,49
2024-08,Bahçelievler,European,mid,42371,1246,47072,178,20,73,90,34,50,55,49
2024-09,Bahçelievler,European,mid,42767,1258,47071,179.6,126,45,28,34,50,55,49
2024-10,Bahçelievler,European,mid,43926,1292,49064,184.5,53,44,60,34,50,55,49
2024-11,Bahçelievler,European,mid,44095,1297,47383,185.2,74,32,75,34,50,55,49
2024-12,Bahçelievler,European,mid,43217,1271,46568,181.5,58,9,83,34,50,55,49
2025-01,Bahçelievler,European,mid,47474,1319,53590,199.4,68,54,64,36,47.5,52.5,36
2025-02,Bahçelievler,European,mid,46464,1291,50642,195.1,123,53,84,36,47.5,52.5,36
2025-03,Bahçelievler,European,mid,45347,1260,50453,190.5,68,73,43,36,47.5,52.5,36
2025-04,Bahçelievler,European,mid,47442,1318,53719,199.3,173,39,74,36,47.5,52.5,36
2025-05,Bahçelievler,European,mid,47127,1309,51848,197.9,101,54,78,36,47.5,52.5,36
2025-06,Bahçelievler,European,mid,48015,1334,54870,201.7,92,10,11,36,47.5,52.5,36
2025-07,Bahçelievler,European,mid,49423,1354,53789,207.6,24,19,70,36.5,45,50,30
2025-08,Bahçelievler,European,mid,50558,1385,56704,212.3,93,61,42,36.5,45,50,30
2025-09,Bahçelievler,European,mid,49950,1368,55409,209.8,65,78,22,36.5,45,50,30
2025-10,Bahçelievler,European,mid,48732,1335,55020,204.7,84,50,19,36.5,45,50,30
2025-11,Bahçelievler,European,mid,49222,1349,55418,206.7,129,55,59,36.5,45,50,30
2025-12,Bahçelievler,European,mid,50809,1392,55457,213.4,19,69,40,36.5,45,50,30
2026-01,Bahçelievler,European,mid,50009,1370,54904,210,153,75,13,36.5,45,50,30
2026-02,Bahçelievler,European,mid,50504,1384,55082,212.1,87,72,34,36.5,45,50,30
2026-03,Bahçelievler,European,mid,50482,1383,55343,212,117,28,116,36.5,45,50,30
2026-04,Bahçelievler,European,mid,48964,1341,55189,205.6,35,16,107,36.5,45,50,30
2020-01,Bağcılar,European,mid,1787,288,1905,7.5,161,17,112,6.2,10.75,15.75,11
2020-02,Bağcılar,European,mid,1799,290,1947,7.6,96,50,28,6.2,10.75,15.75,11
2020-03,Bağcılar,European,mid,1752,283,1948,7.4,108,54,59,6.2,10.75,15.75,11
2020-04,Bağcılar,European,mid,2128,304,2352,8.9,159,8,44,7,8.25,13.25,11
2020-05,Bağcılar,European,mid,2232,319,2480,9.4,57,8,59,7,8.25,13.25,11
2020-06,Bağcılar,European,mid,2078,297,2225,8.7,171,40,59,7,8.25,13.25,11
2020-07,Bağcılar,European,mid,2093,299,2246,8.8,77,64,93,7,8.25,13.25,14
2020-08,Bağcılar,European,mid,2040,291,2349,8.6,36,59,103,7,8.25,13.25,14
2020-09,Bağcılar,European,mid,2188,313,2475,9.2,15,6,20,7,8.25,13.25,14
2020-10,Bağcılar,European,mid,2855,381,3212,12,167,78,83,7.5,10.25,15.25,14
2020-11,Bağcılar,European,mid,2944,393,3071,12.4,165,79,80,7.5,10.25,15.25,14
2020-12,Bağcılar,European,mid,2777,370,2984,11.7,158,29,23,7.5,10.25,15.25,14
2021-01,Bağcılar,European,mid,4047,540,4398,17,88,45,87,7.5,17,22,19.5
2021-02,Bağcılar,European,mid,3973,530,4508,16.7,146,39,96,7.5,17,22,19.5
2021-03,Bağcılar,European,mid,3990,532,4396,16.8,153,11,78,7.5,17,22,19.5
2021-04,Bağcılar,European,mid,3810,448,4278,16,15,23,33,8.5,19,24,19.5
2021-05,Bağcılar,European,mid,3954,465,4489,16.6,114,27,56,8.5,19,24,19.5
2021-06,Bağcılar,European,mid,3816,449,4233,16,48,18,71,8.5,19,24,19.5
2021-07,Bağcılar,European,mid,5600,659,6039,23.5,20,25,13,8.5,19,24,19.5
2021-08,Bağcılar,European,mid,5605,659,6159,23.5,40,75,70,8.5,19,24,19.5
2021-09,Bağcılar,European,mid,5736,675,6087,24.1,50,29,50,8.5,19,24,19.5
2021-10,Bağcılar,European,mid,5495,500,5908,23.1,44,44,17,11,14,19,54
2021-11,Bağcılar,European,mid,5699,518,6368,23.9,44,24,53,11,14,19,54
2021-12,Bağcılar,European,mid,5689,517,6619,23.9,77,36,20,11,14,19,54
2022-01,Bağcılar,European,mid,11515,794,12584,48.4,54,62,33,14.5,14,19,54
2022-02,Bağcılar,European,mid,11988,827,12818,50.4,123,59,33,14.5,14,19,54
2022-03,Bağcılar,European,mid,11373,784,12538,47.8,57,43,103,14.5,14,19,54
2022-04,Bağcılar,European,mid,11505,677,12863,48.3,46,79,57,17,14,19,80
2022-05,Bağcılar,European,mid,11767,692,13435,49.4,73,50,109,17,14,19,80
2022-06,Bağcılar,European,mid,12034,708,13488,50.5,63,79,106,17,14,19,80
2022-07,Bağcılar,European,mid,17928,1055,19805,75.3,44,47,51,17,12,17,80
2022-08,Bağcılar,European,mid,17701,1041,18983,74.3,140,14,10,17,12,17,80
2022-09,Bağcılar,European,mid,17667,1039,18414,74.2,35,7,34,17,12,17,80
2022-10,Bağcılar,European,mid,17069,913,19410,71.7,160,70,67,18.7,9,14,64
2022-11,Bağcılar,European,mid,17560,939,19606,73.8,69,67,110,18.7,9,14,64
2022-12,Bağcılar,European,mid,18515,990,21089,77.8,55,70,17,18.7,9,14,64
2023-01,Bağcılar,European,mid,24279,1156,25785,102,141,43,114,21,8.5,13.5,39
2023-02,Bağcılar,European,mid,24348,1159,25990,102.3,163,23,96,21,8.5,13.5,39
2023-03,Bağcılar,European,mid,24813,1182,26941,104.2,175,63,21,21,8.5,13.5,39
2023-04,Bağcılar,European,mid,25024,1192,26770,105.1,154,76,33,21,8.5,13.5,39
2023-05,Bağcılar,European,mid,25350,1207,29068,106.5,129,12,36,21,8.5,13.5,39
2023-06,Bağcılar,European,mid,25464,1213,27296,106.9,159,10,53,21,8.5,13.5,39
2023-07,Bağcılar,European,mid,30461,1149,32402,127.9,53,29,65,26.5,25,30,65
2023-08,Bağcılar,European,mid,30546,1153,34616,128.3,128,37,39,26.5,25,30,65
2023-09,Bağcılar,European,mid,30595,1155,32896,128.5,139,70,91,26.5,25,30,65
2023-10,Bağcılar,European,mid,31029,1070,35003,130.3,47,9,55,29,42.5,47.5,65
2023-11,Bağcılar,European,mid,30349,1047,32493,127.5,171,59,73,29,42.5,47.5,65
2023-12,Bağcılar,European,mid,30364,1047,32118,127.5,58,6,89,29,42.5,47.5,65
2024-01,Bağcılar,European,mid,34649,1083,36949,145.5,76,24,97,32,50,55,75
2024-02,Bağcılar,European,mid,36129,1129,39268,151.7,32,6,66,32,50,55,75
2024-03,Bağcılar,European,mid,34090,1065,39126,143.2,38,37,69,32,50,55,75
2024-04,Bağcılar,European,mid,36290,1134,40616,152.4,30,56,97,32,50,55,75
2024-05,Bağcılar,European,mid,34856,1089,36052,146.4,28,55,51,32,50,55,75
2024-06,Bağcılar,European,mid,35341,1104,38878,148.4,57,64,91,32,50,55,75
2024-07,Bağcılar,European,mid,36224,1065,39295,152.1,121,40,75,34,50,55,49
2024-08,Bağcılar,European,mid,38347,1128,42511,161.1,85,77,11,34,50,55,49
2024-09,Bağcılar,European,mid,37658,1108,40810,158.2,25,34,52,34,50,55,49
2024-10,Bağcılar,European,mid,38559,1134,43296,161.9,122,56,53,34,50,55,49
2024-11,Bağcılar,European,mid,35777,1052,39667,150.3,69,30,35,34,50,55,49
2024-12,Bağcılar,European,mid,37308,1097,38688,156.7,146,23,93,34,50,55,49
2025-01,Bağcılar,European,mid,40765,1132,45970,171.2,117,36,24,36,47.5,52.5,36
2025-02,Bağcılar,European,mid,39322,1092,43476,165.2,108,21,11,36,47.5,52.5,36
2025-03,Bağcılar,European,mid,39749,1104,44676,166.9,43,57,52,36,47.5,52.5,36
2025-04,Bağcılar,European,mid,40435,1123,44094,169.8,69,59,102,36,47.5,52.5,36
2025-05,Bağcılar,European,mid,40235,1118,44483,169,84,33,12,36,47.5,52.5,36
2025-06,Bağcılar,European,mid,39789,1105,44186,167.1,48,70,76,36,47.5,52.5,36
2025-07,Bağcılar,European,mid,41788,1145,45788,175.5,177,62,40,36.5,45,50,30
2025-08,Bağcılar,European,mid,42851,1174,48795,180,92,68,44,36.5,45,50,30
2025-09,Bağcılar,European,mid,44080,1208,47440,185.1,166,57,33,36.5,45,50,30
2025-10,Bağcılar,European,mid,42439,1163,46425,178.2,55,68,35,36.5,45,50,30
2025-11,Bağcılar,European,mid,42191,1156,45959,177.2,148,48,113,36.5,45,50,30
2025-12,Bağcılar,European,mid,41606,1140,45528,174.7,138,60,118,36.5,45,50,30
2026-01,Bağcılar,European,mid,43228,1184,47743,181.6,19,9,94,36.5,45,50,30
2026-02,Bağcılar,European,mid,41906,1148,46879,176,88,56,14,36.5,45,50,30
2026-03,Bağcılar,European,mid,43995,1205,48485,184.8,81,34,29,36.5,45,50,30
2026-04,Bağcılar,European,mid,43429,1190,48208,182.4,179,38,19,36.5,45,50,30
2020-01,Güngören,European,mid,1809,292,1959,7.6,69,22,71,6.2,10.75,15.75,11
2020-02,Güngören,European,mid,1845,298,1949,7.7,56,43,107,6.2,10.75,15.75,11
2020-03,Güngören,European,mid,1825,294,1962,7.7,15,66,93,6.2,10.75,15.75,11
2020-04,Güngören,European,mid,2118,303,2274,8.9,50,41,55,7,8.25,13.25,11
2020-05,Güngören,European,mid,2083,298,2296,8.7,103,41,28,7,8.25,13.25,11
2020-06,Güngören,European,mid,2124,303,2321,8.9,68,62,70,7,8.25,13.25,11
2020-07,Güngören,European,mid,2080,297,2210,8.7,46,68,23,7,8.25,13.25,14
2020-08,Güngören,European,mid,2165,309,2241,9.1,35,52,83,7,8.25,13.25,14
2020-09,Güngören,European,mid,2168,310,2317,9.1,92,38,96,7,8.25,13.25,14
2020-10,Güngören,European,mid,2947,393,3253,12.4,124,52,108,7.5,10.25,15.25,14
2020-11,Güngören,European,mid,2774,370,3048,11.6,68,12,37,7.5,10.25,15.25,14
2020-12,Güngören,European,mid,2800,373,3149,11.8,171,78,46,7.5,10.25,15.25,14
2021-01,Güngören,European,mid,4077,544,4466,17.1,55,21,113,7.5,17,22,19.5
2021-02,Güngören,European,mid,3873,516,4353,16.3,119,20,46,7.5,17,22,19.5
2021-03,Güngören,European,mid,3884,518,4437,16.3,24,40,98,7.5,17,22,19.5
2021-04,Güngören,European,mid,3930,462,4301,16.5,18,68,28,8.5,19,24,19.5
2021-05,Güngören,European,mid,4147,488,4396,17.4,53,10,45,8.5,19,24,19.5
2021-06,Güngören,European,mid,3722,438,4100,15.6,30,43,13,8.5,19,24,19.5
2021-07,Güngören,European,mid,5822,685,6244,24.5,19,65,91,8.5,19,24,19.5
2021-08,Güngören,European,mid,5790,681,6108,24.3,48,76,28,8.5,19,24,19.5
2021-09,Güngören,European,mid,5745,676,6540,24.1,84,50,96,8.5,19,24,19.5
2021-10,Güngören,European,mid,5773,525,6546,24.2,50,52,67,11,14,19,54
2021-11,Güngören,European,mid,5547,504,5886,23.3,175,26,62,11,14,19,54
2021-12,Güngören,European,mid,6032,548,6647,25.3,21,28,103,11,14,19,54
2022-01,Güngören,European,mid,11494,793,13059,48.3,108,30,90,14.5,14,19,54
2022-02,Güngören,European,mid,11776,812,12765,49.5,177,15,56,14.5,14,19,54
2022-03,Güngören,European,mid,11688,806,12514,49.1,40,67,105,14.5,14,19,54
2022-04,Güngören,European,mid,11377,669,11936,47.8,78,57,68,17,14,19,80
2022-05,Güngören,European,mid,11444,673,12542,48.1,103,57,111,17,14,19,80
2022-06,Güngören,European,mid,11610,683,12602,48.8,114,18,94,17,14,19,80
2022-07,Güngören,European,mid,17716,1042,18695,74.4,81,18,116,17,12,17,80
2022-08,Güngören,European,mid,18480,1087,20237,77.6,16,71,17,17,12,17,80
2022-09,Güngören,European,mid,18101,1065,19365,76,108,67,42,17,12,17,80
2022-10,Güngören,European,mid,16963,907,18636,71.2,143,35,55,18.7,9,14,64
2022-11,Güngören,European,mid,17116,915,18853,71.9,64,32,28,18.7,9,14,64
2022-12,Güngören,European,mid,17579,940,18996,73.8,133,65,37,18.7,9,14,64
2023-01,Güngören,European,mid,24627,1173,27521,103.4,72,64,70,21,8.5,13.5,39
2023-02,Güngören,European,mid,23768,1132,25130,99.8,144,60,97,21,8.5,13.5,39
2023-03,Güngören,European,mid,24842,1183,26988,104.3,109,18,49,21,8.5,13.5,39
2023-04,Güngören,European,mid,23918,1139,26365,100.5,132,62,94,21,8.5,13.5,39
2023-05,Güngören,European,mid,25061,1193,27362,105.3,161,18,46,21,8.5,13.5,39
2023-06,Güngören,European,mid,24247,1155,26705,101.8,137,61,81,21,8.5,13.5,39
2023-07,Güngören,European,mid,31040,1171,33585,130.4,17,6,18,26.5,25,30,65
2023-08,Güngören,European,mid,31268,1180,34773,131.3,160,24,75,26.5,25,30,65
2023-09,Güngören,European,mid,31125,1175,33512,130.7,64,16,39,26.5,25,30,65
2023-10,Güngören,European,mid,30669,1058,34947,128.8,22,26,115,29,42.5,47.5,65
2023-11,Güngören,European,mid,29817,1028,34097,125.2,56,55,34,29,42.5,47.5,65
2023-12,Güngören,European,mid,30258,1043,33000,127.1,108,66,15,29,42.5,47.5,65
2024-01,Güngören,European,mid,36208,1132,41307,152.1,15,9,67,32,50,55,75
2024-02,Güngören,European,mid,35330,1104,38410,148.4,163,64,103,32,50,55,75
2024-03,Güngören,European,mid,34294,1072,36349,144,25,42,18,32,50,55,75
2024-04,Güngören,European,mid,35669,1115,38323,149.8,55,24,47,32,50,55,75
2024-05,Güngören,European,mid,34929,1092,39177,146.7,161,11,85,32,50,55,75
2024-06,Güngören,European,mid,35268,1102,39433,148.1,159,23,54,32,50,55,75
2024-07,Güngören,European,mid,37433,1101,41883,157.2,113,59,55,34,50,55,49
2024-08,Güngören,European,mid,37413,1100,39827,157.1,16,34,105,34,50,55,49
2024-09,Güngören,European,mid,38627,1136,42602,162.2,103,18,38,34,50,55,49
2024-10,Güngören,European,mid,37158,1093,38883,156.1,41,61,70,34,50,55,49
2024-11,Güngören,European,mid,37837,1113,41012,158.9,44,46,83,34,50,55,49
2024-12,Güngören,European,mid,39414,1159,42994,165.5,108,50,115,34,50,55,49
2025-01,Güngören,European,mid,39269,1091,43044,164.9,28,44,97,36,47.5,52.5,36
2025-02,Güngören,European,mid,39763,1105,43727,167,172,52,99,36,47.5,52.5,36
2025-03,Güngören,European,mid,40254,1118,44471,169.1,126,19,73,36,47.5,52.5,36
2025-04,Güngören,European,mid,38518,1070,40087,161.8,71,12,89,36,47.5,52.5,36
2025-05,Güngören,European,mid,39785,1105,42103,167.1,43,22,44,36,47.5,52.5,36
2025-06,Güngören,European,mid,41179,1144,42800,173,50,43,113,36,47.5,52.5,36
2025-07,Güngören,European,mid,42954,1177,48165,180.4,96,18,54,36.5,45,50,30
2025-08,Güngören,European,mid,42711,1170,47149,179.4,64,34,27,36.5,45,50,30
2025-09,Güngören,European,mid,42893,1175,48181,180.2,59,20,74,36.5,45,50,30
2025-10,Güngören,European,mid,40650,1114,44903,170.7,142,10,117,36.5,45,50,30
2025-11,Güngören,European,mid,42069,1153,45544,176.7,15,11,54,36.5,45,50,30
2025-12,Güngören,European,mid,40650,1114,45240,170.7,19,49,86,36.5,45,50,30
2026-01,Güngören,European,mid,42639,1168,46396,179.1,138,22,48,36.5,45,50,30
2026-02,Güngören,European,mid,43393,1189,47034,182.3,91,42,63,36.5,45,50,30
2026-03,Güngören,European,mid,43163,1183,46287,181.3,170,51,114,36.5,45,50,30
2026-04,Güngören,European,mid,42180,1156,46392,177.2,88,65,72,36.5,45,50,30
2020-01,Esenler,European,affordable,1566,253,1702,6.6,175,61,90,6.2,10.75,15.75,11
2020-02,Esenler,European,affordable,1576,254,1739,6.6,112,18,62,6.2,10.75,15.75,11
2020-03,Esenler,European,affordable,1572,254,1679,6.6,58,28,30,6.2,10.75,15.75,11
2020-04,Esenler,European,affordable,1991,284,2201,8.4,49,53,119,7,8.25,13.25,11
2020-05,Esenler,European,affordable,1826,261,1961,7.7,34,76,102,7,8.25,13.25,11
2020-06,Esenler,European,affordable,1982,283,2185,8.3,55,68,99,7,8.25,13.25,11
2020-07,Esenler,European,affordable,1966,281,2177,8.3,68,43,50,7,8.25,13.25,14
2020-08,Esenler,European,affordable,1929,276,2113,8.1,113,29,51,7,8.25,13.25,14
2020-09,Esenler,European,affordable,1950,279,2073,8.2,174,74,52,7,8.25,13.25,14
2020-10,Esenler,European,affordable,2567,342,2797,10.8,49,6,103,7.5,10.25,15.25,14
2020-11,Esenler,European,affordable,2553,340,2783,10.7,16,78,101,7.5,10.25,15.25,14
2020-12,Esenler,European,affordable,2575,343,2749,10.8,172,77,65,7.5,10.25,15.25,14
2021-01,Esenler,European,affordable,3560,475,3914,15,76,14,118,7.5,17,22,19.5
2021-02,Esenler,European,affordable,3627,484,3865,15.2,54,46,24,7.5,17,22,19.5
2021-03,Esenler,European,affordable,3557,474,4051,14.9,119,59,47,7.5,17,22,19.5
2021-04,Esenler,European,affordable,3565,419,3788,15,59,69,80,8.5,19,24,19.5
2021-05,Esenler,European,affordable,3610,425,3970,15.2,116,47,86,8.5,19,24,19.5
2021-06,Esenler,European,affordable,3540,416,3753,14.9,76,78,37,8.5,19,24,19.5
2021-07,Esenler,European,affordable,5234,616,5821,22,47,57,85,8.5,19,24,19.5
2021-08,Esenler,European,affordable,5087,598,5558,21.4,121,35,118,8.5,19,24,19.5
2021-09,Esenler,European,affordable,4951,583,5799,20.8,53,13,113,8.5,19,24,19.5
2021-10,Esenler,European,affordable,5122,466,5642,21.5,17,9,28,11,14,19,54
2021-11,Esenler,European,affordable,5120,465,5663,21.5,79,14,83,11,14,19,54
2021-12,Esenler,European,affordable,5190,472,5519,21.8,163,58,91,11,14,19,54
2022-01,Esenler,European,affordable,9577,660,10207,40.2,104,71,95,14.5,14,19,54
2022-02,Esenler,European,affordable,10387,716,11003,43.6,93,13,53,14.5,14,19,54
2022-03,Esenler,European,affordable,10678,736,11571,44.8,35,28,67,14.5,14,19,54
2022-04,Esenler,European,affordable,10124,596,11514,42.5,66,78,71,17,14,19,80
2022-05,Esenler,European,affordable,10358,609,11509,43.5,98,30,77,17,14,19,80
2022-06,Esenler,European,affordable,10766,633,12046,45.2,64,30,117,17,14,19,80
2022-07,Esenler,European,affordable,16734,984,18140,70.3,174,5,115,17,12,17,80
2022-08,Esenler,European,affordable,16251,956,16901,68.3,155,37,52,17,12,17,80
2022-09,Esenler,European,affordable,15970,939,17846,67.1,156,77,69,17,12,17,80
2022-10,Esenler,European,affordable,15728,841,16643,66.1,26,9,62,18.7,9,14,64
2022-11,Esenler,European,affordable,15714,840,16896,66,88,20,21,18.7,9,14,64
2022-12,Esenler,European,affordable,15803,845,17379,66.4,55,63,100,18.7,9,14,64
2023-01,Esenler,European,affordable,22133,1054,24641,93,94,45,95,21,8.5,13.5,39
2023-02,Esenler,European,affordable,20989,999,23690,88.2,28,31,50,21,8.5,13.5,39
2023-03,Esenler,European,affordable,21139,1007,23313,88.8,91,8,12,21,8.5,13.5,39
2023-04,Esenler,European,affordable,22180,1056,24738,93.2,87,62,41,21,8.5,13.5,39
2023-05,Esenler,European,affordable,21813,1039,24343,91.6,127,24,77,21,8.5,13.5,39
2023-06,Esenler,European,affordable,21940,1045,22839,92.2,51,15,101,21,8.5,13.5,39
2023-07,Esenler,European,affordable,27894,1053,31793,117.2,131,79,90,26.5,25,30,65
2023-08,Esenler,European,affordable,27450,1036,29978,115.3,104,36,46,26.5,25,30,65
2023-09,Esenler,European,affordable,27606,1042,30639,115.9,161,48,93,26.5,25,30,65
2023-10,Esenler,European,affordable,27419,945,30033,115.2,172,20,114,29,42.5,47.5,65
2023-11,Esenler,European,affordable,26779,923,29582,112.5,165,54,52,29,42.5,47.5,65
2023-12,Esenler,European,affordable,26633,918,27656,111.9,66,51,95,29,42.5,47.5,65
2024-01,Esenler,European,affordable,31304,978,34898,131.5,41,24,49,32,50,55,75
2024-02,Esenler,European,affordable,31150,973,33682,130.8,178,58,12,32,50,55,75
2024-03,Esenler,European,affordable,31264,977,34128,131.3,140,75,93,32,50,55,75
2024-04,Esenler,European,affordable,31103,972,34645,130.6,127,78,70,32,50,55,75
2024-05,Esenler,European,affordable,30462,952,33546,127.9,62,37,75,32,50,55,75
2024-06,Esenler,European,affordable,31134,973,33594,130.8,124,10,81,32,50,55,75
2024-07,Esenler,European,affordable,32437,954,34927,136.2,155,25,102,34,50,55,49
2024-08,Esenler,European,affordable,33011,971,35894,138.6,37,7,66,34,50,55,49
2024-09,Esenler,European,affordable,33404,982,38636,140.3,59,28,48,34,50,55,49
2024-10,Esenler,European,affordable,34590,1017,37911,145.3,128,17,57,34,50,55,49
2024-11,Esenler,European,affordable,32866,967,35464,138,38,76,22,34,50,55,49
2024-12,Esenler,European,affordable,34339,1010,38303,144.2,136,77,58,34,50,55,49
2025-01,Esenler,European,affordable,35381,983,39755,148.6,44,55,114,36,47.5,52.5,36
2025-02,Esenler,European,affordable,37072,1030,40672,155.7,153,33,110,36,47.5,52.5,36
2025-03,Esenler,European,affordable,37547,1043,39970,157.7,122,33,67,36,47.5,52.5,36
2025-04,Esenler,European,affordable,35943,998,40591,151,78,74,23,36,47.5,52.5,36
2025-05,Esenler,European,affordable,37059,1029,40278,155.6,127,16,119,36,47.5,52.5,36
2025-06,Esenler,European,affordable,34772,966,39675,146,128,74,112,36,47.5,52.5,36
2025-07,Esenler,European,affordable,39649,1086,43244,166.5,150,66,39,36.5,45,50,30
2025-08,Esenler,European,affordable,37017,1014,40483,155.5,137,13,102,36.5,45,50,30
2025-09,Esenler,European,affordable,37462,1026,43609,157.3,22,45,58,36.5,45,50,30
2025-10,Esenler,European,affordable,37935,1039,42624,159.3,115,10,29,36.5,45,50,30
2025-11,Esenler,European,affordable,37450,1026,40805,157.3,109,37,76,36.5,45,50,30
2025-12,Esenler,European,affordable,38046,1042,41767,159.8,162,59,30,36.5,45,50,30
2026-01,Esenler,European,affordable,38237,1048,43437,160.6,47,49,64,36.5,45,50,30
2026-02,Esenler,European,affordable,37150,1018,39758,156,160,65,101,36.5,45,50,30
2026-03,Esenler,European,affordable,37061,1015,41736,155.7,141,34,70,36.5,45,50,30
2026-04,Esenler,European,affordable,38121,1044,43497,160.1,48,71,94,36.5,45,50,30
2020-01,Sultangazi,European,affordable,1393,225,1511,5.9,47,62,41,6.2,10.75,15.75,11
2020-02,Sultangazi,European,affordable,1385,223,1506,5.8,136,46,18,6.2,10.75,15.75,11
2020-03,Sultangazi,European,affordable,1389,224,1539,5.8,123,77,29,6.2,10.75,15.75,11
2020-04,Sultangazi,European,affordable,1655,236,1870,6.9,103,19,97,7,8.25,13.25,11
2020-05,Sultangazi,European,affordable,1702,243,1993,7.1,26,22,23,7,8.25,13.25,11
2020-06,Sultangazi,European,affordable,1689,241,1892,7.1,106,45,58,7,8.25,13.25,11
2020-07,Sultangazi,European,affordable,1719,246,1878,7.2,48,69,51,7,8.25,13.25,14
2020-08,Sultangazi,European,affordable,1685,241,1883,7.1,112,60,48,7,8.25,13.25,14
2020-09,Sultangazi,European,affordable,1731,247,1889,7.3,27,29,57,7,8.25,13.25,14
2020-10,Sultangazi,European,affordable,2271,303,2553,9.5,66,18,11,7.5,10.25,15.25,14
2020-11,Sultangazi,European,affordable,2144,286,2359,9,131,30,66,7.5,10.25,15.25,14
2020-12,Sultangazi,European,affordable,2318,309,2557,9.7,150,15,30,7.5,10.25,15.25,14
2021-01,Sultangazi,European,affordable,3199,427,3551,13.4,41,59,74,7.5,17,22,19.5
2021-02,Sultangazi,European,affordable,3053,407,3249,12.8,126,77,107,7.5,17,22,19.5
2021-03,Sultangazi,European,affordable,3107,414,3381,13,171,5,82,7.5,17,22,19.5
2021-04,Sultangazi,European,affordable,3070,361,3383,12.9,125,15,70,8.5,19,24,19.5
2021-05,Sultangazi,European,affordable,3001,353,3417,12.6,30,39,25,8.5,19,24,19.5
2021-06,Sultangazi,European,affordable,3027,356,3403,12.7,79,37,47,8.5,19,24,19.5
2021-07,Sultangazi,European,affordable,4556,536,5227,19.1,17,26,65,8.5,19,24,19.5
2021-08,Sultangazi,European,affordable,4572,538,5015,19.2,44,45,62,8.5,19,24,19.5
2021-09,Sultangazi,European,affordable,4574,538,4799,19.2,81,23,79,8.5,19,24,19.5
2021-10,Sultangazi,European,affordable,4591,417,5071,19.3,175,71,82,11,14,19,54
2021-11,Sultangazi,European,affordable,4405,400,4971,18.5,79,75,55,11,14,19,54
2021-12,Sultangazi,European,affordable,4518,411,5173,19,178,52,85,11,14,19,54
2022-01,Sultangazi,European,affordable,9134,630,10265,38.4,146,10,109,14.5,14,19,54
2022-02,Sultangazi,European,affordable,8524,588,9443,35.8,141,27,52,14.5,14,19,54
2022-03,Sultangazi,European,affordable,9317,643,10822,39.1,115,74,71,14.5,14,19,54
2022-04,Sultangazi,European,affordable,9022,531,9532,37.9,98,14,23,17,14,19,80
2022-05,Sultangazi,European,affordable,8907,524,9545,37.4,48,39,94,17,14,19,80
2022-06,Sultangazi,European,affordable,8889,523,9408,37.3,123,20,90,17,14,19,80
2022-07,Sultangazi,European,affordable,13651,803,15443,57.3,27,32,52,17,12,17,80
2022-08,Sultangazi,European,affordable,14019,825,16019,58.9,25,40,33,17,12,17,80
2022-09,Sultangazi,European,affordable,13280,781,14448,55.8,142,37,25,17,12,17,80
2022-10,Sultangazi,European,affordable,13855,741,15365,58.2,96,59,35,18.7,9,14,64
2022-11,Sultangazi,European,affordable,14406,770,15367,60.5,70,45,16,18.7,9,14,64
2022-12,Sultangazi,European,affordable,13859,741,15048,58.2,141,5,37,18.7,9,14,64
2023-01,Sultangazi,European,affordable,19075,908,20925,80.1,28,26,22,21,8.5,13.5,39
2023-02,Sultangazi,European,affordable,18430,878,19894,77.4,120,70,118,21,8.5,13.5,39
2023-03,Sultangazi,European,affordable,18591,885,20489,78.1,92,44,19,21,8.5,13.5,39
2023-04,Sultangazi,European,affordable,19129,911,21083,80.3,33,69,118,21,8.5,13.5,39
2023-05,Sultangazi,European,affordable,18937,902,20835,79.5,145,47,13,21,8.5,13.5,39
2023-06,Sultangazi,European,affordable,19462,927,21763,81.7,104,38,56,21,8.5,13.5,39
2023-07,Sultangazi,European,affordable,24264,916,26118,101.9,87,20,56,26.5,25,30,65
2023-08,Sultangazi,European,affordable,23520,888,26457,98.8,45,55,89,26.5,25,30,65
2023-09,Sultangazi,European,affordable,24548,926,27617,103.1,122,11,51,26.5,25,30,65
2023-10,Sultangazi,European,affordable,23247,802,24702,97.6,101,20,38,29,42.5,47.5,65
2023-11,Sultangazi,European,affordable,23611,814,26803,99.2,44,6,82,29,42.5,47.5,65
2023-12,Sultangazi,European,affordable,24496,845,27630,102.9,141,40,17,29,42.5,47.5,65
2024-01,Sultangazi,European,affordable,26266,821,27963,110.3,160,62,20,32,50,55,75
2024-02,Sultangazi,European,affordable,27932,873,31376,117.3,23,53,15,32,50,55,75
2024-03,Sultangazi,European,affordable,27472,859,28951,115.4,126,39,92,32,50,55,75
2024-04,Sultangazi,European,affordable,27449,858,28365,115.3,138,46,69,32,50,55,75
2024-05,Sultangazi,European,affordable,27269,852,30354,114.5,152,65,102,32,50,55,75
2024-06,Sultangazi,European,affordable,27175,849,30205,114.1,61,68,88,32,50,55,75
2024-07,Sultangazi,European,affordable,30283,891,33479,127.2,133,63,87,34,50,55,49
2024-08,Sultangazi,European,affordable,28085,826,29956,118,178,56,118,34,50,55,49
2024-09,Sultangazi,European,affordable,29477,867,32610,123.8,172,41,22,34,50,55,49
2024-10,Sultangazi,European,affordable,28910,850,31745,121.4,157,78,96,34,50,55,49
2024-11,Sultangazi,European,affordable,30233,889,31972,127,62,63,112,34,50,55,49
2024-12,Sultangazi,European,affordable,28840,848,32554,121.1,142,75,60,34,50,55,49
2025-01,Sultangazi,European,affordable,30459,846,32440,127.9,17,42,68,36,47.5,52.5,36
2025-02,Sultangazi,European,affordable,31434,873,35156,132,119,62,94,36,47.5,52.5,36
2025-03,Sultangazi,European,affordable,30911,859,33712,129.8,65,66,106,36,47.5,52.5,36
2025-04,Sultangazi,European,affordable,31884,886,35509,133.9,176,42,62,36,47.5,52.5,36
2025-05,Sultangazi,European,affordable,31623,878,35477,132.8,99,18,92,36,47.5,52.5,36
2025-06,Sultangazi,European,affordable,31562,877,35279,132.6,72,41,106,36,47.5,52.5,36
2025-07,Sultangazi,European,affordable,33412,915,38073,140.3,166,62,104,36.5,45,50,30
2025-08,Sultangazi,European,affordable,32637,894,35139,137.1,89,13,46,36.5,45,50,30
2025-09,Sultangazi,European,affordable,31517,863,35859,132.4,84,79,104,36.5,45,50,30
2025-10,Sultangazi,European,affordable,32864,900,36379,138,48,17,13,36.5,45,50,30
2025-11,Sultangazi,European,affordable,33457,917,36050,140.5,170,12,33,36.5,45,50,30
2025-12,Sultangazi,European,affordable,32296,885,35056,135.6,134,51,74,36.5,45,50,30
2026-01,Sultangazi,European,affordable,31877,873,35810,133.9,49,28,116,36.5,45,50,30
2026-02,Sultangazi,European,affordable,32580,893,34854,136.8,91,48,74,36.5,45,50,30
2026-03,Sultangazi,European,affordable,33273,912,37270,139.7,138,68,38,36.5,45,50,30
2026-04,Sultangazi,European,affordable,33489,918,38792,140.7,122,74,87,36.5,45,50,30
2020-01,Gaziosmanpaşa,European,affordable,1551,250,1735,6.5,96,66,20,6.2,10.75,15.75,11
2020-02,Gaziosmanpaşa,European,affordable,1654,267,1804,6.9,113,79,60,6.2,10.75,15.75,11
2020-03,Gaziosmanpaşa,European,affordable,1602,258,1747,6.7,123,76,101,6.2,10.75,15.75,11
2020-04,Gaziosmanpaşa,European,affordable,1857,265,2170,7.8,93,49,108,7,8.25,13.25,11
2020-05,Gaziosmanpaşa,European,affordable,1912,273,2129,8,69,75,18,7,8.25,13.25,11
2020-06,Gaziosmanpaşa,European,affordable,1927,275,2094,8.1,113,26,20,7,8.25,13.25,11
2020-07,Gaziosmanpaşa,European,affordable,1957,280,2166,8.2,24,8,23,7,8.25,13.25,14
2020-08,Gaziosmanpaşa,European,affordable,1920,274,2103,8.1,24,44,28,7,8.25,13.25,14
2020-09,Gaziosmanpaşa,European,affordable,1912,273,2120,8,112,27,83,7,8.25,13.25,14
2020-10,Gaziosmanpaşa,European,affordable,2567,342,3020,10.8,109,65,11,7.5,10.25,15.25,14
2020-11,Gaziosmanpaşa,European,affordable,2552,340,2824,10.7,172,67,92,7.5,10.25,15.25,14
2020-12,Gaziosmanpaşa,European,affordable,2606,347,2775,10.9,147,39,36,7.5,10.25,15.25,14
2021-01,Gaziosmanpaşa,European,affordable,3542,472,3811,14.9,131,73,38,7.5,17,22,19.5
2021-02,Gaziosmanpaşa,European,affordable,3664,489,3944,15.4,179,72,48,7.5,17,22,19.5
2021-03,Gaziosmanpaşa,European,affordable,3465,462,3714,14.6,17,71,96,7.5,17,22,19.5
2021-04,Gaziosmanpaşa,European,affordable,3408,401,3702,14.3,36,56,29,8.5,19,24,19.5
2021-05,Gaziosmanpaşa,European,affordable,3474,409,3857,14.6,132,56,42,8.5,19,24,19.5
2021-06,Gaziosmanpaşa,European,affordable,3404,400,3732,14.3,163,16,52,8.5,19,24,19.5
2021-07,Gaziosmanpaşa,European,affordable,5070,596,5654,21.3,150,28,34,8.5,19,24,19.5
2021-08,Gaziosmanpaşa,European,affordable,5097,600,5719,21.4,46,52,119,8.5,19,24,19.5
2021-09,Gaziosmanpaşa,European,affordable,5183,610,5918,21.8,59,78,87,8.5,19,24,19.5
2021-10,Gaziosmanpaşa,European,affordable,5057,460,5620,21.2,41,46,103,11,14,19,54
2021-11,Gaziosmanpaşa,European,affordable,5230,475,5750,22,30,46,31,11,14,19,54
2021-12,Gaziosmanpaşa,European,affordable,4880,444,5509,20.5,82,78,61,11,14,19,54
2022-01,Gaziosmanpaşa,European,affordable,10326,712,11289,43.4,34,49,83,14.5,14,19,54
2022-02,Gaziosmanpaşa,European,affordable,10464,722,11589,43.9,44,74,105,14.5,14,19,54
2022-03,Gaziosmanpaşa,European,affordable,9949,686,10842,41.8,173,38,47,14.5,14,19,54
2022-04,Gaziosmanpaşa,European,affordable,10306,606,11271,43.3,101,64,17,17,14,19,80
2022-05,Gaziosmanpaşa,European,affordable,10270,604,11406,43.1,142,6,95,17,14,19,80
2022-06,Gaziosmanpaşa,European,affordable,10224,601,10479,42.9,123,44,79,17,14,19,80
2022-07,Gaziosmanpaşa,European,affordable,16635,979,18666,69.9,24,33,106,17,12,17,80
2022-08,Gaziosmanpaşa,European,affordable,15795,929,17142,66.3,92,33,97,17,12,17,80
2022-09,Gaziosmanpaşa,European,affordable,15301,900,17663,64.3,45,68,26,17,12,17,80
2022-10,Gaziosmanpaşa,European,affordable,16164,864,17849,67.9,148,13,22,18.7,9,14,64
2022-11,Gaziosmanpaşa,European,affordable,16232,868,16920,68.2,39,56,81,18.7,9,14,64
2022-12,Gaziosmanpaşa,European,affordable,15602,834,17009,65.5,27,43,113,18.7,9,14,64
2023-01,Gaziosmanpaşa,European,affordable,22181,1056,25713,93.2,48,42,101,21,8.5,13.5,39
2023-02,Gaziosmanpaşa,European,affordable,21807,1038,24666,91.6,47,63,78,21,8.5,13.5,39
2023-03,Gaziosmanpaşa,European,affordable,20765,989,23607,87.2,137,36,12,21,8.5,13.5,39
2023-04,Gaziosmanpaşa,European,affordable,22089,1052,24954,92.8,129,28,16,21,8.5,13.5,39
2023-05,Gaziosmanpaşa,European,affordable,21895,1043,24164,92,89,38,22,21,8.5,13.5,39
2023-06,Gaziosmanpaşa,European,affordable,22178,1056,25013,93.1,128,19,28,21,8.5,13.5,39
2023-07,Gaziosmanpaşa,European,affordable,27266,1029,30655,114.5,39,58,13,26.5,25,30,65
2023-08,Gaziosmanpaşa,European,affordable,26767,1010,28406,112.4,159,68,27,26.5,25,30,65
2023-09,Gaziosmanpaşa,European,affordable,27120,1023,30834,113.9,24,45,114,26.5,25,30,65
2023-10,Gaziosmanpaşa,European,affordable,26489,913,28891,111.3,62,47,49,29,42.5,47.5,65
2023-11,Gaziosmanpaşa,European,affordable,28677,989,33167,120.4,116,8,114,29,42.5,47.5,65
2023-12,Gaziosmanpaşa,European,affordable,27587,951,30068,115.9,91,78,62,29,42.5,47.5,65
2024-01,Gaziosmanpaşa,European,affordable,32290,1009,36053,135.6,113,22,106,32,50,55,75
2024-02,Gaziosmanpaşa,European,affordable,32885,1028,36242,138.1,102,69,50,32,50,55,75
2024-03,Gaziosmanpaşa,European,affordable,32135,1004,34937,135,70,17,49,32,50,55,75
2024-04,Gaziosmanpaşa,European,affordable,30671,958,33942,128.8,40,26,58,32,50,55,75
2024-05,Gaziosmanpaşa,European,affordable,31704,991,35059,133.2,165,39,39,32,50,55,75
2024-06,Gaziosmanpaşa,European,affordable,32037,1001,34624,134.6,45,66,106,32,50,55,75
2024-07,Gaziosmanpaşa,European,affordable,32683,961,37297,137.3,33,35,33,34,50,55,49
2024-08,Gaziosmanpaşa,European,affordable,33689,991,35483,141.5,144,10,83,34,50,55,49
2024-09,Gaziosmanpaşa,European,affordable,34860,1025,37460,146.4,139,75,71,34,50,55,49
2024-10,Gaziosmanpaşa,European,affordable,35064,1031,38726,147.3,157,59,34,34,50,55,49
2024-11,Gaziosmanpaşa,European,affordable,33809,994,36887,142,110,23,23,34,50,55,49
2024-12,Gaziosmanpaşa,European,affordable,34003,1000,38050,142.8,108,34,71,34,50,55,49
2025-01,Gaziosmanpaşa,European,affordable,36692,1019,40424,154.1,98,28,27,36,47.5,52.5,36
2025-02,Gaziosmanpaşa,European,affordable,37991,1055,42009,159.6,124,63,50,36,47.5,52.5,36
2025-03,Gaziosmanpaşa,European,affordable,35820,995,41038,150.4,43,19,113,36,47.5,52.5,36
2025-04,Gaziosmanpaşa,European,affordable,35835,995,38848,150.5,115,52,113,36,47.5,52.5,36
2025-05,Gaziosmanpaşa,European,affordable,34806,967,37893,146.2,91,48,86,36,47.5,52.5,36
2025-06,Gaziosmanpaşa,European,affordable,35201,978,37700,147.8,125,33,54,36,47.5,52.5,36
2025-07,Gaziosmanpaşa,European,affordable,36845,1009,42298,154.8,100,52,104,36.5,45,50,30
2025-08,Gaziosmanpaşa,European,affordable,39907,1093,43341,167.6,18,58,28,36.5,45,50,30
2025-09,Gaziosmanpaşa,European,affordable,38636,1059,41985,162.3,117,75,17,36.5,45,50,30
2025-10,Gaziosmanpaşa,European,affordable,39036,1069,42475,164,158,55,96,36.5,45,50,30
2025-11,Gaziosmanpaşa,European,affordable,39387,1079,45492,165.4,47,74,54,36.5,45,50,30
2025-12,Gaziosmanpaşa,European,affordable,38514,1055,41823,161.8,165,8,27,36.5,45,50,30
2026-01,Gaziosmanpaşa,European,affordable,38171,1046,43102,160.3,53,56,80,36.5,45,50,30
2026-02,Gaziosmanpaşa,European,affordable,37245,1020,41777,156.4,163,73,73,36.5,45,50,30
2026-03,Gaziosmanpaşa,European,affordable,36970,1013,41120,155.3,43,13,21,36.5,45,50,30
2026-04,Gaziosmanpaşa,European,affordable,38350,1051,42581,161.1,31,37,26,36.5,45,50,30
2020-01,Küçükçekmece,European,affordable,1714,276,1862,7.2,87,45,42,6.2,10.75,15.75,11
2020-02,Küçükçekmece,European,affordable,1808,292,2062,7.6,163,9,96,6.2,10.75,15.75,11
2020-03,Küçükçekmece,European,affordable,1669,269,1820,7,22,74,28,6.2,10.75,15.75,11
2020-04,Küçükçekmece,European,affordable,2046,292,2171,8.6,117,38,51,7,8.25,13.25,11
2020-05,Küçükçekmece,European,affordable,2073,296,2356,8.7,132,68,23,7,8.25,13.25,11
2020-06,Küçükçekmece,European,affordable,2116,302,2285,8.9,90,43,12,7,8.25,13.25,11
2020-07,Küçükçekmece,European,affordable,2111,302,2263,8.9,128,64,32,7,8.25,13.25,14
2020-08,Küçükçekmece,European,affordable,2154,308,2315,9,58,59,38,7,8.25,13.25,14
2020-09,Küçükçekmece,European,affordable,2153,308,2445,9,37,20,40,7,8.25,13.25,14
2020-10,Küçükçekmece,European,affordable,2660,355,2950,11.2,131,18,108,7.5,10.25,15.25,14
2020-11,Küçükçekmece,European,affordable,2775,370,3070,11.7,18,64,86,7.5,10.25,15.25,14
2020-12,Küçükçekmece,European,affordable,2770,369,3065,11.6,91,54,45,7.5,10.25,15.25,14
2021-01,Küçükçekmece,European,affordable,3766,502,4161,15.8,166,46,11,7.5,17,22,19.5
2021-02,Küçükçekmece,European,affordable,3807,508,4231,16,120,10,12,7.5,17,22,19.5
2021-03,Küçükçekmece,European,affordable,3971,530,4141,16.7,153,67,68,7.5,17,22,19.5
2021-04,Küçükçekmece,European,affordable,3769,443,4053,15.8,157,48,108,8.5,19,24,19.5
2021-05,Küçükçekmece,European,affordable,3938,463,4497,16.5,76,66,49,8.5,19,24,19.5
2021-06,Küçükçekmece,European,affordable,3815,449,4222,16,143,55,92,8.5,19,24,19.5
2021-07,Küçükçekmece,European,affordable,5711,672,6159,24,71,35,61,8.5,19,24,19.5
2021-08,Küçükçekmece,European,affordable,5688,669,6096,23.9,157,6,80,8.5,19,24,19.5
2021-09,Küçükçekmece,European,affordable,5633,663,6151,23.7,67,47,54,8.5,19,24,19.5
2021-10,Küçükçekmece,European,affordable,5567,506,6247,23.4,141,21,56,11,14,19,54
2021-11,Küçükçekmece,European,affordable,5527,502,6095,23.2,39,40,110,11,14,19,54
2021-12,Küçükçekmece,European,affordable,5471,497,6261,23,26,45,12,11,14,19,54
2022-01,Küçükçekmece,European,affordable,11456,790,13174,48.1,18,77,81,14.5,14,19,54
2022-02,Küçükçekmece,European,affordable,11285,778,12366,47.4,137,47,114,14.5,14,19,54
2022-03,Küçükçekmece,European,affordable,10631,733,11413,44.7,116,43,113,14.5,14,19,54
2022-04,Küçükçekmece,European,affordable,11214,660,12836,47.1,60,65,68,17,14,19,80
2022-05,Küçükçekmece,European,affordable,11521,678,12251,48.4,178,73,41,17,14,19,80
2022-06,Küçükçekmece,European,affordable,11413,671,12705,47.9,101,29,52,17,14,19,80
2022-07,Küçükçekmece,European,affordable,17744,1044,19844,74.5,78,57,49,17,12,17,80
2022-08,Küçükçekmece,European,affordable,18162,1068,19572,76.3,111,17,58,17,12,17,80
2022-09,Küçükçekmece,European,affordable,17686,1040,20017,74.3,62,68,15,17,12,17,80
2022-10,Küçükçekmece,European,affordable,18357,982,19741,77.1,19,44,32,18.7,9,14,64
2022-11,Küçükçekmece,European,affordable,17950,960,18868,75.4,147,19,37,18.7,9,14,64
2022-12,Küçükçekmece,European,affordable,17829,953,19548,74.9,142,59,41,18.7,9,14,64
2023-01,Küçükçekmece,European,affordable,24059,1146,26538,101,42,60,72,21,8.5,13.5,39
2023-02,Küçükçekmece,European,affordable,23791,1133,27384,99.9,78,67,99,21,8.5,13.5,39
2023-03,Küçükçekmece,European,affordable,23905,1138,26178,100.4,150,20,59,21,8.5,13.5,39
2023-04,Küçükçekmece,European,affordable,23104,1100,26571,97,175,52,30,21,8.5,13.5,39
2023-05,Küçükçekmece,European,affordable,23427,1116,25605,98.4,81,16,19,21,8.5,13.5,39
2023-06,Küçükçekmece,European,affordable,23443,1116,25585,98.5,138,66,62,21,8.5,13.5,39
2023-07,Küçükçekmece,European,affordable,30354,1145,31574,127.5,134,13,102,26.5,25,30,65
2023-08,Küçükçekmece,European,affordable,29192,1102,31324,122.6,61,6,97,26.5,25,30,65
2023-09,Küçükçekmece,European,affordable,29751,1123,33375,125,159,31,27,26.5,25,30,65
2023-10,Küçükçekmece,European,affordable,29306,1011,32827,123.1,116,33,76,29,42.5,47.5,65
2023-11,Küçükçekmece,European,affordable,28798,993,31950,121,96,24,87,29,42.5,47.5,65
2023-12,Küçükçekmece,European,affordable,31017,1070,34312,130.3,28,9,75,29,42.5,47.5,65
2024-01,Küçükçekmece,European,affordable,34231,1070,37907,143.8,141,14,100,32,50,55,75
2024-02,Küçükçekmece,European,affordable,34519,1079,38449,145,128,37,83,32,50,55,75
2024-03,Küçükçekmece,European,affordable,34231,1070,38944,143.8,38,79,66,32,50,55,75
2024-04,Küçükçekmece,European,affordable,34696,1084,38677,145.7,173,56,18,32,50,55,75
2024-05,Küçükçekmece,European,affordable,34750,1086,39513,145.9,16,22,13,32,50,55,75
2024-06,Küçükçekmece,European,affordable,35084,1096,38298,147.4,95,37,100,32,50,55,75
2024-07,Küçükçekmece,European,affordable,37472,1102,39514,157.4,48,22,70,34,50,55,49
2024-08,Küçükçekmece,European,affordable,36430,1071,41653,153,43,46,25,34,50,55,49
2024-09,Küçükçekmece,European,affordable,37409,1100,41556,157.1,41,51,101,34,50,55,49
2024-10,Küçükçekmece,European,affordable,37677,1108,40764,158.2,71,67,43,34,50,55,49
2024-11,Küçükçekmece,European,affordable,37539,1104,40485,157.7,34,18,15,34,50,55,49
2024-12,Küçükçekmece,European,affordable,37407,1100,41386,157.1,32,11,113,34,50,55,49
2025-01,Küçükçekmece,European,affordable,39462,1096,43350,165.7,165,30,92,36,47.5,52.5,36
2025-02,Küçükçekmece,European,affordable,39431,1095,44094,165.6,67,23,30,36,47.5,52.5,36
2025-03,Küçükçekmece,European,affordable,39137,1087,43524,164.4,23,66,77,36,47.5,52.5,36
2025-04,Küçükçekmece,European,affordable,38315,1064,42025,160.9,21,43,90,36,47.5,52.5,36
2025-05,Küçükçekmece,European,affordable,39769,1105,44411,167,40,47,31,36,47.5,52.5,36
2025-06,Küçükçekmece,European,affordable,39477,1097,44427,165.8,42,61,60,36,47.5,52.5,36
2025-07,Küçükçekmece,European,affordable,40901,1121,46520,171.8,167,45,31,36.5,45,50,30
2025-08,Küçükçekmece,European,affordable,39585,1085,43612,166.3,78,23,79,36.5,45,50,30
2025-09,Küçükçekmece,European,affordable,41024,1124,45273,172.3,56,33,44,36.5,45,50,30
2025-10,Küçükçekmece,European,affordable,41808,1145,43341,175.6,62,42,68,36.5,45,50,30
2025-11,Küçükçekmece,European,affordable,41618,1140,45367,174.8,158,8,59,36.5,45,50,30
2025-12,Küçükçekmece,European,affordable,40878,1120,43301,171.7,174,49,111,36.5,45,50,30
2026-01,Küçükçekmece,European,affordable,40631,1113,44011,170.7,16,39,57,36.5,45,50,30
2026-02,Küçükçekmece,European,affordable,40529,1110,46530,170.2,120,37,15,36.5,45,50,30
2026-03,Küçükçekmece,European,affordable,41580,1139,45968,174.6,156,75,110,36.5,45,50,30
2026-04,Küçükçekmece,European,affordable,41745,1144,46889,175.3,77,37,26,36.5,45,50,30
2020-01,Avcılar,European,affordable,1593,257,1684,6.7,17,35,76,6.2,10.75,15.75,11
2020-02,Avcılar,European,affordable,1609,259,1780,6.8,154,61,10,6.2,10.75,15.75,11
2020-03,Avcılar,European,affordable,1559,251,1693,6.5,141,27,87,6.2,10.75,15.75,11
2020-04,Avcılar,European,affordable,1893,270,1995,8,149,26,51,7,8.25,13.25,11
2020-05,Avcılar,European,affordable,1862,266,2025,7.8,78,46,115,7,8.25,13.25,11
2020-06,Avcılar,European,affordable,1933,276,2091,8.1,63,70,71,7,8.25,13.25,11
2020-07,Avcılar,European,affordable,1940,277,2126,8.1,86,36,97,7,8.25,13.25,14
2020-08,Avcılar,European,affordable,1952,279,2220,8.2,103,73,77,7,8.25,13.25,14
2020-09,Avcılar,European,affordable,1913,273,2124,8,25,63,99,7,8.25,13.25,14
2020-10,Avcılar,European,affordable,2614,349,2786,11,146,69,32,7.5,10.25,15.25,14
2020-11,Avcılar,European,affordable,2601,347,2796,10.9,84,44,44,7.5,10.25,15.25,14
2020-12,Avcılar,European,affordable,2497,333,2694,10.5,166,31,26,7.5,10.25,15.25,14
2021-01,Avcılar,European,affordable,3402,454,3790,14.3,78,46,38,7.5,17,22,19.5
2021-02,Avcılar,European,affordable,3314,442,3561,13.9,141,33,57,7.5,17,22,19.5
2021-03,Avcılar,European,affordable,3418,456,3787,14.4,68,35,105,7.5,17,22,19.5
2021-04,Avcılar,European,affordable,3632,427,4005,15.3,178,44,100,8.5,19,24,19.5
2021-05,Avcılar,European,affordable,3503,412,3969,14.7,172,31,28,8.5,19,24,19.5
2021-06,Avcılar,European,affordable,3481,409,3855,14.6,154,9,90,8.5,19,24,19.5
2021-07,Avcılar,European,affordable,5186,610,5698,21.8,122,60,61,8.5,19,24,19.5
2021-08,Avcılar,European,affordable,5167,608,5204,21.7,68,13,76,8.5,19,24,19.5
2021-09,Avcılar,European,affordable,5049,594,5595,21.2,83,52,101,8.5,19,24,19.5
2021-10,Avcılar,European,affordable,5305,482,5673,22.3,128,35,57,11,14,19,54
2021-11,Avcılar,European,affordable,4839,440,5234,20.3,48,49,10,11,14,19,54
2021-12,Avcılar,European,affordable,4967,452,5531,20.9,165,76,61,11,14,19,54
2022-01,Avcılar,European,affordable,10277,709,11245,43.2,160,25,34,14.5,14,19,54
2022-02,Avcılar,European,affordable,10022,691,11019,42.1,161,70,110,14.5,14,19,54
2022-03,Avcılar,European,affordable,9860,680,10947,41.4,124,25,28,14.5,14,19,54
2022-04,Avcılar,European,affordable,10356,609,11311,43.5,116,29,16,17,14,19,80
2022-05,Avcılar,European,affordable,10417,613,11298,43.8,95,73,42,17,14,19,80
2022-06,Avcılar,European,affordable,10276,604,11382,43.2,77,45,68,17,14,19,80
2022-07,Avcılar,European,affordable,15998,941,17664,67.2,113,55,28,17,12,17,80
2022-08,Avcılar,European,affordable,15930,937,17940,66.9,92,28,46,17,12,17,80
2022-09,Avcılar,European,affordable,16189,952,18185,68,96,59,67,17,12,17,80
2022-10,Avcılar,European,affordable,15743,842,17758,66.1,145,72,67,18.7,9,14,64
2022-11,Avcılar,European,affordable,16328,873,18344,68.6,92,47,15,18.7,9,14,64
2022-12,Avcılar,European,affordable,16129,863,18183,67.7,80,27,17,18.7,9,14,64
2023-01,Avcılar,European,affordable,22882,1090,24917,96.1,39,55,74,21,8.5,13.5,39
2023-02,Avcılar,European,affordable,21061,1003,23685,88.5,91,58,18,21,8.5,13.5,39
2023-03,Avcılar,European,affordable,21446,1021,24866,90.1,159,55,46,21,8.5,13.5,39
2023-04,Avcılar,European,affordable,21183,1009,22215,89,135,40,85,21,8.5,13.5,39
2023-05,Avcılar,European,affordable,22332,1063,23681,93.8,19,7,24,21,8.5,13.5,39
2023-06,Avcılar,European,affordable,22088,1052,24622,92.8,82,42,86,21,8.5,13.5,39
2023-07,Avcılar,European,affordable,27399,1034,30398,115.1,142,68,26,26.5,25,30,65
2023-08,Avcılar,European,affordable,27664,1044,29378,116.2,22,55,13,26.5,25,30,65
2023-09,Avcılar,European,affordable,29150,1100,32741,122.4,20,21,101,26.5,25,30,65
2023-10,Avcılar,European,affordable,27242,939,29968,114.4,47,29,66,29,42.5,47.5,65
2023-11,Avcılar,European,affordable,26867,926,29183,112.8,100,54,81,29,42.5,47.5,65
2023-12,Avcılar,European,affordable,26357,909,28355,110.7,123,55,88,29,42.5,47.5,65
2024-01,Avcılar,European,affordable,31704,991,35621,133.2,57,14,90,32,50,55,75
2024-02,Avcılar,European,affordable,31108,972,35359,130.7,73,8,116,32,50,55,75
2024-03,Avcılar,European,affordable,31409,982,33701,131.9,98,26,115,32,50,55,75
2024-04,Avcılar,European,affordable,30307,947,32334,127.3,172,15,111,32,50,55,75
2024-05,Avcılar,European,affordable,30633,957,35469,128.7,80,11,83,32,50,55,75
2024-06,Avcılar,European,affordable,31687,990,34928,133.1,30,33,74,32,50,55,75
2024-07,Avcılar,European,affordable,33697,991,36059,141.5,154,40,78,34,50,55,49
2024-08,Avcılar,European,affordable,33915,997,37816,142.4,174,78,97,34,50,55,49
2024-09,Avcılar,European,affordable,34498,1015,38742,144.9,172,70,47,34,50,55,49
2024-10,Avcılar,European,affordable,32068,943,35299,134.7,23,45,80,34,50,55,49
2024-11,Avcılar,European,affordable,32603,959,37320,136.9,47,62,39,34,50,55,49
2024-12,Avcılar,European,affordable,34508,1015,37418,144.9,54,58,50,34,50,55,49
2025-01,Avcılar,European,affordable,35798,994,39097,150.4,154,16,82,36,47.5,52.5,36
2025-02,Avcılar,European,affordable,35704,992,39225,150,147,78,54,36,47.5,52.5,36
2025-03,Avcılar,European,affordable,37515,1042,42523,157.6,47,34,69,36,47.5,52.5,36
2025-04,Avcılar,European,affordable,36753,1021,41420,154.4,143,36,105,36,47.5,52.5,36
2025-05,Avcılar,European,affordable,37380,1038,40893,157,175,75,87,36,47.5,52.5,36
2025-06,Avcılar,European,affordable,37055,1029,40112,155.6,55,41,67,36,47.5,52.5,36
2025-07,Avcılar,European,affordable,37907,1039,41750,159.2,170,9,64,36.5,45,50,30
2025-08,Avcılar,European,affordable,36906,1011,41860,155,33,71,107,36.5,45,50,30
2025-09,Avcılar,European,affordable,36145,990,40261,151.8,38,68,101,36.5,45,50,30
2025-10,Avcılar,European,affordable,38490,1055,42547,161.7,136,26,39,36.5,45,50,30
2025-11,Avcılar,European,affordable,37142,1018,41085,156,66,22,60,36.5,45,50,30
2025-12,Avcılar,European,affordable,38502,1055,42514,161.7,32,36,32,36.5,45,50,30
2026-01,Avcılar,European,affordable,39201,1074,42515,164.6,86,77,115,36.5,45,50,30
2026-02,Avcılar,European,affordable,37215,1020,40303,156.3,157,56,28,36.5,45,50,30
2026-03,Avcılar,European,affordable,38315,1050,41231,160.9,139,39,58,36.5,45,50,30
2026-04,Avcılar,European,affordable,36393,997,40375,152.8,97,65,97,36.5,45,50,30
2020-01,Beylikdüzü,European,mid,2067,333,2191,8.7,155,56,113,6.2,10.75,15.75,11
2020-02,Beylikdüzü,European,mid,2071,334,2278,8.7,83,11,20,6.2,10.75,15.75,11
2020-03,Beylikdüzü,European,mid,2074,334,2248,8.7,157,8,14,6.2,10.75,15.75,11
2020-04,Beylikdüzü,European,mid,2561,366,2849,10.8,162,64,35,7,8.25,13.25,11
2020-05,Beylikdüzü,European,mid,2590,370,2866,10.9,125,13,84,7,8.25,13.25,11
2020-06,Beylikdüzü,European,mid,2476,354,2733,10.4,118,22,90,7,8.25,13.25,11
2020-07,Beylikdüzü,European,mid,2611,373,2900,11,24,79,39,7,8.25,13.25,14
2020-08,Beylikdüzü,European,mid,2560,366,2861,10.8,140,12,118,7,8.25,13.25,14
2020-09,Beylikdüzü,European,mid,2533,362,2782,10.6,40,26,81,7,8.25,13.25,14
2020-10,Beylikdüzü,European,mid,3371,449,3668,14.2,128,41,93,7.5,10.25,15.25,14
2020-11,Beylikdüzü,European,mid,3251,433,3509,13.7,127,62,108,7.5,10.25,15.25,14
2020-12,Beylikdüzü,European,mid,3325,443,3686,14,138,55,77,7.5,10.25,15.25,14
2021-01,Beylikdüzü,European,mid,4846,646,5390,20.4,124,42,61,7.5,17,22,19.5
2021-02,Beylikdüzü,European,mid,4889,652,5340,20.5,175,26,19,7.5,17,22,19.5
2021-03,Beylikdüzü,European,mid,4429,591,4732,18.6,127,58,40,7.5,17,22,19.5
2021-04,Beylikdüzü,European,mid,4670,549,5235,19.6,97,43,114,8.5,19,24,19.5
2021-05,Beylikdüzü,European,mid,4552,536,4897,19.1,154,67,87,8.5,19,24,19.5
2021-06,Beylikdüzü,European,mid,4529,533,4999,19,106,24,107,8.5,19,24,19.5
2021-07,Beylikdüzü,European,mid,6796,800,7525,28.5,47,29,107,8.5,19,24,19.5
2021-08,Beylikdüzü,European,mid,6666,784,7359,28,96,37,44,8.5,19,24,19.5
2021-09,Beylikdüzü,European,mid,6842,805,7383,28.7,66,42,76,8.5,19,24,19.5
2021-10,Beylikdüzü,European,mid,6767,615,7927,28.4,68,61,82,11,14,19,54
2021-11,Beylikdüzü,European,mid,6720,611,7572,28.2,95,71,106,11,14,19,54
2021-12,Beylikdüzü,European,mid,6447,586,7422,27.1,108,69,114,11,14,19,54
2022-01,Beylikdüzü,European,mid,13168,908,14423,55.3,49,79,31,14.5,14,19,54
2022-02,Beylikdüzü,European,mid,13632,940,15000,57.3,118,29,22,14.5,14,19,54
2022-03,Beylikdüzü,European,mid,13390,923,14427,56.2,172,73,50,14.5,14,19,54
2022-04,Beylikdüzü,European,mid,13218,778,14231,55.5,146,21,54,17,14,19,80
2022-05,Beylikdüzü,European,mid,13598,800,15406,57.1,35,35,104,17,14,19,80
2022-06,Beylikdüzü,European,mid,13857,815,15470,58.2,78,17,42,17,14,19,80
2022-07,Beylikdüzü,European,mid,21705,1277,23862,91.2,106,38,45,17,12,17,80
2022-08,Beylikdüzü,European,mid,21077,1240,23193,88.5,94,48,118,17,12,17,80
2022-09,Beylikdüzü,European,mid,21104,1241,23581,88.6,124,61,35,17,12,17,80
2022-10,Beylikdüzü,European,mid,20894,1117,23839,87.8,82,37,25,18.7,9,14,64
2022-11,Beylikdüzü,European,mid,20093,1074,22325,84.4,151,6,38,18.7,9,14,64
2022-12,Beylikdüzü,European,mid,20630,1103,23923,86.6,82,38,116,18.7,9,14,64
2023-01,Beylikdüzü,European,mid,28459,1355,31923,119.5,23,13,66,21,8.5,13.5,39
2023-02,Beylikdüzü,European,mid,29430,1401,32337,123.6,130,68,102,21,8.5,13.5,39
2023-03,Beylikdüzü,European,mid,28131,1340,31435,118.2,149,5,29,21,8.5,13.5,39
2023-04,Beylikdüzü,European,mid,27226,1296,29363,114.4,171,27,14,21,8.5,13.5,39
2023-05,Beylikdüzü,European,mid,28615,1363,32978,120.2,82,76,108,21,8.5,13.5,39
2023-06,Beylikdüzü,European,mid,29365,1398,32751,123.3,156,28,24,21,8.5,13.5,39
2023-07,Beylikdüzü,European,mid,34704,1310,38929,145.8,50,34,58,26.5,25,30,65
2023-08,Beylikdüzü,European,mid,36050,1360,38502,151.4,77,12,100,26.5,25,30,65
2023-09,Beylikdüzü,European,mid,35399,1336,39534,148.7,178,65,10,26.5,25,30,65
2023-10,Beylikdüzü,European,mid,35459,1223,40036,148.9,131,14,33,29,42.5,47.5,65
2023-11,Beylikdüzü,European,mid,36003,1241,38853,151.2,39,46,60,29,42.5,47.5,65
2023-12,Beylikdüzü,European,mid,36605,1262,41902,153.7,139,23,107,29,42.5,47.5,65
2024-01,Beylikdüzü,European,mid,40496,1266,43927,170.1,41,74,37,32,50,55,75
2024-02,Beylikdüzü,European,mid,40784,1275,46929,171.3,38,73,114,32,50,55,75
2024-03,Beylikdüzü,European,mid,42028,1313,46166,176.5,52,72,53,32,50,55,75
2024-04,Beylikdüzü,European,mid,41289,1290,43883,173.4,86,79,104,32,50,55,75
2024-05,Beylikdüzü,European,mid,43141,1348,47180,181.2,153,30,11,32,50,55,75
2024-06,Beylikdüzü,European,mid,40831,1276,44508,171.5,52,18,91,32,50,55,75
2024-07,Beylikdüzü,European,mid,44020,1295,46266,184.9,97,23,119,34,50,55,49
2024-08,Beylikdüzü,European,mid,44390,1306,50738,186.4,123,70,49,34,50,55,49
2024-09,Beylikdüzü,European,mid,45697,1344,50684,191.9,88,15,87,34,50,55,49
2024-10,Beylikdüzü,European,mid,43636,1283,48409,183.3,45,36,54,34,50,55,49
2024-11,Beylikdüzü,European,mid,43728,1286,49051,183.7,149,15,112,34,50,55,49
2024-12,Beylikdüzü,European,mid,42710,1256,46344,179.4,105,28,107,34,50,55,49
2025-01,Beylikdüzü,European,mid,46926,1304,52460,197.1,25,76,12,36,47.5,52.5,36
2025-02,Beylikdüzü,European,mid,45042,1251,48661,189.2,149,60,115,36,47.5,52.5,36
2025-03,Beylikdüzü,European,mid,46882,1302,51644,196.9,65,60,79,36,47.5,52.5,36
2025-04,Beylikdüzü,European,mid,47456,1318,51841,199.3,17,65,110,36,47.5,52.5,36
2025-05,Beylikdüzü,European,mid,46810,1300,54247,196.6,103,22,114,36,47.5,52.5,36
2025-06,Beylikdüzü,European,mid,46036,1279,49264,193.4,151,56,110,36,47.5,52.5,36
2025-07,Beylikdüzü,European,mid,49267,1350,55436,206.9,40,35,65,36.5,45,50,30
2025-08,Beylikdüzü,European,mid,50152,1374,53748,210.6,81,37,35,36.5,45,50,30
2025-09,Beylikdüzü,European,mid,49227,1349,54307,206.8,169,6,66,36.5,45,50,30
2025-10,Beylikdüzü,European,mid,50519,1384,56277,212.2,104,5,55,36.5,45,50,30
2025-11,Beylikdüzü,European,mid,50558,1385,57341,212.3,107,15,101,36.5,45,50,30
2025-12,Beylikdüzü,European,mid,51833,1420,60124,217.7,27,77,117,36.5,45,50,30
2026-01,Beylikdüzü,European,mid,49402,1353,55505,207.5,26,71,66,36.5,45,50,30
2026-02,Beylikdüzü,European,mid,46944,1286,51346,197.2,129,55,76,36.5,45,50,30
2026-03,Beylikdüzü,European,mid,49059,1344,54144,206,30,35,14,36.5,45,50,30
2026-04,Beylikdüzü,European,mid,47708,1307,53374,200.4,31,40,30,36.5,45,50,30
2020-01,Esenyurt,European,affordable,1462,236,1616,6.1,45,6,118,6.2,10.75,15.75,11
2020-02,Esenyurt,European,affordable,1464,236,1654,6.1,147,48,55,6.2,10.75,15.75,11
2020-03,Esenyurt,European,affordable,1469,237,1592,6.2,83,20,36,6.2,10.75,15.75,11
2020-04,Esenyurt,European,affordable,1843,263,2055,7.7,157,41,22,7,8.25,13.25,11
2020-05,Esenyurt,European,affordable,1789,256,1916,7.5,139,50,105,7,8.25,13.25,11
2020-06,Esenyurt,European,affordable,1792,256,1987,7.5,153,79,14,7,8.25,13.25,11
2020-07,Esenyurt,European,affordable,1786,255,1961,7.5,158,78,62,7,8.25,13.25,14
2020-08,Esenyurt,European,affordable,1777,254,1956,7.5,75,13,111,7,8.25,13.25,14
2020-09,Esenyurt,European,affordable,1901,272,2163,8,50,23,78,7,8.25,13.25,14
2020-10,Esenyurt,European,affordable,2267,302,2480,9.5,87,73,118,7.5,10.25,15.25,14
2020-11,Esenyurt,European,affordable,2391,319,2724,10,73,40,42,7.5,10.25,15.25,14
2020-12,Esenyurt,European,affordable,2512,335,2830,10.6,154,8,92,7.5,10.25,15.25,14
2021-01,Esenyurt,European,affordable,3331,444,3694,14,154,11,37,7.5,17,22,19.5
2021-02,Esenyurt,European,affordable,3293,439,3531,13.8,73,40,10,7.5,17,22,19.5
2021-03,Esenyurt,European,affordable,3361,448,3783,14.1,152,36,80,7.5,17,22,19.5
2021-04,Esenyurt,European,affordable,3216,378,3579,13.5,177,49,106,8.5,19,24,19.5
2021-05,Esenyurt,European,affordable,3146,370,3676,13.2,102,56,98,8.5,19,24,19.5
2021-06,Esenyurt,European,affordable,3215,378,3505,13.5,121,68,61,8.5,19,24,19.5
2021-07,Esenyurt,European,affordable,4981,586,5457,20.9,84,10,101,8.5,19,24,19.5
2021-08,Esenyurt,European,affordable,4766,561,5216,20,115,78,24,8.5,19,24,19.5
2021-09,Esenyurt,European,affordable,4697,553,5116,19.7,97,77,41,8.5,19,24,19.5
2021-10,Esenyurt,European,affordable,4707,428,5102,19.8,77,79,99,11,14,19,54
2021-11,Esenyurt,European,affordable,4698,427,5212,19.7,81,10,35,11,14,19,54
2021-12,Esenyurt,European,affordable,4883,444,5377,20.5,151,67,97,11,14,19,54
2022-01,Esenyurt,European,affordable,9051,624,9898,38,145,39,29,14.5,14,19,54
2022-02,Esenyurt,European,affordable,9755,673,10798,41,174,55,45,14.5,14,19,54
2022-03,Esenyurt,European,affordable,10036,692,11459,42.2,52,57,14,14.5,14,19,54
2022-04,Esenyurt,European,affordable,9320,548,9967,39.1,84,70,10,17,14,19,80
2022-05,Esenyurt,European,affordable,9699,571,10700,40.7,68,37,102,17,14,19,80
2022-06,Esenyurt,European,affordable,9735,573,10837,40.9,26,31,56,17,14,19,80
2022-07,Esenyurt,European,affordable,14829,872,16152,62.3,24,61,79,17,12,17,80
2022-08,Esenyurt,European,affordable,14873,875,17046,62.5,122,69,20,17,12,17,80
2022-09,Esenyurt,European,affordable,15173,893,16940,63.7,126,54,34,17,12,17,80
2022-10,Esenyurt,European,affordable,14478,774,15460,60.8,31,47,42,18.7,9,14,64
2022-11,Esenyurt,European,affordable,14553,778,15652,61.1,151,60,33,18.7,9,14,64
2022-12,Esenyurt,European,affordable,14930,798,16430,62.7,169,14,14,18.7,9,14,64
2023-01,Esenyurt,European,affordable,19848,945,22203,83.4,76,22,27,21,8.5,13.5,39
2023-02,Esenyurt,European,affordable,20403,972,22396,85.7,139,74,103,21,8.5,13.5,39
2023-03,Esenyurt,European,affordable,19649,936,21930,82.5,170,14,67,21,8.5,13.5,39
2023-04,Esenyurt,European,affordable,21409,1019,23904,89.9,16,14,18,21,8.5,13.5,39
2023-05,Esenyurt,European,affordable,20075,956,21374,84.3,80,16,53,21,8.5,13.5,39
2023-06,Esenyurt,European,affordable,20046,955,22231,84.2,175,49,93,21,8.5,13.5,39
2023-07,Esenyurt,European,affordable,25628,967,29760,107.6,91,22,43,26.5,25,30,65
2023-08,Esenyurt,European,affordable,24580,928,26876,103.2,160,36,74,26.5,25,30,65
2023-09,Esenyurt,European,affordable,25869,976,28489,108.6,148,48,17,26.5,25,30,65
2023-10,Esenyurt,European,affordable,25105,866,27702,105.4,31,70,103,29,42.5,47.5,65
2023-11,Esenyurt,European,affordable,25794,889,28484,108.3,17,8,85,29,42.5,47.5,65
2023-12,Esenyurt,European,affordable,25494,879,27890,107.1,156,32,116,29,42.5,47.5,65
2024-01,Esenyurt,European,affordable,28572,893,31143,120,59,42,97,32,50,55,75
2024-02,Esenyurt,European,affordable,30499,953,35744,128.1,135,34,93,32,50,55,75
2024-03,Esenyurt,European,affordable,30326,948,32732,127.4,137,55,65,32,50,55,75
2024-04,Esenyurt,European,affordable,29779,931,32204,125.1,150,47,70,32,50,55,75
2024-05,Esenyurt,European,affordable,30238,945,32623,127,92,34,27,32,50,55,75
2024-06,Esenyurt,European,affordable,29462,921,30920,123.7,36,55,72,32,50,55,75
2024-07,Esenyurt,European,affordable,31529,927,35211,132.4,40,71,17,34,50,55,49
2024-08,Esenyurt,European,affordable,31995,941,35483,134.4,67,69,17,34,50,55,49
2024-09,Esenyurt,European,affordable,31196,918,34526,131,78,76,53,34,50,55,49
2024-10,Esenyurt,European,affordable,32939,969,36757,138.3,52,21,104,34,50,55,49
2024-11,Esenyurt,European,affordable,30695,903,33644,128.9,129,55,56,34,50,55,49
2024-12,Esenyurt,European,affordable,32740,963,37437,137.5,84,78,92,34,50,55,49
2025-01,Esenyurt,European,affordable,33703,936,35233,141.6,72,47,108,36,47.5,52.5,36
2025-02,Esenyurt,European,affordable,33623,934,37041,141.2,129,57,43,36,47.5,52.5,36
2025-03,Esenyurt,European,affordable,34800,967,38370,146.2,102,30,63,36,47.5,52.5,36
2025-04,Esenyurt,European,affordable,33296,925,36916,139.8,54,17,119,36,47.5,52.5,36
2025-05,Esenyurt,European,affordable,34189,950,35960,143.6,72,36,12,36,47.5,52.5,36
2025-06,Esenyurt,European,affordable,34040,946,37493,143,50,60,88,36,47.5,52.5,36
2025-07,Esenyurt,European,affordable,35823,981,39269,150.5,167,41,107,36.5,45,50,30
2025-08,Esenyurt,European,affordable,36134,990,41064,151.8,32,42,50,36.5,45,50,30
2025-09,Esenyurt,European,affordable,35677,977,38929,149.8,43,27,102,36.5,45,50,30
2025-10,Esenyurt,European,affordable,36118,990,42536,151.7,96,72,26,36.5,45,50,30
2025-11,Esenyurt,European,affordable,36759,1007,39732,154.4,42,54,102,36.5,45,50,30
2025-12,Esenyurt,European,affordable,33803,926,37350,142,23,30,65,36.5,45,50,30
2026-01,Esenyurt,European,affordable,36938,1012,38853,155.1,97,56,42,36.5,45,50,30
2026-02,Esenyurt,European,affordable,37033,1015,41831,155.5,122,31,41,36.5,45,50,30
2026-03,Esenyurt,European,affordable,35707,978,40035,150,75,48,34,36.5,45,50,30
2026-04,Esenyurt,European,affordable,35496,972,38077,149.1,128,46,60,36.5,45,50,30
2020-01,Başakşehir,European,premium,2516,406,2753,10.6,94,57,98,6.2,10.75,15.75,11
2020-02,Başakşehir,European,premium,2477,400,2743,10.4,44,42,14,6.2,10.75,15.75,11
2020-03,Başakşehir,European,premium,2537,409,2842,10.7,40,34,117,6.2,10.75,15.75,11
2020-04,Başakşehir,European,premium,2816,402,2927,11.8,61,67,50,7,8.25,13.25,11
2020-05,Başakşehir,European,premium,2900,414,3118,12.2,153,72,17,7,8.25,13.25,11
2020-06,Başakşehir,European,premium,3112,445,3485,13.1,28,74,21,7,8.25,13.25,11
2020-07,Başakşehir,European,premium,3090,441,3274,13,65,74,67,7,8.25,13.25,14
2020-08,Başakşehir,European,premium,3106,444,3407,13,100,14,77,7,8.25,13.25,14
2020-09,Başakşehir,European,premium,3178,454,3392,13.3,47,18,19,7,8.25,13.25,14
2020-10,Başakşehir,European,premium,4098,546,4639,17.2,19,47,35,7.5,10.25,15.25,14
2020-11,Başakşehir,European,premium,4095,546,4576,17.2,43,27,67,7.5,10.25,15.25,14
2020-12,Başakşehir,European,premium,4110,548,4422,17.3,50,37,53,7.5,10.25,15.25,14
2021-01,Başakşehir,European,premium,5682,758,6392,23.9,35,50,86,7.5,17,22,19.5
2021-02,Başakşehir,European,premium,5492,732,6245,23.1,70,60,118,7.5,17,22,19.5
2021-03,Başakşehir,European,premium,5618,749,6417,23.6,158,69,109,7.5,17,22,19.5
2021-04,Başakşehir,European,premium,5707,671,6186,24,173,75,69,8.5,19,24,19.5
2021-05,Başakşehir,European,premium,5538,652,6199,23.3,123,23,82,8.5,19,24,19.5
2021-06,Başakşehir,European,premium,5576,656,6135,23.4,114,76,73,8.5,19,24,19.5
2021-07,Başakşehir,European,premium,7842,923,8547,32.9,98,14,14,8.5,19,24,19.5
2021-08,Başakşehir,European,premium,8186,963,8914,34.4,157,22,49,8.5,19,24,19.5
2021-09,Başakşehir,European,premium,8077,950,9120,33.9,163,40,20,8.5,19,24,19.5
2021-10,Başakşehir,European,premium,8301,755,9166,34.9,150,59,39,11,14,19,54
2021-11,Başakşehir,European,premium,8081,735,8633,33.9,44,14,95,11,14,19,54
2021-12,Başakşehir,European,premium,8326,757,9083,35,15,69,63,11,14,19,54
2022-01,Başakşehir,European,premium,16020,1105,17391,67.3,89,35,66,14.5,14,19,54
2022-02,Başakşehir,European,premium,15944,1100,17703,67,116,22,119,14.5,14,19,54
2022-03,Başakşehir,European,premium,15725,1084,16748,66,117,51,46,14.5,14,19,54
2022-04,Başakşehir,European,premium,15588,917,16588,65.5,166,46,17,17,14,19,80
2022-05,Başakşehir,European,premium,16408,965,18290,68.9,106,16,60,17,14,19,80
2022-06,Başakşehir,European,premium,14973,881,17125,62.9,86,73,42,17,14,19,80
2022-07,Başakşehir,European,premium,24923,1466,27473,104.7,153,78,47,17,12,17,80
2022-08,Başakşehir,European,premium,24486,1440,26544,102.8,129,79,80,17,12,17,80
2022-09,Başakşehir,European,premium,25023,1472,26802,105.1,100,37,53,17,12,17,80
2022-10,Başakşehir,European,premium,25907,1385,28393,108.8,127,53,26,18.7,9,14,64
2022-11,Başakşehir,European,premium,24672,1319,26679,103.6,92,6,34,18.7,9,14,64
2022-12,Başakşehir,European,premium,24545,1313,28239,103.1,85,15,31,18.7,9,14,64
2023-01,Başakşehir,European,premium,34378,1637,37620,144.4,129,51,111,21,8.5,13.5,39
2023-02,Başakşehir,European,premium,34098,1624,37388,143.2,112,36,52,21,8.5,13.5,39
2023-03,Başakşehir,European,premium,34319,1634,37576,144.1,18,18,40,21,8.5,13.5,39
2023-04,Başakşehir,European,premium,35375,1685,39270,148.6,123,28,65,21,8.5,13.5,39
2023-05,Başakşehir,European,premium,34785,1656,38985,146.1,116,50,20,21,8.5,13.5,39
2023-06,Başakşehir,European,premium,34134,1625,37781,143.4,111,30,36,21,8.5,13.5,39
2023-07,Başakşehir,European,premium,42079,1588,46853,176.7,154,10,52,26.5,25,30,65
2023-08,Başakşehir,European,premium,44491,1679,50867,186.9,141,63,67,26.5,25,30,65
2023-09,Başakşehir,European,premium,41004,1547,43971,172.2,17,28,67,26.5,25,30,65
2023-10,Başakşehir,European,premium,44126,1522,50347,185.3,119,70,106,29,42.5,47.5,65
2023-11,Başakşehir,European,premium,42712,1473,49495,179.4,177,59,119,29,42.5,47.5,65
2023-12,Başakşehir,European,premium,41499,1431,44567,174.3,17,23,113,29,42.5,47.5,65
2024-01,Başakşehir,European,premium,49026,1532,53692,205.9,152,18,68,32,50,55,75
2024-02,Başakşehir,European,premium,48521,1516,52154,203.8,102,50,23,32,50,55,75
2024-03,Başakşehir,European,premium,49786,1556,54795,209.1,96,59,28,32,50,55,75
2024-04,Başakşehir,European,premium,49660,1552,53104,208.6,69,17,59,32,50,55,75
2024-05,Başakşehir,European,premium,49262,1539,56028,206.9,57,42,22,32,50,55,75
2024-06,Başakşehir,European,premium,47484,1484,48656,199.4,20,30,40,32,50,55,75
2024-07,Başakşehir,European,premium,55938,1645,62524,234.9,95,58,25,34,50,55,49
2024-08,Başakşehir,European,premium,51521,1515,56445,216.4,83,65,77,34,50,55,49
2024-09,Başakşehir,European,premium,52551,1546,57959,220.7,60,76,59,34,50,55,49
2024-10,Başakşehir,European,premium,52469,1543,57757,220.4,177,44,105,34,50,55,49
2024-11,Başakşehir,European,premium,51827,1524,57453,217.7,51,19,90,34,50,55,49
2024-12,Başakşehir,European,premium,53682,1579,62787,225.5,45,36,52,34,50,55,49
2025-01,Başakşehir,European,premium,56691,1575,62701,238.1,85,49,112,36,47.5,52.5,36
2025-02,Başakşehir,European,premium,57062,1585,63315,239.7,60,11,112,36,47.5,52.5,36
2025-03,Başakşehir,European,premium,56506,1570,62732,237.3,124,57,92,36,47.5,52.5,36
2025-04,Başakşehir,European,premium,57415,1595,63683,241.1,151,40,80,36,47.5,52.5,36
2025-05,Başakşehir,European,premium,55163,1532,60621,231.7,45,24,24,36,47.5,52.5,36
2025-06,Başakşehir,European,premium,53139,1476,58936,223.2,29,43,87,36,47.5,52.5,36
2025-07,Başakşehir,European,premium,60101,1647,66144,252.4,118,38,110,36.5,45,50,30
2025-08,Başakşehir,European,premium,60868,1668,64516,255.6,23,7,88,36.5,45,50,30
2025-09,Başakşehir,European,premium,62027,1699,69022,260.5,163,40,70,36.5,45,50,30
2025-10,Başakşehir,European,premium,60821,1666,67526,255.4,37,79,55,36.5,45,50,30
2025-11,Başakşehir,European,premium,58655,1607,62574,246.4,142,68,50,36.5,45,50,30
2025-12,Başakşehir,European,premium,58010,1589,63695,243.6,56,68,94,36.5,45,50,30
2026-01,Başakşehir,European,premium,57478,1575,62424,241.4,120,49,97,36.5,45,50,30
2026-02,Başakşehir,European,premium,58689,1608,64805,246.5,20,17,25,36.5,45,50,30
2026-03,Başakşehir,European,premium,58036,1590,62219,243.7,173,67,30,36.5,45,50,30
2026-04,Başakşehir,European,premium,58707,1608,63722,246.6,163,15,61,36.5,45,50,30
2020-01,Arnavutköy (FAR),European,affordable,1242,200,1358,5.2,85,27,94,6.2,10.75,15.75,11
2020-02,Arnavutköy (FAR),European,affordable,1310,211,1454,5.5,111,22,22,6.2,10.75,15.75,11
2020-03,Arnavutköy (FAR),European,affordable,1246,201,1396,5.2,98,51,38,6.2,10.75,15.75,11
2020-04,Arnavutköy (FAR),European,affordable,1622,232,1771,6.8,45,31,119,7,8.25,13.25,11
2020-05,Arnavutköy (FAR),European,affordable,1499,214,1662,6.3,156,33,114,7,8.25,13.25,11
2020-06,Arnavutköy (FAR),European,affordable,1508,215,1660,6.3,178,9,107,7,8.25,13.25,11
2020-07,Arnavutköy (FAR),European,affordable,1426,204,1574,6,177,5,94,7,8.25,13.25,14
2020-08,Arnavutköy (FAR),European,affordable,1459,208,1593,6.1,133,70,36,7,8.25,13.25,14
2020-09,Arnavutköy (FAR),European,affordable,1558,223,1648,6.5,60,72,107,7,8.25,13.25,14
2020-10,Arnavutköy (FAR),European,affordable,2113,282,2228,8.9,129,31,83,7.5,10.25,15.25,14
2020-11,Arnavutköy (FAR),European,affordable,2035,271,2148,8.5,92,64,111,7.5,10.25,15.25,14
2020-12,Arnavutköy (FAR),European,affordable,2009,268,2199,8.4,149,21,81,7.5,10.25,15.25,14
2021-01,Arnavutköy (FAR),European,affordable,2716,362,2952,11.4,44,18,99,7.5,17,22,19.5
2021-02,Arnavutköy (FAR),European,affordable,2809,374,3270,11.8,67,79,10,7.5,17,22,19.5
2021-03,Arnavutköy (FAR),European,affordable,2813,375,3006,11.8,27,22,63,7.5,17,22,19.5
2021-04,Arnavutköy (FAR),European,affordable,2905,342,3256,12.2,50,33,114,8.5,19,24,19.5
2021-05,Arnavutköy (FAR),European,affordable,2692,317,3046,11.3,57,6,56,8.5,19,24,19.5
2021-06,Arnavutköy (FAR),European,affordable,2726,321,2906,11.4,32,46,110,8.5,19,24,19.5
2021-07,Arnavutköy (FAR),European,affordable,4110,484,4508,17.3,142,53,24,8.5,19,24,19.5
2021-08,Arnavutköy (FAR),European,affordable,4014,472,4554,16.9,138,13,17,8.5,19,24,19.5
2021-09,Arnavutköy (FAR),European,affordable,3903,459,4354,16.4,18,27,61,8.5,19,24,19.5
2021-10,Arnavutköy (FAR),European,affordable,3942,358,4152,16.6,101,39,98,11,14,19,54
2021-11,Arnavutköy (FAR),European,affordable,3979,362,4239,16.7,54,56,47,11,14,19,54
2021-12,Arnavutköy (FAR),European,affordable,4085,371,4448,17.2,133,21,51,11,14,19,54
2022-01,Arnavutköy (FAR),European,affordable,8095,558,8853,34,40,6,41,14.5,14,19,54
2022-02,Arnavutköy (FAR),European,affordable,7883,544,8699,33.1,158,45,39,14.5,14,19,54
2022-03,Arnavutköy (FAR),European,affordable,8054,555,8980,33.8,106,25,54,14.5,14,19,54
2022-04,Arnavutköy (FAR),European,affordable,8003,471,8435,33.6,32,57,13,17,14,19,80
2022-05,Arnavutköy (FAR),European,affordable,8261,486,9301,34.7,69,54,16,17,14,19,80
2022-06,Arnavutköy (FAR),European,affordable,7983,470,8439,33.5,47,5,10,17,14,19,80
2022-07,Arnavutköy (FAR),European,affordable,12318,725,13675,51.7,118,18,22,17,12,17,80
2022-08,Arnavutköy (FAR),European,affordable,12460,733,14309,52.3,91,15,112,17,12,17,80
2022-09,Arnavutköy (FAR),European,affordable,12413,730,13535,52.1,31,27,13,17,12,17,80
2022-10,Arnavutköy (FAR),European,affordable,12259,656,13617,51.5,140,60,83,18.7,9,14,64
2022-11,Arnavutköy (FAR),European,affordable,11947,639,12520,50.2,64,24,115,18.7,9,14,64
2022-12,Arnavutköy (FAR),European,affordable,12659,677,13827,53.2,128,61,76,18.7,9,14,64
2023-01,Arnavutköy (FAR),European,affordable,17276,823,18578,72.6,39,77,50,21,8.5,13.5,39
2023-02,Arnavutköy (FAR),European,affordable,17167,817,18831,72.1,23,6,61,21,8.5,13.5,39
2023-03,Arnavutköy (FAR),European,affordable,16897,805,19115,71,123,66,102,21,8.5,13.5,39
2023-04,Arnavutköy (FAR),European,affordable,16915,805,18271,71,57,41,92,21,8.5,13.5,39
2023-05,Arnavutköy (FAR),European,affordable,16730,797,17753,70.3,60,47,34,21,8.5,13.5,39
2023-06,Arnavutköy (FAR),European,affordable,17263,822,19069,72.5,99,32,19,21,8.5,13.5,39
2023-07,Arnavutköy (FAR),European,affordable,21841,824,23765,91.7,40,23,90,26.5,25,30,65
2023-08,Arnavutköy (FAR),European,affordable,20966,791,23273,88.1,156,14,56,26.5,25,30,65
2023-09,Arnavutköy (FAR),European,affordable,21146,798,23860,88.8,106,30,42,26.5,25,30,65
2023-10,Arnavutköy (FAR),European,affordable,21477,741,24454,90.2,36,41,108,29,42.5,47.5,65
2023-11,Arnavutköy (FAR),European,affordable,20765,716,22722,87.2,96,28,85,29,42.5,47.5,65
2023-12,Arnavutköy (FAR),European,affordable,21323,735,22856,89.6,98,36,49,29,42.5,47.5,65
2024-01,Arnavutköy (FAR),European,affordable,24384,762,27595,102.4,39,6,106,32,50,55,75
2024-02,Arnavutköy (FAR),European,affordable,24869,777,27291,104.4,155,5,41,32,50,55,75
2024-03,Arnavutköy (FAR),European,affordable,24806,775,27890,104.2,75,14,45,32,50,55,75
2024-04,Arnavutköy (FAR),European,affordable,24328,760,26457,102.2,148,24,108,32,50,55,75
2024-05,Arnavutköy (FAR),European,affordable,25148,786,28325,105.6,78,40,100,32,50,55,75
2024-06,Arnavutköy (FAR),European,affordable,24660,771,27351,103.6,111,28,33,32,50,55,75
2024-07,Arnavutköy (FAR),European,affordable,25617,753,29072,107.6,179,70,115,34,50,55,49
2024-08,Arnavutköy (FAR),European,affordable,26123,768,29916,109.7,156,49,64,34,50,55,49
2024-09,Arnavutköy (FAR),European,affordable,25439,748,28759,106.8,88,32,87,34,50,55,49
2024-10,Arnavutköy (FAR),European,affordable,25039,736,26052,105.2,132,34,30,34,50,55,49
2024-11,Arnavutköy (FAR),European,affordable,26361,775,29910,110.7,15,26,25,34,50,55,49
2024-12,Arnavutköy (FAR),European,affordable,25678,755,27690,107.8,65,48,40,34,50,55,49
2025-01,Arnavutköy (FAR),European,affordable,27947,776,29085,117.4,121,44,47,36,47.5,52.5,36
2025-02,Arnavutköy (FAR),European,affordable,27670,769,30273,116.2,135,45,51,36,47.5,52.5,36
2025-03,Arnavutköy (FAR),European,affordable,28609,795,31620,120.2,116,55,66,36,47.5,52.5,36
2025-04,Arnavutköy (FAR),European,affordable,26837,745,30827,112.7,119,49,83,36,47.5,52.5,36
2025-05,Arnavutköy (FAR),European,affordable,29318,814,32646,123.1,179,56,50,36,47.5,52.5,36
2025-06,Arnavutköy (FAR),European,affordable,28301,786,29959,118.9,117,37,87,36,47.5,52.5,36
2025-07,Arnavutköy (FAR),European,affordable,30183,827,32666,126.8,149,69,91,36.5,45,50,30
2025-08,Arnavutköy (FAR),European,affordable,29454,807,32907,123.7,21,67,11,36.5,45,50,30
2025-09,Arnavutköy (FAR),European,affordable,29833,817,32447,125.3,60,10,16,36.5,45,50,30
2025-10,Arnavutköy (FAR),European,affordable,30043,823,32993,126.2,134,64,10,36.5,45,50,30
2025-11,Arnavutköy (FAR),European,affordable,30204,828,34023,126.9,60,74,70,36.5,45,50,30
2025-12,Arnavutköy (FAR),European,affordable,29759,815,33444,125,168,49,84,36.5,45,50,30
2026-01,Arnavutköy (FAR),European,affordable,30002,822,33016,126,74,74,97,36.5,45,50,30
2026-02,Arnavutköy (FAR),European,affordable,29079,797,31314,122.1,159,25,69,36.5,45,50,30
2026-03,Arnavutköy (FAR),European,affordable,29208,800,32423,122.7,25,46,93,36.5,45,50,30
2026-04,Arnavutköy (FAR),European,affordable,28928,793,32607,121.5,121,51,79,36.5,45,50,30
2020-01,Çatalca,European,affordable,901,145,987,3.8,119,67,42,6.2,10.75,15.75,11
2020-02,Çatalca,European,affordable,930,150,1110,3.9,67,27,112,6.2,10.75,15.75,11
2020-03,Çatalca,European,affordable,929,150,1033,3.9,57,12,75,6.2,10.75,15.75,11
2020-04,Çatalca,European,affordable,1044,149,1130,4.4,158,7,37,7,8.25,13.25,11
2020-05,Çatalca,European,affordable,1022,146,1130,4.3,120,9,42,7,8.25,13.25,11
2020-06,Çatalca,European,affordable,1099,157,1228,4.6,100,37,16,7,8.25,13.25,11
2020-07,Çatalca,European,affordable,1066,152,1167,4.5,31,19,39,7,8.25,13.25,14
2020-08,Çatalca,European,affordable,1110,159,1241,4.7,169,16,23,7,8.25,13.25,14
2020-09,Çatalca,European,affordable,1109,158,1299,4.7,54,41,115,7,8.25,13.25,14
2020-10,Çatalca,European,affordable,1446,193,1589,6.1,90,47,71,7.5,10.25,15.25,14
2020-11,Çatalca,European,affordable,1452,194,1548,6.1,158,19,28,7.5,10.25,15.25,14
2020-12,Çatalca,European,affordable,1408,188,1583,5.9,95,78,39,7.5,10.25,15.25,14
2021-01,Çatalca,European,affordable,1927,257,2151,8.1,34,26,104,7.5,17,22,19.5
2021-02,Çatalca,European,affordable,2043,272,2223,8.6,56,47,97,7.5,17,22,19.5
2021-03,Çatalca,European,affordable,2057,274,2399,8.6,94,39,69,7.5,17,22,19.5
2021-04,Çatalca,European,affordable,2040,240,2208,8.6,87,64,110,8.5,19,24,19.5
2021-05,Çatalca,European,affordable,2009,236,2266,8.4,73,26,36,8.5,19,24,19.5
2021-06,Çatalca,European,affordable,1946,229,2128,8.2,23,37,51,8.5,19,24,19.5
2021-07,Çatalca,European,affordable,2886,340,3194,12.1,87,77,92,8.5,19,24,19.5
2021-08,Çatalca,European,affordable,2926,344,3114,12.3,24,16,12,8.5,19,24,19.5
2021-09,Çatalca,European,affordable,2938,346,3257,12.3,86,17,105,8.5,19,24,19.5
2021-10,Çatalca,European,affordable,2953,268,3250,12.4,126,69,35,11,14,19,54
2021-11,Çatalca,European,affordable,2873,261,3033,12.1,100,78,77,11,14,19,54
2021-12,Çatalca,European,affordable,2795,254,3195,11.7,79,34,11,11,14,19,54
2022-01,Çatalca,European,affordable,5531,381,6031,23.2,107,48,45,14.5,14,19,54
2022-02,Çatalca,European,affordable,5597,386,6273,23.5,120,46,90,14.5,14,19,54
2022-03,Çatalca,European,affordable,5888,406,6635,24.7,124,78,89,14.5,14,19,54
2022-04,Çatalca,European,affordable,5544,326,6132,23.3,74,73,117,17,14,19,80
2022-05,Çatalca,European,affordable,5920,348,6695,24.9,100,34,39,17,14,19,80
2022-06,Çatalca,European,affordable,5857,345,6453,24.6,150,24,42,17,14,19,80
2022-07,Çatalca,European,affordable,9038,532,9785,38,163,17,39,17,12,17,80
2022-08,Çatalca,European,affordable,8926,525,10180,37.5,41,48,91,17,12,17,80
2022-09,Çatalca,European,affordable,9249,544,10659,38.8,65,50,19,17,12,17,80
2022-10,Çatalca,European,affordable,9114,487,10278,38.3,134,31,13,18.7,9,14,64
2022-11,Çatalca,European,affordable,9069,485,9661,38.1,38,17,81,18.7,9,14,64
2022-12,Çatalca,European,affordable,8677,464,9429,36.4,146,14,65,18.7,9,14,64
2023-01,Çatalca,European,affordable,11887,566,12793,49.9,130,23,114,21,8.5,13.5,39
2023-02,Çatalca,European,affordable,12348,588,13600,51.9,179,12,86,21,8.5,13.5,39
2023-03,Çatalca,European,affordable,11951,569,13042,50.2,64,66,49,21,8.5,13.5,39
2023-04,Çatalca,European,affordable,11588,552,11854,48.7,127,35,15,21,8.5,13.5,39
2023-05,Çatalca,European,affordable,12520,596,14037,52.6,76,15,87,21,8.5,13.5,39
2023-06,Çatalca,European,affordable,12218,582,13097,51.3,110,43,82,21,8.5,13.5,39
2023-07,Çatalca,European,affordable,15605,589,16895,65.5,176,68,55,26.5,25,30,65
2023-08,Çatalca,European,affordable,15630,590,16722,65.6,142,9,93,26.5,25,30,65
2023-09,Çatalca,European,affordable,15637,590,17353,65.7,60,15,81,26.5,25,30,65
2023-10,Çatalca,European,affordable,14894,514,15679,62.6,138,32,107,29,42.5,47.5,65
2023-11,Çatalca,European,affordable,15979,551,17598,67.1,23,41,55,29,42.5,47.5,65
2023-12,Çatalca,European,affordable,15011,518,16555,63,30,6,82,29,42.5,47.5,65
2024-01,Çatalca,European,affordable,17753,555,18989,74.6,101,22,66,32,50,55,75
2024-02,Çatalca,European,affordable,17568,549,20506,73.8,56,16,10,32,50,55,75
2024-03,Çatalca,European,affordable,17519,547,19668,73.6,36,10,18,32,50,55,75
2024-04,Çatalca,European,affordable,17823,557,20527,74.9,31,65,40,32,50,55,75
2024-05,Çatalca,European,affordable,17099,534,19113,71.8,57,9,78,32,50,55,75
2024-06,Çatalca,European,affordable,17515,547,19336,73.6,175,41,72,32,50,55,75
2024-07,Çatalca,European,affordable,18723,551,20846,78.6,100,68,13,34,50,55,49
2024-08,Çatalca,European,affordable,19901,585,22145,83.6,83,35,14,34,50,55,49
2024-09,Çatalca,European,affordable,18496,544,19267,77.7,33,52,96,34,50,55,49
2024-10,Çatalca,European,affordable,19201,565,19907,80.6,97,12,36,34,50,55,49
2024-11,Çatalca,European,affordable,18320,539,19540,76.9,126,12,70,34,50,55,49
2024-12,Çatalca,European,affordable,18903,556,20411,79.4,96,75,32,34,50,55,49
2025-01,Çatalca,European,affordable,20177,560,22614,84.7,32,75,114,36,47.5,52.5,36
2025-02,Çatalca,European,affordable,20175,560,22105,84.7,144,68,44,36,47.5,52.5,36
2025-03,Çatalca,European,affordable,20186,561,22453,84.8,15,56,16,36,47.5,52.5,36
2025-04,Çatalca,European,affordable,20068,557,21771,84.3,106,16,103,36,47.5,52.5,36
2025-05,Çatalca,European,affordable,19937,554,21648,83.7,80,37,31,36,47.5,52.5,36
2025-06,Çatalca,European,affordable,20497,569,23131,86.1,175,14,52,36,47.5,52.5,36
2025-07,Çatalca,European,affordable,22029,604,24539,92.5,171,32,111,36.5,45,50,30
2025-08,Çatalca,European,affordable,20994,575,22225,88.2,82,29,93,36.5,45,50,30
2025-09,Çatalca,European,affordable,20807,570,22334,87.4,128,78,118,36.5,45,50,30
2025-10,Çatalca,European,affordable,21045,577,22862,88.4,33,76,72,36.5,45,50,30
2025-11,Çatalca,European,affordable,21670,594,24503,91,113,40,42,36.5,45,50,30
2025-12,Çatalca,European,affordable,21362,585,23811,89.7,86,62,12,36.5,45,50,30
2026-01,Çatalca,European,affordable,21514,589,23569,90.4,56,41,37,36.5,45,50,30
2026-02,Çatalca,European,affordable,22453,615,24837,94.3,107,64,73,36.5,45,50,30
2026-03,Çatalca,European,affordable,20400,559,22100,85.7,57,75,57,36.5,45,50,30
2026-04,Çatalca,European,affordable,21968,602,24351,92.3,159,48,50,36.5,45,50,30
2020-01,Moda (Kadıköy),Asian,luxury,6302,1016,6788,26.5,134,43,71,6.2,10.75,15.75,11
2020-02,Moda (Kadıköy),Asian,luxury,6230,1005,6600,26.2,130,29,35,6.2,10.75,15.75,11
2020-03,Moda (Kadıköy),Asian,luxury,6161,994,7112,25.9,29,49,29,6.2,10.75,15.75,11
2020-04,Moda (Kadıköy),Asian,luxury,7590,1084,8288,31.9,36,22,57,7,8.25,13.25,11
2020-05,Moda (Kadıköy),Asian,luxury,7139,1020,8315,30,26,59,37,7,8.25,13.25,11
2020-06,Moda (Kadıköy),Asian,luxury,7177,1025,7881,30.1,15,44,86,7,8.25,13.25,11
2020-07,Moda (Kadıköy),Asian,luxury,7275,1039,8113,30.6,142,17,14,7,8.25,13.25,14
2020-08,Moda (Kadıköy),Asian,luxury,7167,1024,7829,30.1,48,37,99,7,8.25,13.25,14
2020-09,Moda (Kadıköy),Asian,luxury,7775,1111,9037,32.7,91,34,80,7,8.25,13.25,14
2020-10,Moda (Kadıköy),Asian,luxury,9927,1324,11069,41.7,173,18,104,7.5,10.25,15.25,14
2020-11,Moda (Kadıköy),Asian,luxury,10370,1383,11706,43.6,17,17,54,7.5,10.25,15.25,14
2020-12,Moda (Kadıköy),Asian,luxury,10031,1337,10996,42.1,71,75,74,7.5,10.25,15.25,14
2021-01,Moda (Kadıköy),Asian,luxury,13708,1828,14610,57.6,19,34,119,7.5,17,22,19.5
2021-02,Moda (Kadıköy),Asian,luxury,13710,1828,14928,57.6,86,70,97,7.5,17,22,19.5
2021-03,Moda (Kadıköy),Asian,luxury,13216,1762,14837,55.5,173,33,100,7.5,17,22,19.5
2021-04,Moda (Kadıköy),Asian,luxury,14093,1658,15651,59.2,132,76,15,8.5,19,24,19.5
2021-05,Moda (Kadıköy),Asian,luxury,13425,1579,14367,56.4,37,75,76,8.5,19,24,19.5
2021-06,Moda (Kadıköy),Asian,luxury,13252,1559,14287,55.7,85,22,48,8.5,19,24,19.5
2021-07,Moda (Kadıköy),Asian,luxury,19369,2279,22473,81.4,16,44,76,8.5,19,24,19.5
2021-08,Moda (Kadıköy),Asian,luxury,20516,2414,22056,86.2,167,54,15,8.5,19,24,19.5
2021-09,Moda (Kadıköy),Asian,luxury,19723,2320,21210,82.8,17,61,50,8.5,19,24,19.5
2021-10,Moda (Kadıköy),Asian,luxury,19036,1731,21020,79.9,17,55,77,11,14,19,54
2021-11,Moda (Kadıköy),Asian,luxury,20512,1865,21927,86.2,139,51,10,11,14,19,54
2021-12,Moda (Kadıköy),Asian,luxury,20014,1819,21840,84.1,79,75,111,11,14,19,54
2022-01,Moda (Kadıköy),Asian,luxury,40087,2765,46474,168.4,83,79,24,14.5,14,19,54
2022-02,Moda (Kadıköy),Asian,luxury,40023,2760,44344,168.1,55,44,110,14.5,14,19,54
2022-03,Moda (Kadıköy),Asian,luxury,40662,2804,42571,170.8,167,26,70,14.5,14,19,54
2022-04,Moda (Kadıköy),Asian,luxury,39460,2321,43104,165.7,17,62,79,17,14,19,80
2022-05,Moda (Kadıköy),Asian,luxury,39713,2336,45056,166.8,149,51,76,17,14,19,80
2022-06,Moda (Kadıköy),Asian,luxury,38286,2252,44051,160.8,126,44,56,17,14,19,80
2022-07,Moda (Kadıköy),Asian,luxury,59344,3491,62778,249.2,36,44,17,17,12,17,80
2022-08,Moda (Kadıköy),Asian,luxury,59805,3518,64496,251.2,57,62,102,17,12,17,80
2022-09,Moda (Kadıköy),Asian,luxury,61888,3640,66556,259.9,161,72,15,17,12,17,80
2022-10,Moda (Kadıköy),Asian,luxury,63614,3402,69852,267.2,158,23,75,18.7,9,14,64
2022-11,Moda (Kadıköy),Asian,luxury,61231,3274,68865,257.2,18,12,44,18.7,9,14,64
2022-12,Moda (Kadıköy),Asian,luxury,60936,3259,66204,255.9,143,36,78,18.7,9,14,64
2023-01,Moda (Kadıköy),Asian,luxury,84057,4003,90254,353,145,26,15,21,8.5,13.5,39
2023-02,Moda (Kadıköy),Asian,luxury,82205,3915,88067,345.3,96,17,25,21,8.5,13.5,39
2023-03,Moda (Kadıköy),Asian,luxury,84157,4007,92008,353.5,103,75,23,21,8.5,13.5,39
2023-04,Moda (Kadıköy),Asian,luxury,81957,3903,93309,344.2,77,22,105,21,8.5,13.5,39
2023-05,Moda (Kadıköy),Asian,luxury,82375,3923,88525,346,145,61,94,21,8.5,13.5,39
2023-06,Moda (Kadıköy),Asian,luxury,80190,3819,89592,336.8,120,72,44,21,8.5,13.5,39
2023-07,Moda (Kadıköy),Asian,luxury,109400,4128,119746,459.5,87,21,88,26.5,25,30,65
2023-08,Moda (Kadıköy),Asian,luxury,106176,4007,119095,445.9,156,7,28,26.5,25,30,65
2023-09,Moda (Kadıköy),Asian,luxury,108113,4080,116404,454.1,64,42,111,26.5,25,30,65
2023-10,Moda (Kadıköy),Asian,luxury,108408,3738,115024,455.3,18,31,49,29,42.5,47.5,65
2023-11,Moda (Kadıköy),Asian,luxury,104153,3591,110762,437.4,159,28,32,29,42.5,47.5,65
2023-12,Moda (Kadıköy),Asian,luxury,103231,3560,110708,433.6,89,71,92,29,42.5,47.5,65
2024-01,Moda (Kadıköy),Asian,luxury,122000,3812,132599,512.4,50,78,51,32,50,55,75
2024-02,Moda (Kadıköy),Asian,luxury,121195,3787,131786,509,133,22,70,32,50,55,75
2024-03,Moda (Kadıköy),Asian,luxury,118706,3710,135694,498.6,54,68,29,32,50,55,75
2024-04,Moda (Kadıköy),Asian,luxury,118214,3694,128390,496.5,174,66,85,32,50,55,75
2024-05,Moda (Kadıköy),Asian,luxury,117694,3678,128509,494.3,171,71,77,32,50,55,75
2024-06,Moda (Kadıköy),Asian,luxury,125835,3932,141596,528.5,134,12,93,32,50,55,75
2024-07,Moda (Kadıköy),Asian,luxury,129747,3816,143741,544.9,100,20,75,34,50,55,49
2024-08,Moda (Kadıköy),Asian,luxury,127893,3762,141039,537.1,168,52,108,34,50,55,49
2024-09,Moda (Kadıköy),Asian,luxury,128786,3788,147506,540.9,52,72,78,34,50,55,49
2024-10,Moda (Kadıköy),Asian,luxury,134402,3953,149446,564.5,78,59,40,34,50,55,49
2024-11,Moda (Kadıköy),Asian,luxury,127322,3745,136683,534.8,46,11,21,34,50,55,49
2024-12,Moda (Kadıköy),Asian,luxury,133359,3922,140297,560.1,144,10,117,34,50,55,49
2025-01,Moda (Kadıköy),Asian,luxury,139680,3880,155610,586.7,174,27,108,36,47.5,52.5,36
2025-02,Moda (Kadıköy),Asian,luxury,139153,3865,156372,584.4,168,50,71,36,47.5,52.5,36
2025-03,Moda (Kadıköy),Asian,luxury,137718,3825,149718,578.4,160,25,59,36,47.5,52.5,36
2025-04,Moda (Kadıköy),Asian,luxury,137301,3814,150547,576.7,130,75,46,36,47.5,52.5,36
2025-05,Moda (Kadıköy),Asian,luxury,136495,3792,152258,573.3,56,78,110,36,47.5,52.5,36
2025-06,Moda (Kadıköy),Asian,luxury,138797,3855,146220,582.9,151,32,42,36,47.5,52.5,36
2025-07,Moda (Kadıköy),Asian,luxury,142854,3914,158197,600,50,21,111,36.5,45,50,30
2025-08,Moda (Kadıköy),Asian,luxury,144231,3952,155218,605.8,53,64,67,36.5,45,50,30
2025-09,Moda (Kadıköy),Asian,luxury,148533,4069,169025,623.8,167,51,32,36.5,45,50,30
2025-10,Moda (Kadıköy),Asian,luxury,149438,4094,167645,627.6,155,30,100,36.5,45,50,30
2025-11,Moda (Kadıköy),Asian,luxury,140614,3852,152635,590.6,33,52,105,36.5,45,50,30
2025-12,Moda (Kadıköy),Asian,luxury,143966,3944,157903,604.7,156,25,54,36.5,45,50,30
2026-01,Moda (Kadıköy),Asian,luxury,151691,4156,167503,637.1,84,65,87,36.5,45,50,30
2026-02,Moda (Kadıköy),Asian,luxury,144739,3965,159839,607.9,133,29,13,36.5,45,50,30
2026-03,Moda (Kadıköy),Asian,luxury,146256,4007,162349,614.3,29,37,30,36.5,45,50,30
2026-04,Moda (Kadıköy),Asian,luxury,148663,4073,160437,624.4,70,49,49,36.5,45,50,30
2020-01,Caddebostan,Asian,luxury,6845,1104,7474,28.7,56,61,79,6.2,10.75,15.75,11
2020-02,Caddebostan,Asian,luxury,6910,1115,7358,29,114,37,58,6.2,10.75,15.75,11
2020-03,Caddebostan,Asian,luxury,6804,1097,7449,28.6,99,20,67,6.2,10.75,15.75,11
2020-04,Caddebostan,Asian,luxury,8173,1168,8877,34.3,101,49,116,7,8.25,13.25,11
2020-05,Caddebostan,Asian,luxury,8507,1215,9745,35.7,164,47,62,7,8.25,13.25,11
2020-06,Caddebostan,Asian,luxury,8320,1189,8981,34.9,44,55,46,7,8.25,13.25,11
2020-07,Caddebostan,Asian,luxury,8255,1179,9410,34.7,75,23,25,7,8.25,13.25,14
2020-08,Caddebostan,Asian,luxury,8366,1195,8800,35.1,117,64,50,7,8.25,13.25,14
2020-09,Caddebostan,Asian,luxury,8323,1189,9472,35,111,41,56,7,8.25,13.25,14
2020-10,Caddebostan,Asian,luxury,11123,1483,12086,46.7,136,49,74,7.5,10.25,15.25,14
2020-11,Caddebostan,Asian,luxury,11133,1484,12320,46.8,73,75,90,7.5,10.25,15.25,14
2020-12,Caddebostan,Asian,luxury,11104,1481,11803,46.6,17,65,66,7.5,10.25,15.25,14
2021-01,Caddebostan,Asian,luxury,14809,1975,16164,62.2,84,60,108,7.5,17,22,19.5
2021-02,Caddebostan,Asian,luxury,15560,2075,17370,65.4,70,9,61,7.5,17,22,19.5
2021-03,Caddebostan,Asian,luxury,15599,2080,16688,65.5,46,49,63,7.5,17,22,19.5
2021-04,Caddebostan,Asian,luxury,15154,1783,16700,63.6,154,63,37,8.5,19,24,19.5
2021-05,Caddebostan,Asian,luxury,14972,1761,15891,62.9,131,31,40,8.5,19,24,19.5
2021-06,Caddebostan,Asian,luxury,15515,1825,16930,65.2,133,51,36,8.5,19,24,19.5
2021-07,Caddebostan,Asian,luxury,21675,2550,25296,91,41,68,66,8.5,19,24,19.5
2021-08,Caddebostan,Asian,luxury,21949,2582,23362,92.2,16,8,27,8.5,19,24,19.5
2021-09,Caddebostan,Asian,luxury,21632,2545,23281,90.9,157,55,64,8.5,19,24,19.5
2021-10,Caddebostan,Asian,luxury,22043,2004,25124,92.6,72,59,77,11,14,19,54
2021-11,Caddebostan,Asian,luxury,23307,2119,25666,97.9,37,72,76,11,14,19,54
2021-12,Caddebostan,Asian,luxury,22577,2052,23440,94.8,21,29,93,11,14,19,54
2022-01,Caddebostan,Asian,luxury,45665,3149,49261,191.8,151,46,98,14.5,14,19,54
2022-02,Caddebostan,Asian,luxury,45814,3160,48819,192.4,57,17,69,14.5,14,19,54
2022-03,Caddebostan,Asian,luxury,45955,3169,50590,193,90,22,44,14.5,14,19,54
2022-04,Caddebostan,Asian,luxury,44580,2622,48886,187.2,85,45,65,17,14,19,80
2022-05,Caddebostan,Asian,luxury,42958,2527,44748,180.4,68,70,76,17,14,19,80
2022-06,Caddebostan,Asian,luxury,43805,2577,46131,184,150,8,76,17,14,19,80
2022-07,Caddebostan,Asian,luxury,67364,3963,71402,282.9,157,57,60,17,12,17,80
2022-08,Caddebostan,Asian,luxury,68250,4015,78208,286.7,168,31,72,17,12,17,80
2022-09,Caddebostan,Asian,luxury,68340,4020,74916,287,33,7,34,17,12,17,80
2022-10,Caddebostan,Asian,luxury,66564,3560,70100,279.6,26,31,35,18.7,9,14,64
2022-11,Caddebostan,Asian,luxury,64890,3470,67077,272.5,109,43,97,18.7,9,14,64
2022-12,Caddebostan,Asian,luxury,66797,3572,74988,280.5,145,38,113,18.7,9,14,64
2023-01,Caddebostan,Asian,luxury,92141,4388,102294,387,67,19,97,21,8.5,13.5,39
2023-02,Caddebostan,Asian,luxury,88798,4228,101748,373,54,13,118,21,8.5,13.5,39
2023-03,Caddebostan,Asian,luxury,92383,4399,102293,388,92,25,69,21,8.5,13.5,39
2023-04,Caddebostan,Asian,luxury,92259,4393,100361,387.5,22,30,43,21,8.5,13.5,39
2023-05,Caddebostan,Asian,luxury,90928,4330,98768,381.9,120,55,118,21,8.5,13.5,39
2023-06,Caddebostan,Asian,luxury,92659,4412,101733,389.2,31,50,16,21,8.5,13.5,39
2023-07,Caddebostan,Asian,luxury,112990,4264,127703,474.6,117,56,91,26.5,25,30,65
2023-08,Caddebostan,Asian,luxury,114482,4320,128354,480.8,102,71,66,26.5,25,30,65
2023-09,Caddebostan,Asian,luxury,110872,4184,120199,465.7,166,71,31,26.5,25,30,65
2023-10,Caddebostan,Asian,luxury,115885,3996,128083,486.7,172,34,23,29,42.5,47.5,65
2023-11,Caddebostan,Asian,luxury,118339,4081,130409,497,90,12,56,29,42.5,47.5,65
2023-12,Caddebostan,Asian,luxury,119602,4124,129012,502.3,59,42,43,29,42.5,47.5,65
2024-01,Caddebostan,Asian,luxury,136620,4269,147986,573.8,121,42,76,32,50,55,75
2024-02,Caddebostan,Asian,luxury,134811,4213,147652,566.2,103,28,116,32,50,55,75
2024-03,Caddebostan,Asian,luxury,135400,4231,147453,568.7,88,26,67,32,50,55,75
2024-04,Caddebostan,Asian,luxury,133011,4157,150567,558.6,76,54,69,32,50,55,75
2024-05,Caddebostan,Asian,luxury,138820,4338,147732,583,132,14,119,32,50,55,75
2024-06,Caddebostan,Asian,luxury,134552,4205,146914,565.1,32,24,53,32,50,55,75
2024-07,Caddebostan,Asian,luxury,142842,4201,155684,599.9,160,47,93,34,50,55,49
2024-08,Caddebostan,Asian,luxury,146087,4297,168228,613.6,132,53,86,34,50,55,49
2024-09,Caddebostan,Asian,luxury,142779,4199,155618,599.7,139,10,52,34,50,55,49
2024-10,Caddebostan,Asian,luxury,147713,4345,163216,620.4,97,58,97,34,50,55,49
2024-11,Caddebostan,Asian,luxury,143787,4229,155039,603.9,45,17,44,34,50,55,49
2024-12,Caddebostan,Asian,luxury,156453,4602,169669,657.1,174,24,108,34,50,55,49
2025-01,Caddebostan,Asian,luxury,154571,4294,164046,649.2,48,13,44,36,47.5,52.5,36
2025-02,Caddebostan,Asian,luxury,154008,4278,169709,646.8,57,45,27,36,47.5,52.5,36
2025-03,Caddebostan,Asian,luxury,151281,4202,169998,635.4,56,37,23,36,47.5,52.5,36
2025-04,Caddebostan,Asian,luxury,154467,4291,174162,648.8,129,24,36,36,47.5,52.5,36
2025-05,Caddebostan,Asian,luxury,154134,4281,173029,647.4,122,23,53,36,47.5,52.5,36
2025-06,Caddebostan,Asian,luxury,151879,4219,168938,637.9,102,16,90,36,47.5,52.5,36
2025-07,Caddebostan,Asian,luxury,164047,4494,186070,689,140,5,89,36.5,45,50,30
2025-08,Caddebostan,Asian,luxury,158884,4353,173388,667.3,100,39,19,36.5,45,50,30
2025-09,Caddebostan,Asian,luxury,164042,4494,176556,689,66,47,71,36.5,45,50,30
2025-10,Caddebostan,Asian,luxury,167362,4585,184669,702.9,21,78,107,36.5,45,50,30
2025-11,Caddebostan,Asian,luxury,163956,4492,178094,688.6,117,76,59,36.5,45,50,30
2025-12,Caddebostan,Asian,luxury,161642,4429,173969,678.9,136,44,100,36.5,45,50,30
2026-01,Caddebostan,Asian,luxury,168870,4627,186421,709.3,81,55,106,36.5,45,50,30
2026-02,Caddebostan,Asian,luxury,167817,4598,183275,704.8,175,51,50,36.5,45,50,30
2026-03,Caddebostan,Asian,luxury,166356,4558,179195,698.7,105,16,11,36.5,45,50,30
2026-04,Caddebostan,Asian,luxury,155618,4264,173901,653.6,70,64,90,36.5,45,50,30
2020-01,Suadiye,Asian,luxury,5863,946,6404,24.6,156,58,16,6.2,10.75,15.75,11
2020-02,Suadiye,Asian,luxury,6269,1011,6924,26.3,158,49,29,6.2,10.75,15.75,11
2020-03,Suadiye,Asian,luxury,6231,1005,7081,26.2,153,66,12,6.2,10.75,15.75,11
2020-04,Suadiye,Asian,luxury,7422,1060,7936,31.2,37,72,49,7,8.25,13.25,11
2020-05,Suadiye,Asian,luxury,7389,1056,7967,31,48,49,105,7,8.25,13.25,11
2020-06,Suadiye,Asian,luxury,7247,1035,7937,30.4,67,47,79,7,8.25,13.25,11
2020-07,Suadiye,Asian,luxury,7540,1077,8403,31.7,131,73,82,7,8.25,13.25,14
2020-08,Suadiye,Asian,luxury,7444,1063,8119,31.3,152,25,41,7,8.25,13.25,14
2020-09,Suadiye,Asian,luxury,7209,1030,7870,30.3,42,51,26,7,8.25,13.25,14
2020-10,Suadiye,Asian,luxury,9991,1332,10797,42,91,51,57,7.5,10.25,15.25,14
2020-11,Suadiye,Asian,luxury,9561,1275,10228,40.2,79,16,53,7.5,10.25,15.25,14
2020-12,Suadiye,Asian,luxury,10182,1358,11248,42.8,100,72,43,7.5,10.25,15.25,14
2021-01,Suadiye,Asian,luxury,13211,1761,14648,55.5,98,32,67,7.5,17,22,19.5
2021-02,Suadiye,Asian,luxury,13693,1826,14641,57.5,126,67,81,7.5,17,22,19.5
2021-03,Suadiye,Asian,luxury,13148,1753,14661,55.2,159,76,64,7.5,17,22,19.5
2021-04,Suadiye,Asian,luxury,13350,1571,14345,56.1,50,5,95,8.5,19,24,19.5
2021-05,Suadiye,Asian,luxury,13376,1574,14798,56.2,144,12,95,8.5,19,24,19.5
2021-06,Suadiye,Asian,luxury,13030,1533,14599,54.7,160,65,26,8.5,19,24,19.5
2021-07,Suadiye,Asian,luxury,20801,2447,23394,87.4,120,59,114,8.5,19,24,19.5
2021-08,Suadiye,Asian,luxury,19163,2254,21256,80.5,79,7,18,8.5,19,24,19.5
2021-09,Suadiye,Asian,luxury,20582,2421,22856,86.4,77,52,20,8.5,19,24,19.5
2021-10,Suadiye,Asian,luxury,21135,1921,24578,88.8,43,53,112,11,14,19,54
2021-11,Suadiye,Asian,luxury,18710,1701,19638,78.6,166,72,74,11,14,19,54
2021-12,Suadiye,Asian,luxury,19506,1773,21688,81.9,166,70,79,11,14,19,54
2022-01,Suadiye,Asian,luxury,39809,2745,45242,167.2,95,37,87,14.5,14,19,54
2022-02,Suadiye,Asian,luxury,39898,2752,45458,167.6,133,15,79,14.5,14,19,54
2022-03,Suadiye,Asian,luxury,41233,2844,46000,173.2,92,24,91,14.5,14,19,54
2022-04,Suadiye,Asian,luxury,40202,2365,42891,168.9,60,76,35,17,14,19,80
2022-05,Suadiye,Asian,luxury,39427,2319,43691,165.6,31,71,86,17,14,19,80
2022-06,Suadiye,Asian,luxury,37840,2226,40807,158.9,170,76,86,17,14,19,80
2022-07,Suadiye,Asian,luxury,64844,3814,71516,272.3,164,54,55,17,12,17,80
2022-08,Suadiye,Asian,luxury,61917,3642,67699,260.1,153,44,80,17,12,17,80
2022-09,Suadiye,Asian,luxury,61408,3612,69780,257.9,53,71,32,17,12,17,80
2022-10,Suadiye,Asian,luxury,61765,3303,66345,259.4,175,59,74,18.7,9,14,64
2022-11,Suadiye,Asian,luxury,61520,3290,67501,258.4,79,54,10,18.7,9,14,64
2022-12,Suadiye,Asian,luxury,64749,3463,68089,271.9,31,8,78,18.7,9,14,64
2023-01,Suadiye,Asian,luxury,85758,4084,93526,360.2,112,72,79,21,8.5,13.5,39
2023-02,Suadiye,Asian,luxury,80952,3855,89788,340,16,55,35,21,8.5,13.5,39
2023-03,Suadiye,Asian,luxury,85134,4054,94198,357.6,28,54,19,21,8.5,13.5,39
2023-04,Suadiye,Asian,luxury,82336,3921,91781,345.8,137,27,108,21,8.5,13.5,39
2023-05,Suadiye,Asian,luxury,84604,4029,95029,355.3,157,65,21,21,8.5,13.5,39
2023-06,Suadiye,Asian,luxury,87084,4147,94616,365.8,23,54,14,21,8.5,13.5,39
2023-07,Suadiye,Asian,luxury,105223,3971,112880,441.9,74,41,78,26.5,25,30,65
2023-08,Suadiye,Asian,luxury,103023,3888,105828,432.7,24,37,112,26.5,25,30,65
2023-09,Suadiye,Asian,luxury,102293,3860,112185,429.6,115,17,39,26.5,25,30,65
2023-10,Suadiye,Asian,luxury,107409,3704,115738,451.1,157,44,12,29,42.5,47.5,65
2023-11,Suadiye,Asian,luxury,107237,3698,115816,450.4,69,60,93,29,42.5,47.5,65
2023-12,Suadiye,Asian,luxury,105022,3621,112803,441.1,155,41,14,29,42.5,47.5,65
2024-01,Suadiye,Asian,luxury,125847,3933,137271,528.6,178,31,119,32,50,55,75
2024-02,Suadiye,Asian,luxury,124704,3897,141002,523.8,143,10,22,32,50,55,75
2024-03,Suadiye,Asian,luxury,121163,3786,134685,508.9,56,43,76,32,50,55,75
2024-04,Suadiye,Asian,luxury,118165,3693,129462,496.3,28,28,31,32,50,55,75
2024-05,Suadiye,Asian,luxury,116932,3654,129181,491.1,166,28,83,32,50,55,75
2024-06,Suadiye,Asian,luxury,120949,3780,139296,508,104,25,78,32,50,55,75
2024-07,Suadiye,Asian,luxury,134288,3950,150923,564,118,27,37,34,50,55,49
2024-08,Suadiye,Asian,luxury,128018,3765,144573,537.7,130,49,80,34,50,55,49
2024-09,Suadiye,Asian,luxury,129946,3822,145074,545.8,69,68,87,34,50,55,49
2024-10,Suadiye,Asian,luxury,131394,3865,150742,551.9,111,32,107,34,50,55,49
2024-11,Suadiye,Asian,luxury,127236,3742,136786,534.4,52,16,118,34,50,55,49
2024-12,Suadiye,Asian,luxury,130176,3829,141940,546.7,54,48,74,34,50,55,49
2025-01,Suadiye,Asian,luxury,136471,3791,150605,573.2,33,10,10,36,47.5,52.5,36
2025-02,Suadiye,Asian,luxury,138315,3842,159914,580.9,137,33,91,36,47.5,52.5,36
2025-03,Suadiye,Asian,luxury,141666,3935,159937,595,46,31,37,36,47.5,52.5,36
2025-04,Suadiye,Asian,luxury,138029,3834,151273,579.7,159,26,92,36,47.5,52.5,36
2025-05,Suadiye,Asian,luxury,144826,4023,159861,608.3,118,45,15,36,47.5,52.5,36
2025-06,Suadiye,Asian,luxury,133651,3713,144539,561.3,77,27,53,36,47.5,52.5,36
2025-07,Suadiye,Asian,luxury,141772,3884,157656,595.4,175,58,79,36.5,45,50,30
2025-08,Suadiye,Asian,luxury,140563,3851,150142,590.4,124,25,103,36.5,45,50,30
2025-09,Suadiye,Asian,luxury,145835,3995,160544,612.5,106,10,17,36.5,45,50,30
2025-10,Suadiye,Asian,luxury,146443,4012,162488,615.1,171,52,43,36.5,45,50,30
2025-11,Suadiye,Asian,luxury,146063,4002,169354,613.5,63,67,48,36.5,45,50,30
2025-12,Suadiye,Asian,luxury,143997,3945,159474,604.8,156,22,48,36.5,45,50,30
2026-01,Suadiye,Asian,luxury,145551,3988,162742,611.3,47,57,40,36.5,45,50,30
2026-02,Suadiye,Asian,luxury,139670,3827,152359,586.6,47,52,11,36.5,45,50,30
2026-03,Suadiye,Asian,luxury,142462,3903,156388,598.3,147,55,39,36.5,45,50,30
2026-04,Suadiye,Asian,luxury,140357,3845,155482,589.5,146,12,56,36.5,45,50,30
2020-01,Bostancı,Asian,premium,5180,836,5702,21.8,161,24,107,6.2,10.75,15.75,11
2020-02,Bostancı,Asian,premium,5148,830,5502,21.6,38,56,78,6.2,10.75,15.75,11
2020-03,Bostancı,Asian,premium,5114,825,5537,21.5,123,36,30,6.2,10.75,15.75,11
2020-04,Bostancı,Asian,premium,6246,892,6815,26.2,156,33,13,7,8.25,13.25,11
2020-05,Bostancı,Asian,premium,6326,904,6942,26.6,58,8,34,7,8.25,13.25,11
2020-06,Bostancı,Asian,premium,6293,899,6765,26.4,59,79,13,7,8.25,13.25,11
2020-07,Bostancı,Asian,premium,6170,881,6811,25.9,40,5,90,7,8.25,13.25,14
2020-08,Bostancı,Asian,premium,6190,884,6935,26,166,8,35,7,8.25,13.25,14
2020-09,Bostancı,Asian,premium,6279,897,6792,26.4,120,56,81,7,8.25,13.25,14
2020-10,Bostancı,Asian,premium,8306,1108,9553,34.9,116,28,26,7.5,10.25,15.25,14
2020-11,Bostancı,Asian,premium,8272,1103,8965,34.7,139,55,16,7.5,10.25,15.25,14
2020-12,Bostancı,Asian,premium,8431,1124,9617,35.4,157,48,53,7.5,10.25,15.25,14
2021-01,Bostancı,Asian,premium,11346,1513,13093,47.7,34,33,92,7.5,17,22,19.5
2021-02,Bostancı,Asian,premium,11521,1536,12819,48.4,127,21,35,7.5,17,22,19.5
2021-03,Bostancı,Asian,premium,11938,1592,13188,50.1,58,40,105,7.5,17,22,19.5
2021-04,Bostancı,Asian,premium,11487,1351,12502,48.2,101,8,86,8.5,19,24,19.5
2021-05,Bostancı,Asian,premium,11493,1352,12620,48.3,58,8,57,8.5,19,24,19.5
2021-06,Bostancı,Asian,premium,11786,1387,12299,49.5,105,21,89,8.5,19,24,19.5
2021-07,Bostancı,Asian,premium,17075,2009,19278,71.7,119,68,77,8.5,19,24,19.5
2021-08,Bostancı,Asian,premium,17010,2001,17930,71.4,25,27,26,8.5,19,24,19.5
2021-09,Bostancı,Asian,premium,15965,1878,18137,67.1,127,46,118,8.5,19,24,19.5
2021-10,Bostancı,Asian,premium,16767,1524,18222,70.4,42,13,20,11,14,19,54
2021-11,Bostancı,Asian,premium,16994,1545,18423,71.4,49,59,75,11,14,19,54
2021-12,Bostancı,Asian,premium,16906,1537,18940,71,161,28,85,11,14,19,54
2022-01,Bostancı,Asian,premium,34212,2359,37232,143.7,64,63,33,14.5,14,19,54
2022-02,Bostancı,Asian,premium,33734,2327,36953,141.7,31,25,117,14.5,14,19,54
2022-03,Bostancı,Asian,premium,33888,2337,36679,142.3,21,52,84,14.5,14,19,54
2022-04,Bostancı,Asian,premium,33198,1953,37631,139.4,116,26,16,17,14,19,80
2022-05,Bostancı,Asian,premium,32985,1940,38098,138.5,102,78,90,17,14,19,80
2022-06,Bostancı,Asian,premium,33998,2000,37852,142.8,82,6,11,17,14,19,80
2022-07,Bostancı,Asian,premium,52587,3093,58256,220.9,103,19,111,17,12,17,80
2022-08,Bostancı,Asian,premium,51700,3041,56387,217.1,151,71,82,17,12,17,80
2022-09,Bostancı,Asian,premium,51170,3010,56774,214.9,106,66,81,17,12,17,80
2022-10,Bostancı,Asian,premium,54037,2890,63182,227,153,26,105,18.7,9,14,64
2022-11,Bostancı,Asian,premium,53481,2860,57041,224.6,120,13,33,18.7,9,14,64
2022-12,Bostancı,Asian,premium,55179,2951,59665,231.8,78,50,71,18.7,9,14,64
2023-01,Bostancı,Asian,premium,72400,3448,84185,304.1,38,21,116,21,8.5,13.5,39
2023-02,Bostancı,Asian,premium,74218,3534,80971,311.7,100,51,98,21,8.5,13.5,39
2023-03,Bostancı,Asian,premium,73972,3522,79353,310.7,164,47,48,21,8.5,13.5,39
2023-04,Bostancı,Asian,premium,72918,3472,78925,306.3,128,16,13,21,8.5,13.5,39
2023-05,Bostancı,Asian,premium,68771,3275,74780,288.8,29,56,46,21,8.5,13.5,39
2023-06,Bostancı,Asian,premium,73833,3516,80609,310.1,72,45,58,21,8.5,13.5,39
2023-07,Bostancı,Asian,premium,89375,3373,97149,375.4,93,79,72,26.5,25,30,65
2023-08,Bostancı,Asian,premium,87075,3286,93930,365.7,42,34,81,26.5,25,30,65
2023-09,Bostancı,Asian,premium,92810,3502,98963,389.8,54,6,38,26.5,25,30,65
2023-10,Bostancı,Asian,premium,87928,3032,96945,369.3,154,50,42,29,42.5,47.5,65
2023-11,Bostancı,Asian,premium,88512,3052,100354,371.8,178,39,69,29,42.5,47.5,65
2023-12,Bostancı,Asian,premium,87212,3007,99096,366.3,125,39,48,29,42.5,47.5,65
2024-01,Bostancı,Asian,premium,102386,3200,115417,430,141,41,92,32,50,55,75
2024-02,Bostancı,Asian,premium,97457,3046,113049,409.3,52,76,99,32,50,55,75
2024-03,Bostancı,Asian,premium,100349,3136,113759,421.5,109,64,16,32,50,55,75
2024-04,Bostancı,Asian,premium,98711,3085,107723,414.6,42,5,100,32,50,55,75
2024-05,Bostancı,Asian,premium,103023,3219,115555,432.7,82,44,41,32,50,55,75
2024-06,Bostancı,Asian,premium,100763,3149,110092,423.2,85,74,69,32,50,55,75
2024-07,Bostancı,Asian,premium,107096,3150,114033,449.8,149,52,59,34,50,55,49
2024-08,Bostancı,Asian,premium,113941,3351,123699,478.6,67,30,63,34,50,55,49
2024-09,Bostancı,Asian,premium,112787,3317,124892,473.7,168,29,14,34,50,55,49
2024-10,Bostancı,Asian,premium,112728,3316,128811,473.5,138,62,60,34,50,55,49
2024-11,Bostancı,Asian,premium,107124,3151,118496,449.9,147,40,81,34,50,55,49
2024-12,Bostancı,Asian,premium,114426,3365,131219,480.6,33,23,91,34,50,55,49
2025-01,Bostancı,Asian,premium,116888,3247,131695,490.9,126,7,94,36,47.5,52.5,36
2025-02,Bostancı,Asian,premium,117167,3255,130487,492.1,176,25,42,36,47.5,52.5,36
2025-03,Bostancı,Asian,premium,116399,3233,130391,488.9,71,36,91,36,47.5,52.5,36
2025-04,Bostancı,Asian,premium,112489,3125,126108,472.5,67,52,104,36,47.5,52.5,36
2025-05,Bostancı,Asian,premium,107586,2988,114095,451.9,125,48,33,36,47.5,52.5,36
2025-06,Bostancı,Asian,premium,119252,3313,136506,500.9,21,56,95,36,47.5,52.5,36
2025-07,Bostancı,Asian,premium,123170,3375,135208,517.3,87,50,59,36.5,45,50,30
2025-08,Bostancı,Asian,premium,118723,3253,130601,498.6,112,19,115,36.5,45,50,30
2025-09,Bostancı,Asian,premium,123082,3372,136025,516.9,75,50,86,36.5,45,50,30
2025-10,Bostancı,Asian,premium,130079,3564,138813,546.3,144,20,60,36.5,45,50,30
2025-11,Bostancı,Asian,premium,129903,3559,149031,545.6,141,43,81,36.5,45,50,30
2025-12,Bostancı,Asian,premium,122197,3348,133165,513.2,111,29,84,36.5,45,50,30
2026-01,Bostancı,Asian,premium,124440,3409,145779,522.6,104,37,33,36.5,45,50,30
2026-02,Bostancı,Asian,premium,122136,3346,132258,513,103,71,114,36.5,45,50,30
2026-03,Bostancı,Asian,premium,123842,3393,139596,520.1,100,32,109,36.5,45,50,30
2026-04,Bostancı,Asian,premium,124542,3412,136166,523.1,66,10,85,36.5,45,50,30
2020-01,Beylerbeyi,Asian,luxury,7331,1182,8059,30.8,125,20,101,6.2,10.75,15.75,11
2020-02,Beylerbeyi,Asian,luxury,7222,1165,7764,30.3,121,46,67,6.2,10.75,15.75,11
2020-03,Beylerbeyi,Asian,luxury,7289,1176,8038,30.6,127,77,66,6.2,10.75,15.75,11
2020-04,Beylerbeyi,Asian,luxury,9106,1301,9828,38.2,100,48,24,7,8.25,13.25,11
2020-05,Beylerbeyi,Asian,luxury,8937,1277,9544,37.5,55,61,40,7,8.25,13.25,11
2020-06,Beylerbeyi,Asian,luxury,8740,1249,9350,36.7,104,18,58,7,8.25,13.25,11
2020-07,Beylerbeyi,Asian,luxury,9095,1299,10339,38.2,142,27,90,7,8.25,13.25,14
2020-08,Beylerbeyi,Asian,luxury,8727,1247,9913,36.7,91,5,18,7,8.25,13.25,14
2020-09,Beylerbeyi,Asian,luxury,8879,1268,9738,37.3,58,77,39,7,8.25,13.25,14
2020-10,Beylerbeyi,Asian,luxury,11276,1503,12228,47.4,159,43,87,7.5,10.25,15.25,14
2020-11,Beylerbeyi,Asian,luxury,11483,1531,12672,48.2,83,74,56,7.5,10.25,15.25,14
2020-12,Beylerbeyi,Asian,luxury,11951,1593,13629,50.2,77,47,15,7.5,10.25,15.25,14
2021-01,Beylerbeyi,Asian,luxury,16296,2173,17312,68.4,120,78,79,7.5,17,22,19.5
2021-02,Beylerbeyi,Asian,luxury,16522,2203,18431,69.4,177,19,107,7.5,17,22,19.5
2021-03,Beylerbeyi,Asian,luxury,16290,2172,17695,68.4,30,43,94,7.5,17,22,19.5
2021-04,Beylerbeyi,Asian,luxury,16115,1896,17996,67.7,122,19,69,8.5,19,24,19.5
2021-05,Beylerbeyi,Asian,luxury,16499,1941,19071,69.3,84,24,86,8.5,19,24,19.5
2021-06,Beylerbeyi,Asian,luxury,16598,1953,18649,69.7,108,72,99,8.5,19,24,19.5
2021-07,Beylerbeyi,Asian,luxury,22170,2608,24740,93.1,131,14,19,8.5,19,24,19.5
2021-08,Beylerbeyi,Asian,luxury,23745,2794,26259,99.7,91,66,95,8.5,19,24,19.5
2021-09,Beylerbeyi,Asian,luxury,23260,2736,25030,97.7,41,70,72,8.5,19,24,19.5
2021-10,Beylerbeyi,Asian,luxury,24199,2200,26532,101.6,46,59,36,11,14,19,54
2021-11,Beylerbeyi,Asian,luxury,23201,2109,25160,97.4,152,67,117,11,14,19,54
2021-12,Beylerbeyi,Asian,luxury,24241,2204,26474,101.8,149,22,73,11,14,19,54
2022-01,Beylerbeyi,Asian,luxury,46695,3220,50983,196.1,16,56,117,14.5,14,19,54
2022-02,Beylerbeyi,Asian,luxury,48876,3371,53900,205.3,163,76,100,14.5,14,19,54
2022-03,Beylerbeyi,Asian,luxury,47365,3267,52159,198.9,136,14,117,14.5,14,19,54
2022-04,Beylerbeyi,Asian,luxury,47288,2782,50351,198.6,178,60,16,17,14,19,80
2022-05,Beylerbeyi,Asian,luxury,48331,2843,54467,203,77,59,56,17,14,19,80
2022-06,Beylerbeyi,Asian,luxury,48002,2824,53038,201.6,104,15,36,17,14,19,80
2022-07,Beylerbeyi,Asian,luxury,72594,4270,77183,304.9,114,19,119,17,12,17,80
2022-08,Beylerbeyi,Asian,luxury,75558,4445,80806,317.3,101,49,60,17,12,17,80
2022-09,Beylerbeyi,Asian,luxury,75618,4448,82432,317.6,79,64,19,17,12,17,80
2022-10,Beylerbeyi,Asian,luxury,73443,3927,77436,308.5,96,76,26,18.7,9,14,64
2022-11,Beylerbeyi,Asian,luxury,72846,3896,82482,306,136,58,76,18.7,9,14,64
2022-12,Beylerbeyi,Asian,luxury,72312,3867,80700,303.7,81,73,32,18.7,9,14,64
2023-01,Beylerbeyi,Asian,luxury,100156,4769,111333,420.7,97,53,72,21,8.5,13.5,39
2023-02,Beylerbeyi,Asian,luxury,101155,4817,110834,424.9,145,61,11,21,8.5,13.5,39
2023-03,Beylerbeyi,Asian,luxury,100181,4771,110927,420.8,87,66,11,21,8.5,13.5,39
2023-04,Beylerbeyi,Asian,luxury,102307,4872,111164,429.7,83,45,85,21,8.5,13.5,39
2023-05,Beylerbeyi,Asian,luxury,95599,4552,102444,401.5,145,20,38,21,8.5,13.5,39
2023-06,Beylerbeyi,Asian,luxury,102142,4864,113054,429,76,28,118,21,8.5,13.5,39
2023-07,Beylerbeyi,Asian,luxury,127929,4827,139732,537.3,139,43,104,26.5,25,30,65
2023-08,Beylerbeyi,Asian,luxury,128263,4840,140774,538.7,97,16,74,26.5,25,30,65
2023-09,Beylerbeyi,Asian,luxury,120789,4558,130375,507.3,168,16,87,26.5,25,30,65
2023-10,Beylerbeyi,Asian,luxury,126258,4354,141443,530.3,101,34,84,29,42.5,47.5,65
2023-11,Beylerbeyi,Asian,luxury,123999,4276,132817,520.8,75,38,14,29,42.5,47.5,65
2023-12,Beylerbeyi,Asian,luxury,124512,4294,136868,522.9,98,76,64,29,42.5,47.5,65
2024-01,Beylerbeyi,Asian,luxury,142774,4462,156958,599.6,46,43,75,32,50,55,75
2024-02,Beylerbeyi,Asian,luxury,138666,4333,155020,582.4,159,13,103,32,50,55,75
2024-03,Beylerbeyi,Asian,luxury,145198,4537,159153,609.8,101,18,31,32,50,55,75
2024-04,Beylerbeyi,Asian,luxury,146125,4566,168481,613.7,78,18,117,32,50,55,75
2024-05,Beylerbeyi,Asian,luxury,138755,4336,151259,582.8,147,55,79,32,50,55,75
2024-06,Beylerbeyi,Asian,luxury,142157,4442,158117,597.1,38,43,87,32,50,55,75
2024-07,Beylerbeyi,Asian,luxury,151562,4458,173018,636.6,72,5,111,34,50,55,49
2024-08,Beylerbeyi,Asian,luxury,159619,4695,173446,670.4,101,29,18,34,50,55,49
2024-09,Beylerbeyi,Asian,luxury,158487,4661,177608,665.6,134,77,76,34,50,55,49
2024-10,Beylerbeyi,Asian,luxury,156511,4603,178274,657.3,72,36,45,34,50,55,49
2024-11,Beylerbeyi,Asian,luxury,157171,4623,176796,660.1,146,52,52,34,50,55,49
2024-12,Beylerbeyi,Asian,luxury,149941,4410,171930,629.8,128,37,107,34,50,55,49
2025-01,Beylerbeyi,Asian,luxury,166995,4639,186217,701.4,163,58,85,36,47.5,52.5,36
2025-02,Beylerbeyi,Asian,luxury,164351,4565,182694,690.3,145,29,69,36,47.5,52.5,36
2025-03,Beylerbeyi,Asian,luxury,167495,4653,182571,703.5,98,24,45,36,47.5,52.5,36
2025-04,Beylerbeyi,Asian,luxury,163172,4533,180320,685.3,57,67,60,36,47.5,52.5,36
2025-05,Beylerbeyi,Asian,luxury,170433,4734,191985,715.8,129,43,13,36,47.5,52.5,36
2025-06,Beylerbeyi,Asian,luxury,156120,4337,162684,655.7,99,61,89,36,47.5,52.5,36
2025-07,Beylerbeyi,Asian,luxury,175474,4807,192402,737,68,30,52,36.5,45,50,30
2025-08,Beylerbeyi,Asian,luxury,167971,4602,176320,705.5,42,46,69,36.5,45,50,30
2025-09,Beylerbeyi,Asian,luxury,174034,4768,192369,730.9,149,45,73,36.5,45,50,30
2025-10,Beylerbeyi,Asian,luxury,172605,4729,192078,724.9,153,68,86,36.5,45,50,30
2025-11,Beylerbeyi,Asian,luxury,167509,4589,184991,703.5,111,45,16,36.5,45,50,30
2025-12,Beylerbeyi,Asian,luxury,178036,4878,201350,747.8,20,79,103,36.5,45,50,30
2026-01,Beylerbeyi,Asian,luxury,174794,4789,183193,734.1,111,9,16,36.5,45,50,30
2026-02,Beylerbeyi,Asian,luxury,172072,4714,184825,722.7,117,79,74,36.5,45,50,30
2026-03,Beylerbeyi,Asian,luxury,172292,4720,177583,723.6,152,9,63,36.5,45,50,30
2026-04,Beylerbeyi,Asian,luxury,178739,4897,200640,750.7,26,49,16,36.5,45,50,30
2020-01,Çengelköy,Asian,luxury,6548,1056,7477,27.5,149,18,104,6.2,10.75,15.75,11
2020-02,Çengelköy,Asian,luxury,6072,979,6617,25.5,32,30,43,6.2,10.75,15.75,11
2020-03,Çengelköy,Asian,luxury,6699,1081,7621,28.1,15,65,52,6.2,10.75,15.75,11
2020-04,Çengelköy,Asian,luxury,7836,1119,8592,32.9,162,52,27,7,8.25,13.25,11
2020-05,Çengelköy,Asian,luxury,7704,1101,8425,32.4,27,13,92,7,8.25,13.25,11
2020-06,Çengelköy,Asian,luxury,7526,1075,7930,31.6,48,30,58,7,8.25,13.25,11
2020-07,Çengelköy,Asian,luxury,7644,1092,8777,32.1,99,75,97,7,8.25,13.25,14
2020-08,Çengelköy,Asian,luxury,8035,1148,8585,33.7,133,15,58,7,8.25,13.25,14
2020-09,Çengelköy,Asian,luxury,7516,1074,8195,31.6,15,24,34,7,8.25,13.25,14
2020-10,Çengelköy,Asian,luxury,10231,1364,10987,43,174,67,86,7.5,10.25,15.25,14
2020-11,Çengelköy,Asian,luxury,10724,1430,11740,45,108,49,109,7.5,10.25,15.25,14
2020-12,Çengelköy,Asian,luxury,10240,1365,11705,43,43,10,92,7.5,10.25,15.25,14
2021-01,Çengelköy,Asian,luxury,13845,1846,14744,58.1,45,72,76,7.5,17,22,19.5
2021-02,Çengelköy,Asian,luxury,13826,1843,15315,58.1,177,23,30,7.5,17,22,19.5
2021-03,Çengelköy,Asian,luxury,14069,1876,15412,59.1,166,46,90,7.5,17,22,19.5
2021-04,Çengelköy,Asian,luxury,13723,1614,15347,57.6,161,65,111,8.5,19,24,19.5
2021-05,Çengelköy,Asian,luxury,14231,1674,15511,59.8,23,9,93,8.5,19,24,19.5
2021-06,Çengelköy,Asian,luxury,13574,1597,14695,57,27,11,49,8.5,19,24,19.5
2021-07,Çengelköy,Asian,luxury,21067,2478,22492,88.5,94,36,37,8.5,19,24,19.5
2021-08,Çengelköy,Asian,luxury,21148,2488,23496,88.8,112,37,118,8.5,19,24,19.5
2021-09,Çengelköy,Asian,luxury,20894,2458,23626,87.8,110,41,106,8.5,19,24,19.5
2021-10,Çengelköy,Asian,luxury,21258,1933,23761,89.3,106,41,68,11,14,19,54
2021-11,Çengelköy,Asian,luxury,21209,1928,23968,89.1,107,62,111,11,14,19,54
2021-12,Çengelköy,Asian,luxury,20323,1848,22016,85.4,163,55,73,11,14,19,54
2022-01,Çengelköy,Asian,luxury,41186,2840,44427,173,110,56,111,14.5,14,19,54
2022-02,Çengelköy,Asian,luxury,43548,3003,46311,182.9,123,67,57,14.5,14,19,54
2022-03,Çengelköy,Asian,luxury,40659,2804,44370,170.8,172,43,37,14.5,14,19,54
2022-04,Çengelköy,Asian,luxury,41313,2430,44600,173.5,98,63,69,17,14,19,80
2022-05,Çengelköy,Asian,luxury,41246,2426,44589,173.2,176,12,111,17,14,19,80
2022-06,Çengelköy,Asian,luxury,40868,2404,46279,171.6,175,63,13,17,14,19,80
2022-07,Çengelköy,Asian,luxury,62205,3659,71622,261.3,38,50,53,17,12,17,80
2022-08,Çengelköy,Asian,luxury,64803,3812,70124,272.2,24,13,66,17,12,17,80
2022-09,Çengelköy,Asian,luxury,64642,3802,71333,271.5,71,63,100,17,12,17,80
2022-10,Çengelköy,Asian,luxury,66818,3573,71841,280.6,121,20,59,18.7,9,14,64
2022-11,Çengelköy,Asian,luxury,61849,3307,66723,259.8,48,47,70,18.7,9,14,64
2022-12,Çengelköy,Asian,luxury,64749,3463,68975,271.9,94,22,113,18.7,9,14,64
2023-01,Çengelköy,Asian,luxury,87065,4146,94304,365.7,150,5,24,21,8.5,13.5,39
2023-02,Çengelköy,Asian,luxury,90726,4320,101307,381.1,136,48,58,21,8.5,13.5,39
2023-03,Çengelköy,Asian,luxury,90067,4289,98710,378.3,179,37,48,21,8.5,13.5,39
2023-04,Çengelköy,Asian,luxury,88143,4197,98688,370.2,97,17,72,21,8.5,13.5,39
2023-05,Çengelköy,Asian,luxury,89600,4267,100898,376.3,47,61,38,21,8.5,13.5,39
2023-06,Çengelköy,Asian,luxury,89868,4279,98851,377.4,103,5,60,21,8.5,13.5,39
2023-07,Çengelköy,Asian,luxury,112754,4255,125733,473.6,55,27,98,26.5,25,30,65
2023-08,Çengelköy,Asian,luxury,111667,4214,126062,469,93,21,53,26.5,25,30,65
2023-09,Çengelköy,Asian,luxury,110386,4165,122892,463.6,53,48,48,26.5,25,30,65
2023-10,Çengelköy,Asian,luxury,108699,3748,120266,456.5,30,69,26,29,42.5,47.5,65
2023-11,Çengelköy,Asian,luxury,108497,3741,116833,455.7,82,48,48,29,42.5,47.5,65
2023-12,Çengelköy,Asian,luxury,107838,3719,117288,452.9,71,5,83,29,42.5,47.5,65
2024-01,Çengelköy,Asian,luxury,123027,3845,136447,516.7,168,16,116,32,50,55,75
2024-02,Çengelköy,Asian,luxury,124836,3901,136700,524.3,91,59,10,32,50,55,75
2024-03,Çengelköy,Asian,luxury,122817,3838,133832,515.8,65,21,48,32,50,55,75
2024-04,Çengelköy,Asian,luxury,127553,3986,135572,535.7,62,69,107,32,50,55,75
2024-05,Çengelköy,Asian,luxury,120133,3754,133720,504.6,45,60,54,32,50,55,75
2024-06,Çengelköy,Asian,luxury,122449,3827,137839,514.3,150,23,40,32,50,55,75
2024-07,Çengelköy,Asian,luxury,136039,4001,150657,571.4,178,48,31,34,50,55,49
2024-08,Çengelköy,Asian,luxury,136622,4018,144619,573.8,32,34,54,34,50,55,49
2024-09,Çengelköy,Asian,luxury,134448,3954,147326,564.7,125,10,36,34,50,55,49
2024-10,Çengelköy,Asian,luxury,129537,3810,146742,544.1,37,41,61,34,50,55,49
2024-11,Çengelköy,Asian,luxury,130849,3848,141661,549.6,112,44,103,34,50,55,49
2024-12,Çengelköy,Asian,luxury,139506,4103,152707,585.9,137,69,61,34,50,55,49
2025-01,Çengelköy,Asian,luxury,140365,3899,152539,589.5,131,52,111,36,47.5,52.5,36
2025-02,Çengelköy,Asian,luxury,141582,3933,155684,594.6,77,65,12,36,47.5,52.5,36
2025-03,Çengelköy,Asian,luxury,146850,4079,160125,616.8,162,30,19,36,47.5,52.5,36
2025-04,Çengelköy,Asian,luxury,149042,4140,168929,626,66,12,90,36,47.5,52.5,36
2025-05,Çengelköy,Asian,luxury,143777,3994,157534,603.9,144,79,74,36,47.5,52.5,36
2025-06,Çengelköy,Asian,luxury,147379,4094,162468,619,178,52,31,36,47.5,52.5,36
2025-07,Çengelköy,Asian,luxury,151104,4140,171180,634.6,39,77,64,36.5,45,50,30
2025-08,Çengelköy,Asian,luxury,154546,4234,172956,649.1,40,29,89,36.5,45,50,30
2025-09,Çengelköy,Asian,luxury,158011,4329,173963,663.6,98,51,74,36.5,45,50,30
2025-10,Çengelköy,Asian,luxury,149159,4087,166935,626.5,156,6,33,36.5,45,50,30
2025-11,Çengelköy,Asian,luxury,153674,4210,173629,645.4,140,68,100,36.5,45,50,30
2025-12,Çengelköy,Asian,luxury,148114,4058,170339,622.1,28,57,18,36.5,45,50,30
2026-01,Çengelköy,Asian,luxury,161017,4411,180645,676.3,113,78,71,36.5,45,50,30
2026-02,Çengelköy,Asian,luxury,147835,4050,159632,620.9,160,79,32,36.5,45,50,30
2026-03,Çengelköy,Asian,luxury,152022,4165,166328,638.5,154,24,96,36.5,45,50,30
2026-04,Çengelköy,Asian,luxury,151592,4153,162631,636.7,122,58,108,36.5,45,50,30
2020-01,Kandilli,Asian,luxury,6653,1073,7543,27.9,41,11,77,6.2,10.75,15.75,11
2020-02,Kandilli,Asian,luxury,6716,1083,7285,28.2,65,53,16,6.2,10.75,15.75,11
2020-03,Kandilli,Asian,luxury,6598,1064,7297,27.7,121,34,46,6.2,10.75,15.75,11
2020-04,Kandilli,Asian,luxury,7987,1141,8854,33.5,75,39,80,7,8.25,13.25,11
2020-05,Kandilli,Asian,luxury,8074,1153,8634,33.9,22,19,95,7,8.25,13.25,11
2020-06,Kandilli,Asian,luxury,7903,1129,8929,33.2,31,10,86,7,8.25,13.25,11
2020-07,Kandilli,Asian,luxury,7975,1139,8462,33.5,147,19,75,7,8.25,13.25,14
2020-08,Kandilli,Asian,luxury,7807,1115,8613,32.8,103,58,24,7,8.25,13.25,14
2020-09,Kandilli,Asian,luxury,8244,1178,8998,34.6,161,21,37,7,8.25,13.25,14
2020-10,Kandilli,Asian,luxury,10232,1364,11320,43,174,44,53,7.5,10.25,15.25,14
2020-11,Kandilli,Asian,luxury,10281,1371,11458,43.2,57,43,111,7.5,10.25,15.25,14
2020-12,Kandilli,Asian,luxury,11143,1486,12563,46.8,20,73,69,7.5,10.25,15.25,14
2021-01,Kandilli,Asian,luxury,14511,1935,16467,60.9,95,75,51,7.5,17,22,19.5
2021-02,Kandilli,Asian,luxury,14372,1916,15649,60.4,100,75,31,7.5,17,22,19.5
2021-03,Kandilli,Asian,luxury,14690,1959,16435,61.7,53,53,78,7.5,17,22,19.5
2021-04,Kandilli,Asian,luxury,14487,1704,15218,60.8,80,28,86,8.5,19,24,19.5
2021-05,Kandilli,Asian,luxury,14941,1758,16059,62.8,152,51,89,8.5,19,24,19.5
2021-06,Kandilli,Asian,luxury,14822,1744,16281,62.3,177,24,99,8.5,19,24,19.5
2021-07,Kandilli,Asian,luxury,21857,2571,23805,91.8,138,55,36,8.5,19,24,19.5
2021-08,Kandilli,Asian,luxury,21540,2534,23161,90.5,31,60,98,8.5,19,24,19.5
2021-09,Kandilli,Asian,luxury,21706,2554,24498,91.2,162,69,98,8.5,19,24,19.5
2021-10,Kandilli,Asian,luxury,22287,2026,25092,93.6,161,43,56,11,14,19,54
2021-11,Kandilli,Asian,luxury,21638,1967,23739,90.9,129,74,81,11,14,19,54
2021-12,Kandilli,Asian,luxury,22684,2062,24785,95.3,87,45,91,11,14,19,54
2022-01,Kandilli,Asian,luxury,42751,2948,48360,179.6,55,61,18,14.5,14,19,54
2022-02,Kandilli,Asian,luxury,42560,2935,44891,178.8,155,18,114,14.5,14,19,54
2022-03,Kandilli,Asian,luxury,44102,3042,49255,185.2,60,9,54,14.5,14,19,54
2022-04,Kandilli,Asian,luxury,44532,2620,49672,187,178,24,89,17,14,19,80
2022-05,Kandilli,Asian,luxury,44503,2618,50349,186.9,150,38,87,17,14,19,80
2022-06,Kandilli,Asian,luxury,41746,2456,44841,175.3,39,49,24,17,14,19,80
2022-07,Kandilli,Asian,luxury,66824,3931,73278,280.7,20,15,54,17,12,17,80
2022-08,Kandilli,Asian,luxury,64702,3806,69037,271.7,52,69,107,17,12,17,80
2022-09,Kandilli,Asian,luxury,67360,3962,71331,282.9,145,17,43,17,12,17,80
2022-10,Kandilli,Asian,luxury,66740,3569,71347,280.3,117,77,29,18.7,9,14,64
2022-11,Kandilli,Asian,luxury,68711,3674,75038,288.6,96,49,31,18.7,9,14,64
2022-12,Kandilli,Asian,luxury,64227,3435,69040,269.8,49,8,99,18.7,9,14,64
2023-01,Kandilli,Asian,luxury,91290,4347,100003,383.4,56,54,21,21,8.5,13.5,39
2023-02,Kandilli,Asian,luxury,89011,4239,98449,373.8,58,47,32,21,8.5,13.5,39
2023-03,Kandilli,Asian,luxury,90186,4295,99697,378.8,87,10,69,21,8.5,13.5,39
2023-04,Kandilli,Asian,luxury,92871,4422,101637,390.1,95,47,47,21,8.5,13.5,39
2023-05,Kandilli,Asian,luxury,93233,4440,103453,391.6,72,78,102,21,8.5,13.5,39
2023-06,Kandilli,Asian,luxury,90252,4298,99853,379.1,109,57,80,21,8.5,13.5,39
2023-07,Kandilli,Asian,luxury,107000,4038,120300,449.4,156,41,65,26.5,25,30,65
2023-08,Kandilli,Asian,luxury,108357,4089,120211,455.1,151,66,100,26.5,25,30,65
2023-09,Kandilli,Asian,luxury,116438,4394,129517,489,27,57,33,26.5,25,30,65
2023-10,Kandilli,Asian,luxury,113745,3922,126251,477.7,160,72,116,29,42.5,47.5,65
2023-11,Kandilli,Asian,luxury,114436,3946,121655,480.6,92,12,80,29,42.5,47.5,65
2023-12,Kandilli,Asian,luxury,117188,4041,129433,492.2,42,75,76,29,42.5,47.5,65
2024-01,Kandilli,Asian,luxury,130241,4070,145122,547,132,61,15,32,50,55,75
2024-02,Kandilli,Asian,luxury,125208,3913,142117,525.9,94,30,46,32,50,55,75
2024-03,Kandilli,Asian,luxury,134590,4206,147567,565.3,160,50,79,32,50,55,75
2024-04,Kandilli,Asian,luxury,130284,4071,141727,547.2,93,64,63,32,50,55,75
2024-05,Kandilli,Asian,luxury,128608,4019,146742,540.2,22,57,48,32,50,55,75
2024-06,Kandilli,Asian,luxury,130112,4066,142882,546.5,149,55,11,32,50,55,75
2024-07,Kandilli,Asian,luxury,139552,4104,156232,586.1,58,50,11,34,50,55,49
2024-08,Kandilli,Asian,luxury,142026,4177,154376,596.5,133,48,88,34,50,55,49
2024-09,Kandilli,Asian,luxury,142607,4194,156834,598.9,91,53,76,34,50,55,49
2024-10,Kandilli,Asian,luxury,138708,4080,150168,582.6,116,14,92,34,50,55,49
2024-11,Kandilli,Asian,luxury,135105,3974,143260,567.4,59,55,16,34,50,55,49
2024-12,Kandilli,Asian,luxury,141771,4170,154570,595.4,85,71,69,34,50,55,49
2025-01,Kandilli,Asian,luxury,145848,4051,161672,612.6,24,36,61,36,47.5,52.5,36
2025-02,Kandilli,Asian,luxury,146161,4060,157237,613.9,90,77,64,36,47.5,52.5,36
2025-03,Kandilli,Asian,luxury,149648,4157,164000,628.5,106,46,90,36,47.5,52.5,36
2025-04,Kandilli,Asian,luxury,148041,4112,168839,621.8,150,33,42,36,47.5,52.5,36
2025-05,Kandilli,Asian,luxury,154755,4299,164162,650,160,72,29,36,47.5,52.5,36
2025-06,Kandilli,Asian,luxury,152524,4237,173742,640.6,30,47,105,36,47.5,52.5,36
2025-07,Kandilli,Asian,luxury,163705,4485,182674,687.6,54,21,67,36.5,45,50,30
2025-08,Kandilli,Asian,luxury,162389,4449,186502,682,63,66,83,36.5,45,50,30
2025-09,Kandilli,Asian,luxury,153998,4219,166413,646.8,24,12,69,36.5,45,50,30
2025-10,Kandilli,Asian,luxury,155175,4251,163697,651.7,175,41,65,36.5,45,50,30
2025-11,Kandilli,Asian,luxury,158652,4347,171757,666.3,138,69,71,36.5,45,50,30
2025-12,Kandilli,Asian,luxury,148977,4082,156862,625.7,92,50,111,36.5,45,50,30
2026-01,Kandilli,Asian,luxury,161486,4424,175117,678.2,58,23,105,36.5,45,50,30
2026-02,Kandilli,Asian,luxury,154110,4222,172024,647.3,135,14,82,36.5,45,50,30
2026-03,Kandilli,Asian,luxury,154683,4238,165722,649.7,123,10,32,36.5,45,50,30
2026-04,Kandilli,Asian,luxury,162069,4440,180176,680.7,136,43,51,36.5,45,50,30
2020-01,Kanlıca,Asian,luxury,6103,984,6618,25.6,154,54,110,6.2,10.75,15.75,11
2020-02,Kanlıca,Asian,luxury,6016,970,6692,25.3,167,65,92,6.2,10.75,15.75,11
2020-03,Kanlıca,Asian,luxury,6473,1044,7123,27.2,123,43,30,6.2,10.75,15.75,11
2020-04,Kanlıca,Asian,luxury,7647,1092,8446,32.1,179,42,76,7,8.25,13.25,11
2020-05,Kanlıca,Asian,luxury,7645,1092,8253,32.1,72,52,28,7,8.25,13.25,11
2020-06,Kanlıca,Asian,luxury,7750,1107,8538,32.6,73,61,18,7,8.25,13.25,11
2020-07,Kanlıca,Asian,luxury,7614,1088,8425,32,106,28,65,7,8.25,13.25,14
2020-08,Kanlıca,Asian,luxury,7462,1066,8055,31.3,62,23,54,7,8.25,13.25,14
2020-09,Kanlıca,Asian,luxury,7539,1077,8174,31.7,110,33,28,7,8.25,13.25,14
2020-10,Kanlıca,Asian,luxury,10648,1420,11957,44.7,36,51,117,7.5,10.25,15.25,14
2020-11,Kanlıca,Asian,luxury,10287,1372,11365,43.2,173,34,72,7.5,10.25,15.25,14
2020-12,Kanlıca,Asian,luxury,10326,1377,11113,43.4,105,24,48,7.5,10.25,15.25,14
2021-01,Kanlıca,Asian,luxury,13632,1818,15565,57.3,22,29,76,7.5,17,22,19.5
2021-02,Kanlıca,Asian,luxury,13637,1818,15017,57.3,65,54,108,7.5,17,22,19.5
2021-03,Kanlıca,Asian,luxury,13946,1859,15311,58.6,39,12,83,7.5,17,22,19.5
2021-04,Kanlıca,Asian,luxury,14238,1675,15972,59.8,89,63,78,8.5,19,24,19.5
2021-05,Kanlıca,Asian,luxury,13962,1643,15056,58.6,88,25,71,8.5,19,24,19.5
2021-06,Kanlıca,Asian,luxury,14227,1674,15312,59.8,120,11,56,8.5,19,24,19.5
2021-07,Kanlıca,Asian,luxury,19880,2339,21912,83.5,64,63,17,8.5,19,24,19.5
2021-08,Kanlıca,Asian,luxury,20564,2419,22253,86.4,151,42,24,8.5,19,24,19.5
2021-09,Kanlıca,Asian,luxury,21162,2490,23253,88.9,80,38,81,8.5,19,24,19.5
2021-10,Kanlıca,Asian,luxury,19352,1759,22157,81.3,57,20,10,11,14,19,54
2021-11,Kanlıca,Asian,luxury,20398,1854,21645,85.7,61,8,57,11,14,19,54
2021-12,Kanlıca,Asian,luxury,20811,1892,23248,87.4,124,8,118,11,14,19,54
2022-01,Kanlıca,Asian,luxury,39870,2750,47194,167.5,166,52,94,14.5,14,19,54
2022-02,Kanlıca,Asian,luxury,39037,2692,41849,164,59,10,19,14.5,14,19,54
2022-03,Kanlıca,Asian,luxury,42172,2908,46140,177.1,163,73,74,14.5,14,19,54
2022-04,Kanlıca,Asian,luxury,42263,2486,48178,177.5,48,69,14,17,14,19,80
2022-05,Kanlıca,Asian,luxury,39445,2320,44911,165.7,38,31,30,17,14,19,80
2022-06,Kanlıca,Asian,luxury,41211,2424,44743,173.1,59,42,93,17,14,19,80
2022-07,Kanlıca,Asian,luxury,62894,3700,69973,264.2,130,77,109,17,12,17,80
2022-08,Kanlıca,Asian,luxury,64858,3815,68175,272.4,64,61,76,17,12,17,80
2022-09,Kanlıca,Asian,luxury,67022,3942,75967,281.5,84,25,99,17,12,17,80
2022-10,Kanlıca,Asian,luxury,61871,3309,66988,259.9,92,30,106,18.7,9,14,64
2022-11,Kanlıca,Asian,luxury,60769,3250,67395,255.2,36,34,116,18.7,9,14,64
2022-12,Kanlıca,Asian,luxury,63196,3379,69481,265.4,155,11,68,18.7,9,14,64
2023-01,Kanlıca,Asian,luxury,88041,4192,92054,369.8,96,5,31,21,8.5,13.5,39
2023-02,Kanlıca,Asian,luxury,89977,4285,99572,377.9,115,30,86,21,8.5,13.5,39
2023-03,Kanlıca,Asian,luxury,91171,4341,100117,382.9,74,46,72,21,8.5,13.5,39
2023-04,Kanlıca,Asian,luxury,85495,4071,94583,359.1,89,7,35,21,8.5,13.5,39
2023-05,Kanlıca,Asian,luxury,88306,4205,97390,370.9,81,36,21,21,8.5,13.5,39
2023-06,Kanlıca,Asian,luxury,92939,4426,101008,390.3,126,75,53,21,8.5,13.5,39
2023-07,Kanlıca,Asian,luxury,107978,4075,123114,453.5,56,48,37,26.5,25,30,65
2023-08,Kanlıca,Asian,luxury,107575,4059,115388,451.8,145,27,63,26.5,25,30,65
2023-09,Kanlıca,Asian,luxury,106297,4011,117598,446.4,74,44,110,26.5,25,30,65
2023-10,Kanlıca,Asian,luxury,112202,3869,118273,471.2,134,79,79,29,42.5,47.5,65
2023-11,Kanlıca,Asian,luxury,111488,3844,123434,468.2,138,60,79,29,42.5,47.5,65
2023-12,Kanlıca,Asian,luxury,110219,3801,117406,462.9,41,9,77,29,42.5,47.5,65
2024-01,Kanlıca,Asian,luxury,130051,4064,141962,546.2,132,62,18,32,50,55,75
2024-02,Kanlıca,Asian,luxury,126500,3953,139904,531.3,50,54,67,32,50,55,75
2024-03,Kanlıca,Asian,luxury,124293,3884,136637,522,173,7,104,32,50,55,75
2024-04,Kanlıca,Asian,luxury,127435,3982,145263,535.2,57,75,43,32,50,55,75
2024-05,Kanlıca,Asian,luxury,126820,3963,141788,532.6,89,69,95,32,50,55,75
2024-06,Kanlıca,Asian,luxury,128210,4007,142017,538.5,144,58,36,32,50,55,75
2024-07,Kanlıca,Asian,luxury,131474,3867,137199,552.2,164,63,96,34,50,55,49
2024-08,Kanlıca,Asian,luxury,129955,3822,151648,545.8,61,56,79,34,50,55,49
2024-09,Kanlıca,Asian,luxury,136906,4027,149211,575,76,78,108,34,50,55,49
2024-10,Kanlıca,Asian,luxury,136160,4005,143846,571.9,61,76,39,34,50,55,49
2024-11,Kanlıca,Asian,luxury,133959,3940,147193,562.6,152,50,63,34,50,55,49
2024-12,Kanlıca,Asian,luxury,132694,3903,139020,557.3,107,9,83,34,50,55,49
2025-01,Kanlıca,Asian,luxury,144880,4024,159099,608.5,113,64,34,36,47.5,52.5,36
2025-02,Kanlıca,Asian,luxury,148660,4129,166322,624.4,29,68,89,36,47.5,52.5,36
2025-03,Kanlıca,Asian,luxury,141789,3939,156450,595.5,17,59,71,36,47.5,52.5,36
2025-04,Kanlıca,Asian,luxury,141260,3924,155162,593.3,19,25,100,36,47.5,52.5,36
2025-05,Kanlıca,Asian,luxury,145613,4045,159522,611.6,103,33,113,36,47.5,52.5,36
2025-06,Kanlıca,Asian,luxury,143063,3974,153203,600.9,55,76,38,36,47.5,52.5,36
2025-07,Kanlıca,Asian,luxury,149477,4095,177941,627.8,66,53,56,36.5,45,50,30
2025-08,Kanlıca,Asian,luxury,148114,4058,165138,622.1,36,7,34,36.5,45,50,30
2025-09,Kanlıca,Asian,luxury,151842,4160,172596,637.7,99,54,72,36.5,45,50,30
2025-10,Kanlıca,Asian,luxury,158123,4332,173198,664.1,139,72,68,36.5,45,50,30
2025-11,Kanlıca,Asian,luxury,149298,4090,168867,627.1,165,36,71,36.5,45,50,30
2025-12,Kanlıca,Asian,luxury,150365,4120,168134,631.5,128,61,40,36.5,45,50,30
2026-01,Kanlıca,Asian,luxury,152131,4168,167436,638.9,116,55,85,36.5,45,50,30
2026-02,Kanlıca,Asian,luxury,143674,3936,162784,603.4,27,79,77,36.5,45,50,30
2026-03,Kanlıca,Asian,luxury,151241,4144,160370,635.2,88,38,57,36.5,45,50,30
2026-04,Kanlıca,Asian,luxury,150850,4133,155965,633.6,113,59,86,36.5,45,50,30
2020-01,Anadolu Hisarı,Asian,luxury,7126,1149,7839,29.9,62,24,75,6.2,10.75,15.75,11
2020-02,Anadolu Hisarı,Asian,luxury,7466,1204,8589,31.4,66,8,112,6.2,10.75,15.75,11
2020-03,Anadolu Hisarı,Asian,luxury,7194,1160,7803,30.2,106,33,26,6.2,10.75,15.75,11
2020-04,Anadolu Hisarı,Asian,luxury,8272,1182,9065,34.7,146,32,32,7,8.25,13.25,11
2020-05,Anadolu Hisarı,Asian,luxury,8248,1178,8850,34.6,123,9,94,7,8.25,13.25,11
2020-06,Anadolu Hisarı,Asian,luxury,8149,1164,9117,34.2,32,36,20,7,8.25,13.25,11
2020-07,Anadolu Hisarı,Asian,luxury,8388,1198,8959,35.2,171,21,21,7,8.25,13.25,14
2020-08,Anadolu Hisarı,Asian,luxury,8375,1196,9094,35.2,136,45,42,7,8.25,13.25,14
2020-09,Anadolu Hisarı,Asian,luxury,8970,1281,9604,37.7,37,76,105,7,8.25,13.25,14
2020-10,Anadolu Hisarı,Asian,luxury,11482,1531,12658,48.2,125,32,102,7.5,10.25,15.25,14
2020-11,Anadolu Hisarı,Asian,luxury,11830,1577,12541,49.7,66,31,77,7.5,10.25,15.25,14
2020-12,Anadolu Hisarı,Asian,luxury,11539,1539,12837,48.5,129,56,39,7.5,10.25,15.25,14
2021-01,Anadolu Hisarı,Asian,luxury,15484,2065,17709,65,67,21,101,7.5,17,22,19.5
2021-02,Anadolu Hisarı,Asian,luxury,15474,2063,17046,65,24,7,16,7.5,17,22,19.5
2021-03,Anadolu Hisarı,Asian,luxury,15416,2056,17479,64.7,132,26,92,7.5,17,22,19.5
2021-04,Anadolu Hisarı,Asian,luxury,15455,1818,17229,64.9,98,57,35,8.5,19,24,19.5
2021-05,Anadolu Hisarı,Asian,luxury,15629,1839,17289,65.6,130,15,86,8.5,19,24,19.5
2021-06,Anadolu Hisarı,Asian,luxury,16070,1891,17842,67.5,144,62,58,8.5,19,24,19.5
2021-07,Anadolu Hisarı,Asian,luxury,22387,2634,24900,94,101,64,21,8.5,19,24,19.5
2021-08,Anadolu Hisarı,Asian,luxury,22166,2608,24465,93.1,121,27,51,8.5,19,24,19.5
2021-09,Anadolu Hisarı,Asian,luxury,22666,2667,23997,95.2,50,55,15,8.5,19,24,19.5
2021-10,Anadolu Hisarı,Asian,luxury,21745,1977,23941,91.3,75,65,65,11,14,19,54
2021-11,Anadolu Hisarı,Asian,luxury,23041,2095,26173,96.8,97,32,75,11,14,19,54
2021-12,Anadolu Hisarı,Asian,luxury,22021,2002,24233,92.5,64,58,94,11,14,19,54
2022-01,Anadolu Hisarı,Asian,luxury,46725,3222,52095,196.2,86,5,91,14.5,14,19,54
2022-02,Anadolu Hisarı,Asian,luxury,45378,3130,49588,190.6,28,38,73,14.5,14,19,54
2022-03,Anadolu Hisarı,Asian,luxury,45536,3140,51390,191.2,104,14,55,14.5,14,19,54
2022-04,Anadolu Hisarı,Asian,luxury,46087,2711,50079,193.6,93,59,23,17,14,19,80
2022-05,Anadolu Hisarı,Asian,luxury,45237,2661,49933,190,161,64,25,17,14,19,80
2022-06,Anadolu Hisarı,Asian,luxury,46375,2728,50964,194.8,96,20,92,17,14,19,80
2022-07,Anadolu Hisarı,Asian,luxury,71091,4182,78438,298.6,92,20,19,17,12,17,80
2022-08,Anadolu Hisarı,Asian,luxury,71865,4227,81674,301.8,95,78,72,17,12,17,80
2022-09,Anadolu Hisarı,Asian,luxury,74181,4364,83392,311.6,69,61,110,17,12,17,80
2022-10,Anadolu Hisarı,Asian,luxury,70772,3785,76802,297.2,30,75,57,18.7,9,14,64
2022-11,Anadolu Hisarı,Asian,luxury,71578,3828,77582,300.6,75,36,22,18.7,9,14,64
2022-12,Anadolu Hisarı,Asian,luxury,73518,3931,79570,308.8,151,38,24,18.7,9,14,64
2023-01,Anadolu Hisarı,Asian,luxury,97258,4631,108570,408.5,107,75,111,21,8.5,13.5,39
2023-02,Anadolu Hisarı,Asian,luxury,97598,4648,107723,409.9,169,20,88,21,8.5,13.5,39
2023-03,Anadolu Hisarı,Asian,luxury,96956,4617,102178,407.2,92,11,69,21,8.5,13.5,39
2023-04,Anadolu Hisarı,Asian,luxury,96141,4578,107896,403.8,51,57,51,21,8.5,13.5,39
2023-05,Anadolu Hisarı,Asian,luxury,96183,4580,108633,404,58,24,59,21,8.5,13.5,39
2023-06,Anadolu Hisarı,Asian,luxury,96744,4607,101043,406.3,39,67,82,21,8.5,13.5,39
2023-07,Anadolu Hisarı,Asian,luxury,120769,4557,132611,507.2,24,14,94,26.5,25,30,65
2023-08,Anadolu Hisarı,Asian,luxury,125311,4729,141633,526.3,73,52,18,26.5,25,30,65
2023-09,Anadolu Hisarı,Asian,luxury,126300,4766,137719,530.5,47,24,115,26.5,25,30,65
2023-10,Anadolu Hisarı,Asian,luxury,118103,4073,133894,496,54,54,68,29,42.5,47.5,65
2023-11,Anadolu Hisarı,Asian,luxury,121369,4185,138663,509.7,15,38,80,29,42.5,47.5,65
2023-12,Anadolu Hisarı,Asian,luxury,114518,3949,133488,481,23,38,37,29,42.5,47.5,65
2024-01,Anadolu Hisarı,Asian,luxury,138051,4314,151688,579.8,46,50,68,32,50,55,75
2024-02,Anadolu Hisarı,Asian,luxury,141250,4414,151727,593.2,160,48,63,32,50,55,75
2024-03,Anadolu Hisarı,Asian,luxury,142199,4444,152798,597.2,44,55,41,32,50,55,75
2024-04,Anadolu Hisarı,Asian,luxury,139707,4366,158790,586.8,37,73,114,32,50,55,75
2024-05,Anadolu Hisarı,Asian,luxury,140348,4386,154099,589.5,120,63,109,32,50,55,75
2024-06,Anadolu Hisarı,Asian,luxury,141034,4407,150306,592.3,52,37,56,32,50,55,75
2024-07,Anadolu Hisarı,Asian,luxury,154417,4542,174781,648.6,124,45,40,34,50,55,49
2024-08,Anadolu Hisarı,Asian,luxury,147593,4341,171501,619.9,49,74,115,34,50,55,49
2024-09,Anadolu Hisarı,Asian,luxury,153079,4502,173481,642.9,169,12,58,34,50,55,49
2024-10,Anadolu Hisarı,Asian,luxury,148582,4370,167105,624,90,15,97,34,50,55,49
2024-11,Anadolu Hisarı,Asian,luxury,150100,4415,164836,630.4,19,61,11,34,50,55,49
2024-12,Anadolu Hisarı,Asian,luxury,148526,4368,170255,623.8,71,75,14,34,50,55,49
2025-01,Anadolu Hisarı,Asian,luxury,158209,4395,182377,664.5,74,10,71,36,47.5,52.5,36
2025-02,Anadolu Hisarı,Asian,luxury,158171,4394,178469,664.3,66,71,41,36,47.5,52.5,36
2025-03,Anadolu Hisarı,Asian,luxury,157525,4376,174543,661.6,178,54,22,36,47.5,52.5,36
2025-04,Anadolu Hisarı,Asian,luxury,155522,4320,166567,653.2,167,66,72,36,47.5,52.5,36
2025-05,Anadolu Hisarı,Asian,luxury,165734,4604,186841,696.1,29,67,72,36,47.5,52.5,36
2025-06,Anadolu Hisarı,Asian,luxury,163727,4548,175276,687.7,65,48,118,36,47.5,52.5,36
2025-07,Anadolu Hisarı,Asian,luxury,165090,4523,181949,693.4,24,26,58,36.5,45,50,30
2025-08,Anadolu Hisarı,Asian,luxury,167739,4596,182537,704.5,152,22,72,36.5,45,50,30
2025-09,Anadolu Hisarı,Asian,luxury,165239,4527,174358,694,93,69,81,36.5,45,50,30
2025-10,Anadolu Hisarı,Asian,luxury,170271,4665,183740,715.1,19,28,79,36.5,45,50,30
2025-11,Anadolu Hisarı,Asian,luxury,162699,4458,186633,683.3,25,25,77,36.5,45,50,30
2025-12,Anadolu Hisarı,Asian,luxury,165271,4528,173717,694.1,92,25,89,36.5,45,50,30
2026-01,Anadolu Hisarı,Asian,luxury,163304,4474,183556,685.9,80,75,62,36.5,45,50,30
2026-02,Anadolu Hisarı,Asian,luxury,169057,4632,181903,710,73,67,20,36.5,45,50,30
2026-03,Anadolu Hisarı,Asian,luxury,165007,4521,188150,693,142,68,93,36.5,45,50,30
2026-04,Anadolu Hisarı,Asian,luxury,173852,4763,198875,730.2,71,11,57,36.5,45,50,30
2020-01,Kadıköy (genel),Asian,premium,4447,717,4824,18.7,139,78,49,6.2,10.75,15.75,11
2020-02,Kadıköy (genel),Asian,premium,4553,734,5021,19.1,49,33,113,6.2,10.75,15.75,11
2020-03,Kadıköy (genel),Asian,premium,4488,724,4898,18.8,107,13,66,6.2,10.75,15.75,11
2020-04,Kadıköy (genel),Asian,premium,5681,812,6112,23.9,107,36,86,7,8.25,13.25,11
2020-05,Kadıköy (genel),Asian,premium,5550,793,5997,23.3,44,76,85,7,8.25,13.25,11
2020-06,Kadıköy (genel),Asian,premium,5669,810,6117,23.8,87,71,80,7,8.25,13.25,11
2020-07,Kadıköy (genel),Asian,premium,5332,762,5590,22.4,101,54,28,7,8.25,13.25,14
2020-08,Kadıköy (genel),Asian,premium,5424,775,6100,22.8,84,38,37,7,8.25,13.25,14
2020-09,Kadıköy (genel),Asian,premium,5232,747,5721,22,127,30,36,7,8.25,13.25,14
2020-10,Kadıköy (genel),Asian,premium,7123,950,7887,29.9,148,15,34,7.5,10.25,15.25,14
2020-11,Kadıköy (genel),Asian,premium,7316,976,8160,30.7,66,67,28,7.5,10.25,15.25,14
2020-12,Kadıköy (genel),Asian,premium,6874,917,7380,28.9,18,58,93,7.5,10.25,15.25,14
2021-01,Kadıköy (genel),Asian,premium,10016,1335,11177,42.1,63,50,27,7.5,17,22,19.5
2021-02,Kadıköy (genel),Asian,premium,9632,1284,10418,40.5,52,78,26,7.5,17,22,19.5
2021-03,Kadıköy (genel),Asian,premium,9662,1288,11111,40.6,122,36,80,7.5,17,22,19.5
2021-04,Kadıköy (genel),Asian,premium,9826,1156,10815,41.3,146,72,80,8.5,19,24,19.5
2021-05,Kadıköy (genel),Asian,premium,10148,1194,10849,42.6,167,56,80,8.5,19,24,19.5
2021-06,Kadıköy (genel),Asian,premium,9914,1166,10499,41.6,124,29,95,8.5,19,24,19.5
2021-07,Kadıköy (genel),Asian,premium,13937,1640,15073,58.5,58,44,85,8.5,19,24,19.5
2021-08,Kadıköy (genel),Asian,premium,14996,1764,15773,63,154,49,67,8.5,19,24,19.5
2021-09,Kadıköy (genel),Asian,premium,14356,1689,15466,60.3,157,33,94,8.5,19,24,19.5
2021-10,Kadıköy (genel),Asian,premium,14356,1305,16237,60.3,78,66,70,11,14,19,54
2021-11,Kadıköy (genel),Asian,premium,14403,1309,15911,60.5,83,58,54,11,14,19,54
2021-12,Kadıköy (genel),Asian,premium,14533,1321,16381,61,81,57,80,11,14,19,54
2022-01,Kadıköy (genel),Asian,premium,29322,2022,32025,123.2,100,50,21,14.5,14,19,54
2022-02,Kadıköy (genel),Asian,premium,29173,2012,31558,122.5,91,61,105,14.5,14,19,54
2022-03,Kadıköy (genel),Asian,premium,29588,2041,30818,124.3,116,31,76,14.5,14,19,54
2022-04,Kadıköy (genel),Asian,premium,27976,1646,30608,117.5,145,63,69,17,14,19,80
2022-05,Kadıköy (genel),Asian,premium,27800,1635,30539,116.8,141,37,44,17,14,19,80
2022-06,Kadıköy (genel),Asian,premium,29237,1720,32280,122.8,140,42,27,17,14,19,80
2022-07,Kadıköy (genel),Asian,premium,45345,2667,49073,190.5,101,36,16,17,12,17,80
2022-08,Kadıköy (genel),Asian,premium,44844,2638,48672,188.3,46,10,82,17,12,17,80
2022-09,Kadıköy (genel),Asian,premium,42952,2527,45386,180.4,80,24,111,17,12,17,80
2022-10,Kadıköy (genel),Asian,premium,46819,2504,52937,196.6,107,47,68,18.7,9,14,64
2022-11,Kadıköy (genel),Asian,premium,44699,2390,47863,187.7,98,14,97,18.7,9,14,64
2022-12,Kadıköy (genel),Asian,premium,45358,2426,49770,190.5,77,24,65,18.7,9,14,64
2023-01,Kadıköy (genel),Asian,premium,60200,2867,64085,252.8,93,8,79,21,8.5,13.5,39
2023-02,Kadıköy (genel),Asian,premium,63400,3019,68372,266.3,129,61,66,21,8.5,13.5,39
2023-03,Kadıköy (genel),Asian,premium,63543,3026,68664,266.9,46,72,66,21,8.5,13.5,39
2023-04,Kadıköy (genel),Asian,premium,60696,2890,69117,254.9,98,51,90,21,8.5,13.5,39
2023-05,Kadıköy (genel),Asian,premium,64602,3076,71469,271.3,21,20,53,21,8.5,13.5,39
2023-06,Kadıköy (genel),Asian,premium,62886,2995,67022,264.1,133,30,49,21,8.5,13.5,39
2023-07,Kadıköy (genel),Asian,premium,74882,2826,83727,314.5,48,10,43,26.5,25,30,65
2023-08,Kadıköy (genel),Asian,premium,76013,2868,83962,319.3,25,27,102,26.5,25,30,65
2023-09,Kadıköy (genel),Asian,premium,80377,3033,86380,337.6,74,55,35,26.5,25,30,65
2023-10,Kadıköy (genel),Asian,premium,75042,2588,82906,315.2,113,5,25,29,42.5,47.5,65
2023-11,Kadıköy (genel),Asian,premium,72254,2492,79183,303.5,74,63,61,29,42.5,47.5,65
2023-12,Kadıköy (genel),Asian,premium,75947,2619,81713,319,25,45,112,29,42.5,47.5,65
2024-01,Kadıköy (genel),Asian,premium,88170,2755,97303,370.3,162,29,47,32,50,55,75
2024-02,Kadıköy (genel),Asian,premium,90736,2835,99236,381.1,87,60,100,32,50,55,75
2024-03,Kadıköy (genel),Asian,premium,92144,2879,100051,387,48,48,48,32,50,55,75
2024-04,Kadıköy (genel),Asian,premium,91651,2864,102772,384.9,156,39,43,32,50,55,75
2024-05,Kadıköy (genel),Asian,premium,89622,2801,102283,376.4,25,63,76,32,50,55,75
2024-06,Kadıköy (genel),Asian,premium,89223,2788,96184,374.7,118,23,87,32,50,55,75
2024-07,Kadıköy (genel),Asian,premium,96796,2847,103147,406.5,154,5,15,34,50,55,49
2024-08,Kadıköy (genel),Asian,premium,94793,2788,100509,398.1,50,36,13,34,50,55,49
2024-09,Kadıköy (genel),Asian,premium,93738,2757,103010,393.7,34,26,34,34,50,55,49
2024-10,Kadıköy (genel),Asian,premium,94015,2765,101000,394.9,49,36,37,34,50,55,49
2024-11,Kadıköy (genel),Asian,premium,93154,2740,103800,391.2,103,22,12,34,50,55,49
2024-12,Kadıköy (genel),Asian,premium,96255,2831,104579,404.3,92,12,95,34,50,55,49
2025-01,Kadıköy (genel),Asian,premium,102681,2852,112422,431.3,74,61,73,36,47.5,52.5,36
2025-02,Kadıköy (genel),Asian,premium,102968,2860,111024,432.5,155,50,32,36,47.5,52.5,36
2025-03,Kadıköy (genel),Asian,premium,97051,2696,109379,407.6,123,63,114,36,47.5,52.5,36
2025-04,Kadıköy (genel),Asian,premium,101715,2825,113779,427.2,41,34,82,36,47.5,52.5,36
2025-05,Kadıköy (genel),Asian,premium,102855,2857,116074,432,108,55,106,36,47.5,52.5,36
2025-06,Kadıköy (genel),Asian,premium,101405,2817,110188,425.9,61,57,71,36,47.5,52.5,36
2025-07,Kadıköy (genel),Asian,premium,106372,2914,115822,446.8,75,19,78,36.5,45,50,30
2025-08,Kadıköy (genel),Asian,premium,106095,2907,115428,445.6,91,45,86,36.5,45,50,30
2025-09,Kadıköy (genel),Asian,premium,107044,2933,115091,449.6,106,40,100,36.5,45,50,30
2025-10,Kadıköy (genel),Asian,premium,103644,2840,115002,435.3,174,23,63,36.5,45,50,30
2025-11,Kadıköy (genel),Asian,premium,109106,2989,121127,458.2,155,48,46,36.5,45,50,30
2025-12,Kadıköy (genel),Asian,premium,107924,2957,113554,453.3,81,62,101,36.5,45,50,30
2026-01,Kadıköy (genel),Asian,premium,110133,3017,128748,462.6,103,74,29,36.5,45,50,30
2026-02,Kadıköy (genel),Asian,premium,107116,2935,119389,449.9,159,26,68,36.5,45,50,30
2026-03,Kadıköy (genel),Asian,premium,103723,2842,117210,435.6,18,16,100,36.5,45,50,30
2026-04,Kadıköy (genel),Asian,premium,101370,2777,112838,425.8,95,5,92,36.5,45,50,30
2020-01,Üsküdar,Asian,premium,3776,609,4156,15.9,26,19,110,6.2,10.75,15.75,11
2020-02,Üsküdar,Asian,premium,3388,546,3776,14.2,66,9,69,6.2,10.75,15.75,11
2020-03,Üsküdar,Asian,premium,3551,573,3923,14.9,92,58,19,6.2,10.75,15.75,11
2020-04,Üsküdar,Asian,premium,4164,595,4410,17.5,17,66,96,7,8.25,13.25,11
2020-05,Üsküdar,Asian,premium,4149,593,4672,17.4,33,28,38,7,8.25,13.25,11
2020-06,Üsküdar,Asian,premium,4313,616,4751,18.1,54,45,75,7,8.25,13.25,11
2020-07,Üsküdar,Asian,premium,4090,584,4623,17.2,154,55,21,7,8.25,13.25,14
2020-08,Üsküdar,Asian,premium,4341,620,4749,18.2,175,77,19,7,8.25,13.25,14
2020-09,Üsküdar,Asian,premium,4162,595,4423,17.5,78,16,105,7,8.25,13.25,14
2020-10,Üsküdar,Asian,premium,5745,766,6293,24.1,72,12,62,7.5,10.25,15.25,14
2020-11,Üsküdar,Asian,premium,5770,769,6278,24.2,143,78,109,7.5,10.25,15.25,14
2020-12,Üsküdar,Asian,premium,5628,750,6143,23.6,76,77,24,7.5,10.25,15.25,14
2021-01,Üsküdar,Asian,premium,7955,1061,8762,33.4,177,20,108,7.5,17,22,19.5
2021-02,Üsküdar,Asian,premium,8091,1079,8881,34,27,76,99,7.5,17,22,19.5
2021-03,Üsküdar,Asian,premium,7873,1050,8771,33.1,105,45,47,7.5,17,22,19.5
2021-04,Üsküdar,Asian,premium,7634,898,8623,32.1,88,60,47,8.5,19,24,19.5
2021-05,Üsküdar,Asian,premium,7580,892,8271,31.8,149,48,83,8.5,19,24,19.5
2021-06,Üsküdar,Asian,premium,8023,944,8915,33.7,94,41,117,8.5,19,24,19.5
2021-07,Üsküdar,Asian,premium,11520,1355,12091,48.4,160,49,98,8.5,19,24,19.5
2021-08,Üsküdar,Asian,premium,11071,1302,12384,46.5,133,35,88,8.5,19,24,19.5
2021-09,Üsküdar,Asian,premium,11172,1314,12455,46.9,145,37,14,8.5,19,24,19.5
2021-10,Üsküdar,Asian,premium,12173,1107,13530,51.1,142,72,85,11,14,19,54
2021-11,Üsküdar,Asian,premium,11472,1043,12653,48.2,133,60,48,11,14,19,54
2021-12,Üsküdar,Asian,premium,11281,1026,12227,47.4,42,76,17,11,14,19,54
2022-01,Üsküdar,Asian,premium,22742,1568,25272,95.5,58,68,13,14.5,14,19,54
2022-02,Üsküdar,Asian,premium,22269,1536,23723,93.5,87,65,65,14.5,14,19,54
2022-03,Üsküdar,Asian,premium,22406,1545,23841,94.1,104,6,106,14.5,14,19,54
2022-04,Üsküdar,Asian,premium,22391,1317,24561,94,104,47,90,17,14,19,80
2022-05,Üsküdar,Asian,premium,22809,1342,26591,95.8,126,65,119,17,14,19,80
2022-06,Üsküdar,Asian,premium,22528,1325,25427,94.6,76,49,20,17,14,19,80
2022-07,Üsküdar,Asian,premium,34711,2042,38353,145.8,24,55,45,17,12,17,80
2022-08,Üsküdar,Asian,premium,33908,1995,37077,142.4,127,62,81,17,12,17,80
2022-09,Üsküdar,Asian,premium,36826,2166,40344,154.7,105,32,51,17,12,17,80
2022-10,Üsküdar,Asian,premium,35154,1880,39830,147.6,105,40,32,18.7,9,14,64
2022-11,Üsküdar,Asian,premium,34438,1842,37849,144.6,168,66,73,18.7,9,14,64
2022-12,Üsküdar,Asian,premium,36467,1950,40619,153.2,40,30,84,18.7,9,14,64
2023-01,Üsküdar,Asian,premium,48579,2313,53083,204,132,26,109,21,8.5,13.5,39
2023-02,Üsküdar,Asian,premium,47219,2249,52561,198.3,176,79,36,21,8.5,13.5,39
2023-03,Üsküdar,Asian,premium,48443,2307,54868,203.5,18,18,75,21,8.5,13.5,39
2023-04,Üsküdar,Asian,premium,47542,2264,51616,199.7,74,28,90,21,8.5,13.5,39
2023-05,Üsküdar,Asian,premium,47533,2263,50390,199.6,134,15,26,21,8.5,13.5,39
2023-06,Üsküdar,Asian,premium,49118,2339,52130,206.3,17,6,50,21,8.5,13.5,39
2023-07,Üsküdar,Asian,premium,61578,2324,66891,258.6,120,7,80,26.5,25,30,65
2023-08,Üsküdar,Asian,premium,60264,2274,64393,253.1,38,46,72,26.5,25,30,65
2023-09,Üsküdar,Asian,premium,63702,2404,69685,267.5,31,41,29,26.5,25,30,65
2023-10,Üsküdar,Asian,premium,61038,2105,65343,256.4,15,42,43,29,42.5,47.5,65
2023-11,Üsküdar,Asian,premium,59725,2059,67062,250.8,150,31,43,29,42.5,47.5,65
2023-12,Üsküdar,Asian,premium,60260,2078,64574,253.1,150,47,14,29,42.5,47.5,65
2024-01,Üsküdar,Asian,premium,69126,2160,72558,290.3,119,29,15,32,50,55,75
2024-02,Üsküdar,Asian,premium,66682,2084,74790,280.1,19,53,76,32,50,55,75
2024-03,Üsküdar,Asian,premium,72530,2267,78508,304.6,160,66,22,32,50,55,75
2024-04,Üsküdar,Asian,premium,70269,2196,76844,295.1,147,21,68,32,50,55,75
2024-05,Üsküdar,Asian,premium,69677,2177,75781,292.6,55,7,27,32,50,55,75
2024-06,Üsküdar,Asian,premium,69617,2176,76804,292.4,68,36,97,32,50,55,75
2024-07,Üsküdar,Asian,premium,75846,2231,82968,318.6,118,75,39,34,50,55,49
2024-08,Üsküdar,Asian,premium,71261,2096,77184,299.3,145,21,98,34,50,55,49
2024-09,Üsküdar,Asian,premium,75154,2210,82214,315.6,159,30,108,34,50,55,49
2024-10,Üsküdar,Asian,premium,75478,2220,80062,317,96,71,30,34,50,55,49
2024-11,Üsküdar,Asian,premium,77261,2272,84270,324.5,129,76,86,34,50,55,49
2024-12,Üsküdar,Asian,premium,71809,2112,78431,301.6,134,9,18,34,50,55,49
2025-01,Üsküdar,Asian,premium,81264,2257,90316,341.3,48,61,78,36,47.5,52.5,36
2025-02,Üsküdar,Asian,premium,85315,2370,93871,358.3,55,24,46,36,47.5,52.5,36
2025-03,Üsküdar,Asian,premium,80414,2234,87457,337.7,110,64,58,36,47.5,52.5,36
2025-04,Üsküdar,Asian,premium,78855,2190,86113,331.2,123,51,108,36,47.5,52.5,36
2025-05,Üsküdar,Asian,premium,74654,2074,82168,313.5,169,56,18,36,47.5,52.5,36
2025-06,Üsküdar,Asian,premium,79287,2202,86300,333,168,52,70,36,47.5,52.5,36
2025-07,Üsküdar,Asian,premium,82247,2253,88645,345.4,97,48,111,36.5,45,50,30
2025-08,Üsküdar,Asian,premium,83429,2286,91816,350.4,172,74,39,36.5,45,50,30
2025-09,Üsküdar,Asian,premium,86919,2381,93240,365.1,80,77,55,36.5,45,50,30
2025-10,Üsküdar,Asian,premium,82930,2272,89863,348.3,126,29,101,36.5,45,50,30
2025-11,Üsküdar,Asian,premium,86773,2377,94372,364.4,134,31,74,36.5,45,50,30
2025-12,Üsküdar,Asian,premium,83539,2289,93958,350.9,179,51,117,36.5,45,50,30
2026-01,Üsküdar,Asian,premium,83222,2280,89968,349.5,82,19,116,36.5,45,50,30
2026-02,Üsküdar,Asian,premium,84573,2317,92978,355.2,148,14,47,36.5,45,50,30
2026-03,Üsküdar,Asian,premium,83474,2287,93157,350.6,22,55,84,36.5,45,50,30
2026-04,Üsküdar,Asian,premium,83697,2293,94072,351.5,138,34,88,36.5,45,50,30
2020-01,Acıbadem,Asian,premium,4177,674,4577,17.5,63,15,68,6.2,10.75,15.75,11
2020-02,Acıbadem,Asian,premium,3968,640,4457,16.7,52,21,69,6.2,10.75,15.75,11
2020-03,Acıbadem,Asian,premium,4009,647,4103,16.8,70,45,36,6.2,10.75,15.75,11
2020-04,Acıbadem,Asian,premium,4923,703,5439,20.7,115,58,27,7,8.25,13.25,11
2020-05,Acıbadem,Asian,premium,4863,695,5445,20.4,157,73,67,7,8.25,13.25,11
2020-06,Acıbadem,Asian,premium,4775,682,5195,20.1,56,45,35,7,8.25,13.25,11
2020-07,Acıbadem,Asian,premium,4826,689,5251,20.3,26,31,88,7,8.25,13.25,14
2020-08,Acıbadem,Asian,premium,4923,703,5459,20.7,138,37,40,7,8.25,13.25,14
2020-09,Acıbadem,Asian,premium,4727,675,4945,19.9,18,28,48,7,8.25,13.25,14
2020-10,Acıbadem,Asian,premium,6484,865,6984,27.2,94,32,71,7.5,10.25,15.25,14
2020-11,Acıbadem,Asian,premium,6778,904,7565,28.5,45,75,10,7.5,10.25,15.25,14
2020-12,Acıbadem,Asian,premium,6322,843,6869,26.6,44,53,42,7.5,10.25,15.25,14
2021-01,Acıbadem,Asian,premium,8991,1199,9707,37.8,105,53,13,7.5,17,22,19.5
2021-02,Acıbadem,Asian,premium,8692,1159,9428,36.5,145,10,21,7.5,17,22,19.5
2021-03,Acıbadem,Asian,premium,8930,1191,9420,37.5,154,19,65,7.5,17,22,19.5
2021-04,Acıbadem,Asian,premium,8706,1024,9601,36.6,178,10,37,8.5,19,24,19.5
2021-05,Acıbadem,Asian,premium,8637,1016,9462,36.3,100,75,116,8.5,19,24,19.5
2021-06,Acıbadem,Asian,premium,9263,1090,10233,38.9,127,44,57,8.5,19,24,19.5
2021-07,Acıbadem,Asian,premium,13594,1599,14579,57.1,113,8,65,8.5,19,24,19.5
2021-08,Acıbadem,Asian,premium,12803,1506,14320,53.8,16,27,59,8.5,19,24,19.5
2021-09,Acıbadem,Asian,premium,13054,1536,14288,54.8,159,49,30,8.5,19,24,19.5
2021-10,Acıbadem,Asian,premium,13299,1209,14682,55.9,35,55,42,11,14,19,54
2021-11,Acıbadem,Asian,premium,12891,1172,14569,54.1,108,21,32,11,14,19,54
2021-12,Acıbadem,Asian,premium,12948,1177,14745,54.4,157,77,37,11,14,19,54
2022-01,Acıbadem,Asian,premium,25572,1764,27393,107.4,129,28,51,14.5,14,19,54
2022-02,Acıbadem,Asian,premium,26201,1807,29513,110,100,66,31,14.5,14,19,54
2022-03,Acıbadem,Asian,premium,25299,1745,28292,106.3,75,52,98,14.5,14,19,54
2022-04,Acıbadem,Asian,premium,24872,1463,27000,104.5,164,30,35,17,14,19,80
2022-05,Acıbadem,Asian,premium,25097,1476,27271,105.4,148,27,112,17,14,19,80
2022-06,Acıbadem,Asian,premium,25660,1509,27422,107.8,97,26,30,17,14,19,80
2022-07,Acıbadem,Asian,premium,40326,2372,45952,169.4,85,46,92,17,12,17,80
2022-08,Acıbadem,Asian,premium,41735,2455,46190,175.3,18,62,58,17,12,17,80
2022-09,Acıbadem,Asian,premium,41006,2412,44483,172.2,52,60,63,17,12,17,80
2022-10,Acıbadem,Asian,premium,40933,2189,46285,171.9,92,76,109,18.7,9,14,64
2022-11,Acıbadem,Asian,premium,39884,2133,44862,167.5,62,42,103,18.7,9,14,64
2022-12,Acıbadem,Asian,premium,41982,2245,47806,176.3,39,21,36,18.7,9,14,64
2023-01,Acıbadem,Asian,premium,52227,2487,59951,219.4,82,26,54,21,8.5,13.5,39
2023-02,Acıbadem,Asian,premium,57261,2727,63007,240.5,93,78,19,21,8.5,13.5,39
2023-03,Acıbadem,Asian,premium,55452,2641,60074,232.9,23,42,58,21,8.5,13.5,39
2023-04,Acıbadem,Asian,premium,55012,2620,62999,231.1,110,38,93,21,8.5,13.5,39
2023-05,Acıbadem,Asian,premium,55909,2662,60274,234.8,179,43,105,21,8.5,13.5,39
2023-06,Acıbadem,Asian,premium,55894,2662,59600,234.8,86,56,77,21,8.5,13.5,39
2023-07,Acıbadem,Asian,premium,68527,2586,77541,287.8,143,32,25,26.5,25,30,65
2023-08,Acıbadem,Asian,premium,68252,2576,73379,286.7,44,39,54,26.5,25,30,65
2023-09,Acıbadem,Asian,premium,68375,2580,73756,287.2,17,54,80,26.5,25,30,65
2023-10,Acıbadem,Asian,premium,68824,2373,77512,289.1,99,24,84,29,42.5,47.5,65
2023-11,Acıbadem,Asian,premium,65657,2264,75244,275.8,131,63,75,29,42.5,47.5,65
2023-12,Acıbadem,Asian,premium,69935,2412,76693,293.7,127,48,24,29,42.5,47.5,65
2024-01,Acıbadem,Asian,premium,78462,2452,87241,329.5,170,45,78,32,50,55,75
2024-02,Acıbadem,Asian,premium,79812,2494,88490,335.2,156,60,29,32,50,55,75
2024-03,Acıbadem,Asian,premium,82883,2590,91829,348.1,138,5,22,32,50,55,75
2024-04,Acıbadem,Asian,premium,78809,2463,87158,331,70,43,38,32,50,55,75
2024-05,Acıbadem,Asian,premium,79319,2479,88298,333.1,172,22,60,32,50,55,75
2024-06,Acıbadem,Asian,premium,76489,2390,82385,321.3,105,9,58,32,50,55,75
2024-07,Acıbadem,Asian,premium,84005,2471,90319,352.8,76,10,105,34,50,55,49
2024-08,Acıbadem,Asian,premium,85881,2526,91264,360.7,142,71,81,34,50,55,49
2024-09,Acıbadem,Asian,premium,79907,2350,90621,335.6,48,79,112,34,50,55,49
2024-10,Acıbadem,Asian,premium,87856,2584,99986,369,127,26,110,34,50,55,49
2024-11,Acıbadem,Asian,premium,85959,2528,98290,361,80,37,39,34,50,55,49
2024-12,Acıbadem,Asian,premium,85290,2509,96068,358.2,64,68,78,34,50,55,49
2025-01,Acıbadem,Asian,premium,90954,2527,99777,382,29,6,50,36,47.5,52.5,36
2025-02,Acıbadem,Asian,premium,92938,2582,106332,390.3,162,68,27,36,47.5,52.5,36
2025-03,Acıbadem,Asian,premium,93052,2585,100078,390.8,59,45,38,36,47.5,52.5,36
2025-04,Acıbadem,Asian,premium,89517,2487,96416,376,165,76,89,36,47.5,52.5,36
2025-05,Acıbadem,Asian,premium,92775,2577,101977,389.7,80,44,38,36,47.5,52.5,36
2025-06,Acıbadem,Asian,premium,91563,2543,104646,384.6,35,26,28,36,47.5,52.5,36
2025-07,Acıbadem,Asian,premium,95287,2611,106663,400.2,130,54,41,36.5,45,50,30
2025-08,Acıbadem,Asian,premium,100287,2748,109971,421.2,164,78,106,36.5,45,50,30
2025-09,Acıbadem,Asian,premium,94693,2594,104299,397.7,113,32,16,36.5,45,50,30
2025-10,Acıbadem,Asian,premium,94662,2593,105883,397.6,82,35,61,36.5,45,50,30
2025-11,Acıbadem,Asian,premium,97873,2681,106938,411.1,89,67,119,36.5,45,50,30
2025-12,Acıbadem,Asian,premium,100881,2764,104856,423.7,118,13,68,36.5,45,50,30
2026-01,Acıbadem,Asian,premium,101059,2769,111986,424.4,162,32,110,36.5,45,50,30
2026-02,Acıbadem,Asian,premium,98905,2710,111577,415.4,71,8,46,36.5,45,50,30
2026-03,Acıbadem,Asian,premium,93301,2556,105972,391.9,42,61,91,36.5,45,50,30
2026-04,Acıbadem,Asian,premium,97592,2674,107464,409.9,97,37,10,36.5,45,50,30
2020-01,Göztepe,Asian,premium,4201,678,4535,17.6,134,35,116,6.2,10.75,15.75,11
2020-02,Göztepe,Asian,premium,4303,694,4688,18.1,146,21,53,6.2,10.75,15.75,11
2020-03,Göztepe,Asian,premium,4315,696,5059,18.1,117,23,52,6.2,10.75,15.75,11
2020-04,Göztepe,Asian,premium,4978,711,5393,20.9,43,49,73,7,8.25,13.25,11
2020-05,Göztepe,Asian,premium,5032,719,5660,21.1,179,22,69,7,8.25,13.25,11
2020-06,Göztepe,Asian,premium,5169,738,5618,21.7,167,10,26,7,8.25,13.25,11
2020-07,Göztepe,Asian,premium,5049,721,5717,21.2,146,15,43,7,8.25,13.25,14
2020-08,Göztepe,Asian,premium,4984,712,5473,20.9,119,41,64,7,8.25,13.25,14
2020-09,Göztepe,Asian,premium,5185,741,5564,21.8,34,29,99,7,8.25,13.25,14
2020-10,Göztepe,Asian,premium,6908,921,7892,29,29,78,50,7.5,10.25,15.25,14
2020-11,Göztepe,Asian,premium,7007,934,7421,29.4,87,51,97,7.5,10.25,15.25,14
2020-12,Göztepe,Asian,premium,6816,909,7521,28.6,124,62,60,7.5,10.25,15.25,14
2021-01,Göztepe,Asian,premium,9046,1206,9559,38,145,55,108,7.5,17,22,19.5
2021-02,Göztepe,Asian,premium,9288,1238,10250,39,171,61,42,7.5,17,22,19.5
2021-03,Göztepe,Asian,premium,9247,1233,10265,38.8,84,54,77,7.5,17,22,19.5
2021-04,Göztepe,Asian,premium,9429,1109,10557,39.6,134,29,36,8.5,19,24,19.5
2021-05,Göztepe,Asian,premium,9343,1099,10007,39.2,109,77,69,8.5,19,24,19.5
2021-06,Göztepe,Asian,premium,9719,1143,10563,40.8,42,76,63,8.5,19,24,19.5
2021-07,Göztepe,Asian,premium,13322,1567,14167,56,50,36,107,8.5,19,24,19.5
2021-08,Göztepe,Asian,premium,13841,1628,14415,58.1,147,49,42,8.5,19,24,19.5
2021-09,Göztepe,Asian,premium,13075,1538,14707,54.9,88,40,85,8.5,19,24,19.5
2021-10,Göztepe,Asian,premium,13494,1227,15152,56.7,131,21,101,11,14,19,54
2021-11,Göztepe,Asian,premium,13361,1215,15431,56.1,153,67,113,11,14,19,54
2021-12,Göztepe,Asian,premium,13515,1229,14569,56.8,29,34,37,11,14,19,54
2022-01,Göztepe,Asian,premium,27415,1891,29638,115.1,113,49,21,14.5,14,19,54
2022-02,Göztepe,Asian,premium,27539,1899,30061,115.7,153,60,58,14.5,14,19,54
2022-03,Göztepe,Asian,premium,26662,1839,29997,112,141,63,109,14.5,14,19,54
2022-04,Göztepe,Asian,premium,27244,1603,30479,114.4,74,45,57,17,14,19,80
2022-05,Göztepe,Asian,premium,27857,1639,28950,117,163,44,79,17,14,19,80
2022-06,Göztepe,Asian,premium,27204,1600,29113,114.3,47,43,31,17,14,19,80
2022-07,Göztepe,Asian,premium,43019,2531,48324,180.7,158,62,36,17,12,17,80
2022-08,Göztepe,Asian,premium,42929,2525,46635,180.3,138,5,115,17,12,17,80
2022-09,Göztepe,Asian,premium,44209,2601,47186,185.7,108,13,119,17,12,17,80
2022-10,Göztepe,Asian,premium,42147,2254,45920,177,102,54,49,18.7,9,14,64
2022-11,Göztepe,Asian,premium,44382,2373,49973,186.4,21,42,21,18.7,9,14,64
2022-12,Göztepe,Asian,premium,42133,2253,47148,177,21,43,56,18.7,9,14,64
2023-01,Göztepe,Asian,premium,58897,2805,65865,247.4,178,68,44,21,8.5,13.5,39
2023-02,Göztepe,Asian,premium,59434,2830,65928,249.6,84,77,47,21,8.5,13.5,39
2023-03,Göztepe,Asian,premium,58068,2765,64969,243.9,54,48,21,21,8.5,13.5,39
2023-04,Göztepe,Asian,premium,56233,2678,61675,236.2,23,41,38,21,8.5,13.5,39
2023-05,Göztepe,Asian,premium,56660,2698,61211,238,101,62,19,21,8.5,13.5,39
2023-06,Göztepe,Asian,premium,58524,2787,66935,245.8,109,63,48,21,8.5,13.5,39
2023-07,Göztepe,Asian,premium,74244,2802,79956,311.8,95,77,113,26.5,25,30,65
2023-08,Göztepe,Asian,premium,71066,2682,78060,298.5,117,12,117,26.5,25,30,65
2023-09,Göztepe,Asian,premium,74706,2819,82133,313.8,178,48,65,26.5,25,30,65
2023-10,Göztepe,Asian,premium,74297,2562,81274,312,77,69,45,29,42.5,47.5,65
2023-11,Göztepe,Asian,premium,73607,2538,80965,309.2,109,35,21,29,42.5,47.5,65
2023-12,Göztepe,Asian,premium,72907,2514,80397,306.2,82,46,119,29,42.5,47.5,65
2024-01,Göztepe,Asian,premium,81258,2539,92035,341.3,67,66,18,32,50,55,75
2024-02,Göztepe,Asian,premium,80926,2529,89498,339.9,150,62,116,32,50,55,75
2024-03,Göztepe,Asian,premium,85487,2671,92746,359,126,6,97,32,50,55,75
2024-04,Göztepe,Asian,premium,82751,2586,92860,347.6,130,71,12,32,50,55,75
2024-05,Göztepe,Asian,premium,83350,2605,90625,350.1,100,27,36,32,50,55,75
2024-06,Göztepe,Asian,premium,83245,2601,93068,349.6,60,7,44,32,50,55,75
2024-07,Göztepe,Asian,premium,90716,2668,98805,381,148,71,30,34,50,55,49
2024-08,Göztepe,Asian,premium,91992,2706,102575,386.4,89,65,58,34,50,55,49
2024-09,Göztepe,Asian,premium,91008,2677,95774,382.2,89,75,33,34,50,55,49
2024-10,Göztepe,Asian,premium,91083,2679,98832,382.5,68,57,21,34,50,55,49
2024-11,Göztepe,Asian,premium,90157,2652,97966,378.7,51,38,92,34,50,55,49
2024-12,Göztepe,Asian,premium,90086,2650,92178,378.4,28,26,73,34,50,55,49
2025-01,Göztepe,Asian,premium,93287,2591,102479,391.8,44,28,12,36,47.5,52.5,36
2025-02,Göztepe,Asian,premium,92638,2573,106209,389.1,155,63,39,36,47.5,52.5,36
2025-03,Göztepe,Asian,premium,93514,2598,101376,392.8,87,49,22,36,47.5,52.5,36
2025-04,Göztepe,Asian,premium,93248,2590,106087,391.6,76,15,49,36,47.5,52.5,36
2025-05,Göztepe,Asian,premium,98075,2724,105934,411.9,151,73,68,36,47.5,52.5,36
2025-06,Göztepe,Asian,premium,97765,2716,111191,410.6,138,72,109,36,47.5,52.5,36
2025-07,Göztepe,Asian,premium,97216,2663,107736,408.3,125,40,116,36.5,45,50,30
2025-08,Göztepe,Asian,premium,98425,2697,107060,413.4,143,37,87,36.5,45,50,30
2025-09,Göztepe,Asian,premium,105054,2878,116160,441.2,124,41,89,36.5,45,50,30
2025-10,Göztepe,Asian,premium,99493,2726,107269,417.9,15,46,51,36.5,45,50,30
2025-11,Göztepe,Asian,premium,100243,2746,115176,421,23,34,55,36.5,45,50,30
2025-12,Göztepe,Asian,premium,105702,2896,116703,443.9,24,19,113,36.5,45,50,30
2026-01,Göztepe,Asian,premium,102703,2814,109142,431.4,136,53,23,36.5,45,50,30
2026-02,Göztepe,Asian,premium,102780,2816,114372,431.7,68,69,101,36.5,45,50,30
2026-03,Göztepe,Asian,premium,101159,2771,115413,424.9,166,25,97,36.5,45,50,30
2026-04,Göztepe,Asian,premium,100131,2743,109536,420.5,121,26,77,36.5,45,50,30
2020-01,Erenköy,Asian,premium,4205,678,4462,17.7,66,51,64,6.2,10.75,15.75,11
2020-02,Erenköy,Asian,premium,4494,725,4895,18.9,27,63,62,6.2,10.75,15.75,11
2020-03,Erenköy,Asian,premium,4263,688,4822,17.9,33,51,104,6.2,10.75,15.75,11
2020-04,Erenköy,Asian,premium,5061,723,5545,21.3,20,28,27,7,8.25,13.25,11
2020-05,Erenköy,Asian,premium,5023,718,5645,21.1,173,24,84,7,8.25,13.25,11
2020-06,Erenköy,Asian,premium,5147,735,5661,21.6,134,53,118,7,8.25,13.25,11
2020-07,Erenköy,Asian,premium,5372,767,6101,22.6,78,10,48,7,8.25,13.25,14
2020-08,Erenköy,Asian,premium,5362,766,6021,22.5,135,62,74,7,8.25,13.25,14
2020-09,Erenköy,Asian,premium,4952,707,5199,20.8,80,19,52,7,8.25,13.25,14
2020-10,Erenköy,Asian,premium,6956,927,7562,29.2,144,54,103,7.5,10.25,15.25,14
2020-11,Erenköy,Asian,premium,6769,902,7146,28.4,159,55,78,7.5,10.25,15.25,14
2020-12,Erenköy,Asian,premium,7095,946,7918,29.8,132,64,91,7.5,10.25,15.25,14
2021-01,Erenköy,Asian,premium,9744,1299,10894,40.9,50,32,107,7.5,17,22,19.5
2021-02,Erenköy,Asian,premium,9681,1291,10600,40.7,109,68,95,7.5,17,22,19.5
2021-03,Erenköy,Asian,premium,9513,1268,10463,40,56,27,35,7.5,17,22,19.5
2021-04,Erenköy,Asian,premium,9437,1110,10487,39.6,100,47,12,8.5,19,24,19.5
2021-05,Erenköy,Asian,premium,9345,1099,10341,39.2,52,39,76,8.5,19,24,19.5
2021-06,Erenköy,Asian,premium,9410,1107,10131,39.5,73,63,74,8.5,19,24,19.5
2021-07,Erenköy,Asian,premium,13876,1632,15584,58.3,88,67,96,8.5,19,24,19.5
2021-08,Erenköy,Asian,premium,13639,1605,14683,57.3,36,18,81,8.5,19,24,19.5
2021-09,Erenköy,Asian,premium,13790,1622,15075,57.9,118,17,56,8.5,19,24,19.5
2021-10,Erenköy,Asian,premium,14265,1297,15805,59.9,53,52,110,11,14,19,54
2021-11,Erenköy,Asian,premium,14058,1278,14875,59,178,42,108,11,14,19,54
2021-12,Erenköy,Asian,premium,13226,1202,14991,55.5,148,44,63,11,14,19,54
2022-01,Erenköy,Asian,premium,27232,1878,30416,114.4,93,67,21,14.5,14,19,54
2022-02,Erenköy,Asian,premium,27019,1863,28328,113.5,60,40,95,14.5,14,19,54
2022-03,Erenköy,Asian,premium,27754,1914,30556,116.6,23,73,12,14.5,14,19,54
2022-04,Erenköy,Asian,premium,27163,1598,29303,114.1,114,8,45,17,14,19,80
2022-05,Erenköy,Asian,premium,27494,1617,30190,115.5,82,64,49,17,14,19,80
2022-06,Erenköy,Asian,premium,28349,1668,30953,119.1,76,67,61,17,14,19,80
2022-07,Erenköy,Asian,premium,41665,2451,47602,175,62,70,57,17,12,17,80
2022-08,Erenköy,Asian,premium,41494,2441,47457,174.3,101,8,106,17,12,17,80
2022-09,Erenköy,Asian,premium,42486,2499,47002,178.4,31,32,110,17,12,17,80
2022-10,Erenköy,Asian,premium,43535,2328,49168,182.8,97,71,11,18.7,9,14,64
2022-11,Erenköy,Asian,premium,42680,2282,46882,179.3,92,18,62,18.7,9,14,64
2022-12,Erenköy,Asian,premium,44091,2358,48038,185.2,164,36,97,18.7,9,14,64
2023-01,Erenköy,Asian,premium,59409,2829,67917,249.5,84,19,114,21,8.5,13.5,39
2023-02,Erenköy,Asian,premium,57649,2745,65423,242.1,80,30,84,21,8.5,13.5,39
2023-03,Erenköy,Asian,premium,57681,2747,66846,242.3,77,38,87,21,8.5,13.5,39
2023-04,Erenköy,Asian,premium,59773,2846,66201,251,61,70,111,21,8.5,13.5,39
2023-05,Erenköy,Asian,premium,55429,2639,60428,232.8,153,8,29,21,8.5,13.5,39
2023-06,Erenköy,Asian,premium,57438,2735,63474,241.2,92,71,62,21,8.5,13.5,39
2023-07,Erenköy,Asian,premium,73298,2766,77083,307.9,134,21,70,26.5,25,30,65
2023-08,Erenköy,Asian,premium,73082,2758,81311,306.9,128,33,80,26.5,25,30,65
2023-09,Erenköy,Asian,premium,71316,2691,81669,299.5,81,52,45,26.5,25,30,65
2023-10,Erenköy,Asian,premium,74835,2581,77649,314.3,167,16,84,29,42.5,47.5,65
2023-11,Erenköy,Asian,premium,71521,2466,75588,300.4,151,8,20,29,42.5,47.5,65
2023-12,Erenköy,Asian,premium,69827,2408,79487,293.3,117,66,81,29,42.5,47.5,65
2024-01,Erenköy,Asian,premium,82013,2563,93119,344.5,173,40,68,32,50,55,75
2024-02,Erenköy,Asian,premium,85687,2678,96888,359.9,150,11,119,32,50,55,75
2024-03,Erenköy,Asian,premium,83909,2622,92724,352.4,130,39,76,32,50,55,75
2024-04,Erenköy,Asian,premium,82444,2576,90497,346.3,22,73,99,32,50,55,75
2024-05,Erenköy,Asian,premium,85298,2666,92998,358.3,165,53,114,32,50,55,75
2024-06,Erenköy,Asian,premium,84886,2653,91705,356.5,92,70,28,32,50,55,75
2024-07,Erenköy,Asian,premium,87628,2577,99321,368,107,29,56,34,50,55,49
2024-08,Erenköy,Asian,premium,89744,2640,94952,376.9,27,8,17,34,50,55,49
2024-09,Erenköy,Asian,premium,89021,2618,102641,373.9,30,35,62,34,50,55,49
2024-10,Erenköy,Asian,premium,87179,2564,95597,366.2,99,38,85,34,50,55,49
2024-11,Erenköy,Asian,premium,87322,2568,94682,366.8,63,77,84,34,50,55,49
2024-12,Erenköy,Asian,premium,92658,2725,103901,389.2,73,28,45,34,50,55,49
2025-01,Erenköy,Asian,premium,96526,2681,107131,405.4,95,71,74,36,47.5,52.5,36
2025-02,Erenköy,Asian,premium,94183,2616,105878,395.6,177,24,96,36,47.5,52.5,36
2025-03,Erenköy,Asian,premium,96005,2667,108664,403.2,69,67,67,36,47.5,52.5,36
2025-04,Erenköy,Asian,premium,100606,2795,112766,422.5,105,13,84,36,47.5,52.5,36
2025-05,Erenköy,Asian,premium,96391,2678,103680,404.8,68,16,46,36,47.5,52.5,36
2025-06,Erenköy,Asian,premium,93404,2595,101597,392.3,59,66,108,36,47.5,52.5,36
2025-07,Erenköy,Asian,premium,99940,2738,105780,419.7,53,6,96,36.5,45,50,30
2025-08,Erenköy,Asian,premium,102943,2820,116017,432.4,106,20,119,36.5,45,50,30
2025-09,Erenköy,Asian,premium,106783,2926,114459,448.5,16,26,65,36.5,45,50,30
2025-10,Erenköy,Asian,premium,102012,2795,110813,428.4,173,6,44,36.5,45,50,30
2025-11,Erenköy,Asian,premium,103130,2825,116588,433.1,104,70,87,36.5,45,50,30
2025-12,Erenköy,Asian,premium,100638,2757,111240,422.7,69,18,73,36.5,45,50,30
2026-01,Erenköy,Asian,premium,99121,2716,107266,416.3,99,37,34,36.5,45,50,30
2026-02,Erenköy,Asian,premium,98063,2687,107067,411.9,40,27,49,36.5,45,50,30
2026-03,Erenköy,Asian,premium,102786,2816,114632,431.7,169,76,101,36.5,45,50,30
2026-04,Erenköy,Asian,premium,97449,2670,104115,409.3,37,44,104,36.5,45,50,30
2020-01,Kozyatağı,Asian,premium,3265,527,3651,13.7,16,47,22,6.2,10.75,15.75,11
2020-02,Kozyatağı,Asian,premium,3369,543,3594,14.2,95,30,59,6.2,10.75,15.75,11
2020-03,Kozyatağı,Asian,premium,3450,557,3978,14.5,127,51,71,6.2,10.75,15.75,11
2020-04,Kozyatağı,Asian,premium,3962,566,4441,16.6,75,32,113,7,8.25,13.25,11
2020-05,Kozyatağı,Asian,premium,4041,577,4668,17,162,36,93,7,8.25,13.25,11
2020-06,Kozyatağı,Asian,premium,3923,560,4265,16.5,125,49,67,7,8.25,13.25,11
2020-07,Kozyatağı,Asian,premium,3940,563,4107,16.5,122,32,78,7,8.25,13.25,14
2020-08,Kozyatağı,Asian,premium,4099,586,4389,17.2,145,5,72,7,8.25,13.25,14
2020-09,Kozyatağı,Asian,premium,4038,577,4226,17,164,78,117,7,8.25,13.25,14
2020-10,Kozyatağı,Asian,premium,5448,726,6084,22.9,67,26,104,7.5,10.25,15.25,14
2020-11,Kozyatağı,Asian,premium,5185,691,5419,21.8,127,79,118,7.5,10.25,15.25,14
2020-12,Kozyatağı,Asian,premium,5111,682,5517,21.5,42,74,113,7.5,10.25,15.25,14
2021-01,Kozyatağı,Asian,premium,7309,975,8425,30.7,23,68,44,7.5,17,22,19.5
2021-02,Kozyatağı,Asian,premium,7275,970,7809,30.6,17,65,19,7.5,17,22,19.5
2021-03,Kozyatağı,Asian,premium,7229,964,8117,30.4,116,33,76,7.5,17,22,19.5
2021-04,Kozyatağı,Asian,premium,7448,876,8179,31.3,84,74,76,8.5,19,24,19.5
2021-05,Kozyatağı,Asian,premium,7193,846,8219,30.2,136,6,38,8.5,19,24,19.5
2021-06,Kozyatağı,Asian,premium,7008,824,7748,29.4,120,15,31,8.5,19,24,19.5
2021-07,Kozyatağı,Asian,premium,10398,1223,11522,43.7,116,21,64,8.5,19,24,19.5
2021-08,Kozyatağı,Asian,premium,11130,1309,12112,46.7,53,33,57,8.5,19,24,19.5
2021-09,Kozyatağı,Asian,premium,10623,1250,11824,44.6,60,56,37,8.5,19,24,19.5
2021-10,Kozyatağı,Asian,premium,11096,1009,12512,46.6,51,61,46,11,14,19,54
2021-11,Kozyatağı,Asian,premium,10641,967,11979,44.7,147,36,109,11,14,19,54
2021-12,Kozyatağı,Asian,premium,10490,954,12124,44.1,28,28,54,11,14,19,54
2022-01,Kozyatağı,Asian,premium,21323,1471,22869,89.6,59,71,51,14.5,14,19,54
2022-02,Kozyatağı,Asian,premium,21401,1476,24043,89.9,41,70,37,14.5,14,19,54
2022-03,Kozyatağı,Asian,premium,20949,1445,21804,88,151,50,44,14.5,14,19,54
2022-04,Kozyatağı,Asian,premium,21231,1249,22857,89.2,111,42,36,17,14,19,80
2022-05,Kozyatağı,Asian,premium,21456,1262,23332,90.1,86,61,38,17,14,19,80
2022-06,Kozyatağı,Asian,premium,21491,1264,22906,90.3,31,26,96,17,14,19,80
2022-07,Kozyatağı,Asian,premium,33258,1956,37060,139.7,38,48,96,17,12,17,80
2022-08,Kozyatağı,Asian,premium,32638,1920,35869,137.1,29,62,59,17,12,17,80
2022-09,Kozyatağı,Asian,premium,35027,2060,38876,147.1,97,12,36,17,12,17,80
2022-10,Kozyatağı,Asian,premium,33199,1775,36113,139.4,94,62,38,18.7,9,14,64
2022-11,Kozyatağı,Asian,premium,34897,1866,39763,146.6,81,26,89,18.7,9,14,64
2022-12,Kozyatağı,Asian,premium,32953,1762,36783,138.4,171,5,102,18.7,9,14,64
2023-01,Kozyatağı,Asian,premium,45842,2183,51088,192.5,161,78,51,21,8.5,13.5,39
2023-02,Kozyatağı,Asian,premium,44189,2104,49295,185.6,113,15,26,21,8.5,13.5,39
2023-03,Kozyatağı,Asian,premium,47427,2258,51545,199.2,99,70,17,21,8.5,13.5,39
2023-04,Kozyatağı,Asian,premium,47273,2251,50347,198.5,80,33,12,21,8.5,13.5,39
2023-05,Kozyatağı,Asian,premium,46802,2229,53342,196.6,139,66,54,21,8.5,13.5,39
2023-06,Kozyatağı,Asian,premium,44614,2124,48015,187.4,107,65,22,21,8.5,13.5,39
2023-07,Kozyatağı,Asian,premium,56667,2138,62788,238,97,59,70,26.5,25,30,65
2023-08,Kozyatağı,Asian,premium,56403,2128,64913,236.9,155,54,51,26.5,25,30,65
2023-09,Kozyatağı,Asian,premium,56854,2145,62153,238.8,26,31,90,26.5,25,30,65
2023-10,Kozyatağı,Asian,premium,56617,1952,62428,237.8,109,49,47,29,42.5,47.5,65
2023-11,Kozyatağı,Asian,premium,56064,1933,62751,235.5,156,34,14,29,42.5,47.5,65
2023-12,Kozyatağı,Asian,premium,56241,1939,61601,236.2,108,61,114,29,42.5,47.5,65
2024-01,Kozyatağı,Asian,premium,63414,1982,67669,266.3,50,61,21,32,50,55,75
2024-02,Kozyatağı,Asian,premium,63548,1986,67743,266.9,111,67,19,32,50,55,75
2024-03,Kozyatağı,Asian,premium,65527,2048,69016,275.2,144,66,13,32,50,55,75
2024-04,Kozyatağı,Asian,premium,65113,2035,72847,273.5,128,70,95,32,50,55,75
2024-05,Kozyatağı,Asian,premium,63853,1995,69599,268.2,175,36,26,32,50,55,75
2024-06,Kozyatağı,Asian,premium,62405,1950,69999,262.1,120,26,111,32,50,55,75
2024-07,Kozyatağı,Asian,premium,65013,1912,71044,273.1,81,68,67,34,50,55,49
2024-08,Kozyatağı,Asian,premium,69971,2058,74913,293.9,23,40,51,34,50,55,49
2024-09,Kozyatağı,Asian,premium,68743,2022,75608,288.7,79,26,85,34,50,55,49
2024-10,Kozyatağı,Asian,premium,69581,2047,80560,292.2,120,14,11,34,50,55,49
2024-11,Kozyatağı,Asian,premium,65718,1933,70155,276,100,67,13,34,50,55,49
2024-12,Kozyatağı,Asian,premium,73297,2156,79583,307.8,71,13,63,34,50,55,49
2025-01,Kozyatağı,Asian,premium,75496,2097,80046,317.1,56,69,87,36,47.5,52.5,36
2025-02,Kozyatağı,Asian,premium,77076,2141,84049,323.7,86,64,56,36,47.5,52.5,36
2025-03,Kozyatağı,Asian,premium,76328,2120,86304,320.6,27,9,93,36,47.5,52.5,36
2025-04,Kozyatağı,Asian,premium,77107,2142,82913,323.8,110,22,57,36,47.5,52.5,36
2025-05,Kozyatağı,Asian,premium,75277,2091,81068,316.2,101,32,55,36,47.5,52.5,36
2025-06,Kozyatağı,Asian,premium,73496,2042,82563,308.7,168,32,22,36,47.5,52.5,36
2025-07,Kozyatağı,Asian,premium,78247,2144,86013,328.6,29,6,108,36.5,45,50,30
2025-08,Kozyatağı,Asian,premium,79223,2171,87128,332.7,138,24,50,36.5,45,50,30
2025-09,Kozyatağı,Asian,premium,78850,2160,85164,331.2,127,74,50,36.5,45,50,30
2025-10,Kozyatağı,Asian,premium,80991,2219,88623,340.2,170,35,74,36.5,45,50,30
2025-11,Kozyatağı,Asian,premium,77954,2136,88537,327.4,83,7,26,36.5,45,50,30
2025-12,Kozyatağı,Asian,premium,77076,2112,83493,323.7,133,29,118,36.5,45,50,30
2026-01,Kozyatağı,Asian,premium,79342,2174,83478,333.2,50,60,35,36.5,45,50,30
2026-02,Kozyatağı,Asian,premium,80129,2195,85415,336.5,108,68,26,36.5,45,50,30
2026-03,Kozyatağı,Asian,premium,80899,2216,91102,339.8,84,23,75,36.5,45,50,30
2026-04,Kozyatağı,Asian,premium,81354,2229,87227,341.7,83,8,81,36.5,45,50,30
2020-01,Ataşehir,Asian,premium,2888,466,3134,12.1,177,36,104,6.2,10.75,15.75,11
2020-02,Ataşehir,Asian,premium,2923,471,3286,12.3,89,15,39,6.2,10.75,15.75,11
2020-03,Ataşehir,Asian,premium,2736,441,3152,11.5,117,40,64,6.2,10.75,15.75,11
2020-04,Ataşehir,Asian,premium,3237,462,3727,13.6,155,11,72,7,8.25,13.25,11
2020-05,Ataşehir,Asian,premium,3340,477,3713,14,22,27,97,7,8.25,13.25,11
2020-06,Ataşehir,Asian,premium,3362,480,3809,14.1,54,76,44,7,8.25,13.25,11
2020-07,Ataşehir,Asian,premium,3222,460,3596,13.5,70,8,84,7,8.25,13.25,14
2020-08,Ataşehir,Asian,premium,3473,496,3757,14.6,36,50,20,7,8.25,13.25,14
2020-09,Ataşehir,Asian,premium,3327,475,3591,14,89,73,99,7,8.25,13.25,14
2020-10,Ataşehir,Asian,premium,4569,609,5132,19.2,160,26,92,7.5,10.25,15.25,14
2020-11,Ataşehir,Asian,premium,4422,590,4993,18.6,52,49,95,7.5,10.25,15.25,14
2020-12,Ataşehir,Asian,premium,4323,576,4657,18.2,51,73,54,7.5,10.25,15.25,14
2021-01,Ataşehir,Asian,premium,6233,831,6892,26.2,120,76,36,7.5,17,22,19.5
2021-02,Ataşehir,Asian,premium,6041,806,6691,25.4,83,54,74,7.5,17,22,19.5
2021-03,Ataşehir,Asian,premium,6266,836,6908,26.3,83,55,75,7.5,17,22,19.5
2021-04,Ataşehir,Asian,premium,6200,729,7175,26,97,57,73,8.5,19,24,19.5
2021-05,Ataşehir,Asian,premium,6483,763,7158,27.2,90,74,73,8.5,19,24,19.5
2021-06,Ataşehir,Asian,premium,6406,754,7240,26.9,51,35,88,8.5,19,24,19.5
2021-07,Ataşehir,Asian,premium,8785,1034,9601,36.9,37,35,37,8.5,19,24,19.5
2021-08,Ataşehir,Asian,premium,8783,1033,9709,36.9,48,31,60,8.5,19,24,19.5
2021-09,Ataşehir,Asian,premium,9027,1062,9845,37.9,109,63,70,8.5,19,24,19.5
2021-10,Ataşehir,Asian,premium,8872,807,9730,37.3,129,40,101,11,14,19,54
2021-11,Ataşehir,Asian,premium,8831,803,9480,37.1,110,12,35,11,14,19,54
2021-12,Ataşehir,Asian,premium,9147,832,10091,38.4,125,70,87,11,14,19,54
2022-01,Ataşehir,Asian,premium,17362,1197,19297,72.9,99,25,103,14.5,14,19,54
2022-02,Ataşehir,Asian,premium,17820,1229,20114,74.8,19,37,105,14.5,14,19,54
2022-03,Ataşehir,Asian,premium,18123,1250,20267,76.1,39,43,111,14.5,14,19,54
2022-04,Ataşehir,Asian,premium,18964,1116,20145,79.6,59,44,50,17,14,19,80
2022-05,Ataşehir,Asian,premium,19325,1137,22053,81.2,47,66,85,17,14,19,80
2022-06,Ataşehir,Asian,premium,18993,1117,20145,79.8,148,38,115,17,14,19,80
2022-07,Ataşehir,Asian,premium,27644,1626,32065,116.1,166,27,119,17,12,17,80
2022-08,Ataşehir,Asian,premium,29203,1718,32793,122.7,43,62,44,17,12,17,80
2022-09,Ataşehir,Asian,premium,29194,1717,32540,122.6,116,57,113,17,12,17,80
2022-10,Ataşehir,Asian,premium,29359,1570,33296,123.3,44,21,50,18.7,9,14,64
2022-11,Ataşehir,Asian,premium,27839,1489,31685,116.9,45,64,62,18.7,9,14,64
2022-12,Ataşehir,Asian,premium,28007,1498,30717,117.6,145,17,14,18.7,9,14,64
2023-01,Ataşehir,Asian,premium,38196,1819,43980,160.4,39,54,89,21,8.5,13.5,39
2023-02,Ataşehir,Asian,premium,37337,1778,42359,156.8,99,70,116,21,8.5,13.5,39
2023-03,Ataşehir,Asian,premium,40749,1940,44992,171.1,142,21,29,21,8.5,13.5,39
2023-04,Ataşehir,Asian,premium,38229,1820,41636,160.6,58,79,99,21,8.5,13.5,39
2023-05,Ataşehir,Asian,premium,39027,1858,44274,163.9,79,32,73,21,8.5,13.5,39
2023-06,Ataşehir,Asian,premium,36498,1738,38343,153.3,142,38,27,21,8.5,13.5,39
2023-07,Ataşehir,Asian,premium,47572,1795,52440,199.8,175,51,78,26.5,25,30,65
2023-08,Ataşehir,Asian,premium,48689,1837,53417,204.5,16,74,43,26.5,25,30,65
2023-09,Ataşehir,Asian,premium,51141,1930,55713,214.8,87,39,25,26.5,25,30,65
2023-10,Ataşehir,Asian,premium,52531,1811,59823,220.6,157,77,57,29,42.5,47.5,65
2023-11,Ataşehir,Asian,premium,49516,1707,53862,208,41,71,57,29,42.5,47.5,65
2023-12,Ataşehir,Asian,premium,49239,1698,53408,206.8,102,57,111,29,42.5,47.5,65
2024-01,Ataşehir,Asian,premium,54876,1715,59363,230.5,126,8,94,32,50,55,75
2024-02,Ataşehir,Asian,premium,53379,1668,57027,224.2,122,29,112,32,50,55,75
2024-03,Ataşehir,Asian,premium,56773,1774,66978,238.4,119,64,101,32,50,55,75
2024-04,Ataşehir,Asian,premium,57601,1800,63846,241.9,36,79,59,32,50,55,75
2024-05,Ataşehir,Asian,premium,55714,1741,61898,234,68,11,83,32,50,55,75
2024-06,Ataşehir,Asian,premium,57994,1812,66428,243.6,159,70,11,32,50,55,75
2024-07,Ataşehir,Asian,premium,59796,1759,65447,251.1,159,47,42,34,50,55,49
2024-08,Ataşehir,Asian,premium,57780,1699,64245,242.7,159,5,76,34,50,55,49
2024-09,Ataşehir,Asian,premium,60374,1776,67137,253.6,29,17,28,34,50,55,49
2024-10,Ataşehir,Asian,premium,63775,1876,70886,267.9,108,79,104,34,50,55,49
2024-11,Ataşehir,Asian,premium,61958,1822,68238,260.2,95,24,87,34,50,55,49
2024-12,Ataşehir,Asian,premium,61659,1813,71088,259,50,13,58,34,50,55,49
2025-01,Ataşehir,Asian,premium,65090,1808,68713,273.4,138,48,90,36,47.5,52.5,36
2025-02,Ataşehir,Asian,premium,60598,1683,64114,254.5,104,32,119,36,47.5,52.5,36
2025-03,Ataşehir,Asian,premium,63597,1767,70611,267.1,44,17,42,36,47.5,52.5,36
2025-04,Ataşehir,Asian,premium,63579,1766,69198,267,78,74,17,36,47.5,52.5,36
2025-05,Ataşehir,Asian,premium,61008,1695,66549,256.2,70,9,39,36,47.5,52.5,36
2025-06,Ataşehir,Asian,premium,61213,1700,65913,257.1,23,21,68,36,47.5,52.5,36
2025-07,Ataşehir,Asian,premium,70515,1932,77667,296.2,93,72,66,36.5,45,50,30
2025-08,Ataşehir,Asian,premium,67032,1836,72285,281.5,22,37,40,36.5,45,50,30
2025-09,Ataşehir,Asian,premium,67811,1858,75462,284.8,171,12,106,36.5,45,50,30
2025-10,Ataşehir,Asian,premium,65110,1784,73736,273.5,146,48,20,36.5,45,50,30
2025-11,Ataşehir,Asian,premium,65776,1802,72003,276.3,157,22,106,36.5,45,50,30
2025-12,Ataşehir,Asian,premium,64854,1777,70253,272.4,131,10,73,36.5,45,50,30
2026-01,Ataşehir,Asian,premium,67773,1857,74910,284.6,36,70,53,36.5,45,50,30
2026-02,Ataşehir,Asian,premium,68540,1878,75539,287.9,101,51,92,36.5,45,50,30
2026-03,Ataşehir,Asian,premium,68119,1866,73319,286.1,41,51,19,36.5,45,50,30
2026-04,Ataşehir,Asian,premium,67383,1846,75303,283,118,41,62,36.5,45,50,30
2020-01,Ümraniye,Asian,mid,2329,376,2572,9.8,134,78,33,6.2,10.75,15.75,11
2020-02,Ümraniye,Asian,mid,2331,376,2595,9.8,52,67,92,6.2,10.75,15.75,11
2020-03,Ümraniye,Asian,mid,2332,376,2558,9.8,93,46,86,6.2,10.75,15.75,11
2020-04,Ümraniye,Asian,mid,2879,411,2968,12.1,40,34,27,7,8.25,13.25,11
2020-05,Ümraniye,Asian,mid,2861,409,3103,12,48,22,17,7,8.25,13.25,11
2020-06,Ümraniye,Asian,mid,2863,409,3067,12,96,47,78,7,8.25,13.25,11
2020-07,Ümraniye,Asian,mid,2812,402,3159,11.8,73,35,15,7,8.25,13.25,14
2020-08,Ümraniye,Asian,mid,2748,393,2867,11.5,158,48,104,7,8.25,13.25,14
2020-09,Ümraniye,Asian,mid,2718,388,2926,11.4,90,72,33,7,8.25,13.25,14
2020-10,Ümraniye,Asian,mid,3863,515,4395,16.2,28,46,67,7.5,10.25,15.25,14
2020-11,Ümraniye,Asian,mid,3895,519,4159,16.4,20,70,49,7.5,10.25,15.25,14
2020-12,Ümraniye,Asian,mid,3842,512,4109,16.1,90,55,54,7.5,10.25,15.25,14
2021-01,Ümraniye,Asian,mid,5236,698,5716,22,147,27,53,7.5,17,22,19.5
2021-02,Ümraniye,Asian,mid,5440,725,5695,22.8,138,54,94,7.5,17,22,19.5
2021-03,Ümraniye,Asian,mid,5318,709,5850,22.3,150,27,118,7.5,17,22,19.5
2021-04,Ümraniye,Asian,mid,5267,620,5845,22.1,32,63,102,8.5,19,24,19.5
2021-05,Ümraniye,Asian,mid,5299,623,5671,22.3,74,55,88,8.5,19,24,19.5
2021-06,Ümraniye,Asian,mid,5421,638,6181,22.8,89,13,84,8.5,19,24,19.5
2021-07,Ümraniye,Asian,mid,7661,901,8527,32.2,75,60,25,8.5,19,24,19.5
2021-08,Ümraniye,Asian,mid,7375,868,8043,31,124,47,74,8.5,19,24,19.5
2021-09,Ümraniye,Asian,mid,7570,891,8564,31.8,33,30,18,8.5,19,24,19.5
2021-10,Ümraniye,Asian,mid,7414,674,8146,31.1,96,19,115,11,14,19,54
2021-11,Ümraniye,Asian,mid,7956,723,8985,33.4,130,20,74,11,14,19,54
2021-12,Ümraniye,Asian,mid,7742,704,8980,32.5,46,6,25,11,14,19,54
2022-01,Ümraniye,Asian,mid,15351,1059,16845,64.5,165,50,49,14.5,14,19,54
2022-02,Ümraniye,Asian,mid,14794,1020,16272,62.1,19,44,102,14.5,14,19,54
2022-03,Ümraniye,Asian,mid,15646,1079,16954,65.7,50,34,49,14.5,14,19,54
2022-04,Ümraniye,Asian,mid,15134,890,16276,63.6,80,49,11,17,14,19,80
2022-05,Ümraniye,Asian,mid,15600,918,17984,65.5,99,43,30,17,14,19,80
2022-06,Ümraniye,Asian,mid,15199,894,16641,63.8,100,25,33,17,14,19,80
2022-07,Ümraniye,Asian,mid,24624,1448,26717,103.4,160,61,54,17,12,17,80
2022-08,Ümraniye,Asian,mid,23911,1407,27068,100.4,146,78,85,17,12,17,80
2022-09,Ümraniye,Asian,mid,23548,1385,24635,98.9,86,69,93,17,12,17,80
2022-10,Ümraniye,Asian,mid,24054,1286,26913,101,94,28,116,18.7,9,14,64
2022-11,Ümraniye,Asian,mid,23437,1253,24471,98.4,48,7,84,18.7,9,14,64
2022-12,Ümraniye,Asian,mid,23235,1242,24945,97.6,115,12,99,18.7,9,14,64
2023-01,Ümraniye,Asian,mid,33194,1581,36867,139.4,137,35,114,21,8.5,13.5,39
2023-02,Ümraniye,Asian,mid,32492,1547,36283,136.5,109,78,15,21,8.5,13.5,39
2023-03,Ümraniye,Asian,mid,32617,1553,38629,137,94,36,12,21,8.5,13.5,39
2023-04,Ümraniye,Asian,mid,31829,1516,34042,133.7,153,18,17,21,8.5,13.5,39
2023-05,Ümraniye,Asian,mid,33058,1574,37834,138.8,127,35,101,21,8.5,13.5,39
2023-06,Ümraniye,Asian,mid,31763,1513,34924,133.4,133,58,20,21,8.5,13.5,39
2023-07,Ümraniye,Asian,mid,40296,1521,41373,169.2,132,39,100,26.5,25,30,65
2023-08,Ümraniye,Asian,mid,40898,1543,45297,171.8,57,22,59,26.5,25,30,65
2023-09,Ümraniye,Asian,mid,40867,1542,45892,171.6,151,17,39,26.5,25,30,65
2023-10,Ümraniye,Asian,mid,41354,1426,44537,173.7,158,34,41,29,42.5,47.5,65
2023-11,Ümraniye,Asian,mid,39576,1365,43556,166.2,61,7,16,29,42.5,47.5,65
2023-12,Ümraniye,Asian,mid,39823,1373,43970,167.3,67,41,35,29,42.5,47.5,65
2024-01,Ümraniye,Asian,mid,44958,1405,50116,188.8,99,20,104,32,50,55,75
2024-02,Ümraniye,Asian,mid,44816,1400,47854,188.2,72,36,105,32,50,55,75
2024-03,Ümraniye,Asian,mid,45165,1411,50870,189.7,36,33,85,32,50,55,75
2024-04,Ümraniye,Asian,mid,47786,1493,55262,200.7,26,25,71,32,50,55,75
2024-05,Ümraniye,Asian,mid,48159,1505,55350,202.3,112,28,106,32,50,55,75
2024-06,Ümraniye,Asian,mid,46762,1461,51554,196.4,133,59,67,32,50,55,75
2024-07,Ümraniye,Asian,mid,48653,1431,52787,204.3,53,16,105,34,50,55,49
2024-08,Ümraniye,Asian,mid,48184,1417,53791,202.4,142,41,60,34,50,55,49
2024-09,Ümraniye,Asian,mid,50750,1493,54632,213.2,116,18,51,34,50,55,49
2024-10,Ümraniye,Asian,mid,49833,1466,55348,209.3,149,51,91,34,50,55,49
2024-11,Ümraniye,Asian,mid,49510,1456,52721,207.9,45,47,67,34,50,55,49
2024-12,Ümraniye,Asian,mid,50456,1484,56295,211.9,88,70,98,34,50,55,49
2025-01,Ümraniye,Asian,mid,51911,1442,58457,218,94,19,99,36,47.5,52.5,36
2025-02,Ümraniye,Asian,mid,54061,1502,58748,227.1,123,60,115,36,47.5,52.5,36
2025-03,Ümraniye,Asian,mid,54659,1518,59391,229.6,107,22,27,36,47.5,52.5,36
2025-04,Ümraniye,Asian,mid,55927,1554,60270,234.9,159,40,115,36,47.5,52.5,36
2025-05,Ümraniye,Asian,mid,53459,1485,58668,224.5,107,25,91,36,47.5,52.5,36
2025-06,Ümraniye,Asian,mid,51980,1444,59136,218.3,168,37,73,36,47.5,52.5,36
2025-07,Ümraniye,Asian,mid,57087,1564,63698,239.8,19,9,33,36.5,45,50,30
2025-08,Ümraniye,Asian,mid,56350,1544,63159,236.7,20,19,31,36.5,45,50,30
2025-09,Ümraniye,Asian,mid,54724,1499,61117,229.8,75,45,43,36.5,45,50,30
2025-10,Ümraniye,Asian,mid,55471,1520,60553,233,82,61,42,36.5,45,50,30
2025-11,Ümraniye,Asian,mid,56861,1558,61531,238.8,170,53,111,36.5,45,50,30
2025-12,Ümraniye,Asian,mid,55869,1531,62683,234.7,46,65,87,36.5,45,50,30
2026-01,Ümraniye,Asian,mid,53666,1470,59635,225.4,114,16,18,36.5,45,50,30
2026-02,Ümraniye,Asian,mid,56262,1541,62102,236.3,138,45,21,36.5,45,50,30
2026-03,Ümraniye,Asian,mid,55951,1533,60024,235,96,15,31,36.5,45,50,30
2026-04,Ümraniye,Asian,mid,55480,1520,59705,233,141,41,62,36.5,45,50,30
2020-01,Maltepe,Asian,mid,2655,428,2899,11.2,144,32,24,6.2,10.75,15.75,11
2020-02,Maltepe,Asian,mid,2852,460,3207,12,36,67,28,6.2,10.75,15.75,11
2020-03,Maltepe,Asian,mid,2615,422,2874,11,147,79,78,6.2,10.75,15.75,11
2020-04,Maltepe,Asian,mid,3133,448,3529,13.2,36,12,33,7,8.25,13.25,11
2020-05,Maltepe,Asian,mid,3306,472,3820,13.9,49,41,37,7,8.25,13.25,11
2020-06,Maltepe,Asian,mid,3289,470,3413,13.8,37,23,55,7,8.25,13.25,11
2020-07,Maltepe,Asian,mid,2942,420,3250,12.4,25,47,25,7,8.25,13.25,14
2020-08,Maltepe,Asian,mid,3287,470,3535,13.8,16,59,58,7,8.25,13.25,14
2020-09,Maltepe,Asian,mid,3086,441,3343,13,24,67,104,7,8.25,13.25,14
2020-10,Maltepe,Asian,mid,4272,570,4617,17.9,102,61,18,7.5,10.25,15.25,14
2020-11,Maltepe,Asian,mid,4210,561,4619,17.7,105,21,80,7.5,10.25,15.25,14
2020-12,Maltepe,Asian,mid,4126,550,4687,17.3,100,52,65,7.5,10.25,15.25,14
2021-01,Maltepe,Asian,mid,5608,748,6258,23.6,67,29,56,7.5,17,22,19.5
2021-02,Maltepe,Asian,mid,5877,784,6238,24.7,102,54,62,7.5,17,22,19.5
2021-03,Maltepe,Asian,mid,5738,765,6069,24.1,55,46,85,7.5,17,22,19.5
2021-04,Maltepe,Asian,mid,5650,665,6067,23.7,109,60,108,8.5,19,24,19.5
2021-05,Maltepe,Asian,mid,5662,666,6383,23.8,126,61,60,8.5,19,24,19.5
2021-06,Maltepe,Asian,mid,5755,677,6107,24.2,145,43,98,8.5,19,24,19.5
2021-07,Maltepe,Asian,mid,8257,971,9382,34.7,155,31,47,8.5,19,24,19.5
2021-08,Maltepe,Asian,mid,8650,1018,9293,36.3,112,19,56,8.5,19,24,19.5
2021-09,Maltepe,Asian,mid,8583,1010,9558,36,26,29,102,8.5,19,24,19.5
2021-10,Maltepe,Asian,mid,8373,761,8877,35.2,126,65,13,11,14,19,54
2021-11,Maltepe,Asian,mid,8282,753,8718,34.8,44,16,92,11,14,19,54
2021-12,Maltepe,Asian,mid,8508,773,9125,35.7,73,46,12,11,14,19,54
2022-01,Maltepe,Asian,mid,17148,1183,18387,72,177,14,13,14.5,14,19,54
2022-02,Maltepe,Asian,mid,16794,1158,18411,70.5,25,21,91,14.5,14,19,54
2022-03,Maltepe,Asian,mid,16325,1126,17940,68.6,25,15,94,14.5,14,19,54
2022-04,Maltepe,Asian,mid,16161,951,17841,67.9,166,78,42,17,14,19,80
2022-05,Maltepe,Asian,mid,17524,1031,19528,73.6,155,32,44,17,14,19,80
2022-06,Maltepe,Asian,mid,17784,1046,19312,74.7,121,12,58,17,14,19,80
2022-07,Maltepe,Asian,mid,24882,1464,27167,104.5,151,52,114,17,12,17,80
2022-08,Maltepe,Asian,mid,25303,1488,27363,106.3,66,48,115,17,12,17,80
2022-09,Maltepe,Asian,mid,25935,1526,28016,108.9,109,32,117,17,12,17,80
2022-10,Maltepe,Asian,mid,26659,1426,29271,112,129,37,28,18.7,9,14,64
2022-11,Maltepe,Asian,mid,26081,1395,29088,109.5,143,61,89,18.7,9,14,64
2022-12,Maltepe,Asian,mid,26701,1428,29438,112.1,120,34,90,18.7,9,14,64
2023-01,Maltepe,Asian,mid,35548,1693,38928,149.3,47,31,104,21,8.5,13.5,39
2023-02,Maltepe,Asian,mid,34396,1638,37513,144.5,135,30,83,21,8.5,13.5,39
2023-03,Maltepe,Asian,mid,34739,1654,38267,145.9,171,43,119,21,8.5,13.5,39
2023-04,Maltepe,Asian,mid,35352,1683,40140,148.5,155,71,86,21,8.5,13.5,39
2023-05,Maltepe,Asian,mid,35297,1681,39753,148.2,82,76,74,21,8.5,13.5,39
2023-06,Maltepe,Asian,mid,34946,1664,36983,146.8,148,57,76,21,8.5,13.5,39
2023-07,Maltepe,Asian,mid,45251,1708,49932,190.1,29,9,47,26.5,25,30,65
2023-08,Maltepe,Asian,mid,45547,1719,49351,191.3,167,39,95,26.5,25,30,65
2023-09,Maltepe,Asian,mid,43058,1625,48823,180.8,59,76,118,26.5,25,30,65
2023-10,Maltepe,Asian,mid,44561,1537,49434,187.2,71,13,63,29,42.5,47.5,65
2023-11,Maltepe,Asian,mid,46042,1588,50968,193.4,157,49,27,29,42.5,47.5,65
2023-12,Maltepe,Asian,mid,45238,1560,48419,190,90,62,53,29,42.5,47.5,65
2024-01,Maltepe,Asian,mid,51517,1610,58451,216.4,52,47,115,32,50,55,75
2024-02,Maltepe,Asian,mid,52311,1635,58144,219.7,30,7,113,32,50,55,75
2024-03,Maltepe,Asian,mid,49074,1534,55730,206.1,50,6,36,32,50,55,75
2024-04,Maltepe,Asian,mid,52325,1635,57234,219.8,167,48,13,32,50,55,75
2024-05,Maltepe,Asian,mid,49679,1552,55244,208.7,37,59,113,32,50,55,75
2024-06,Maltepe,Asian,mid,51137,1598,55555,214.8,79,57,104,32,50,55,75
2024-07,Maltepe,Asian,mid,52202,1535,58686,219.3,163,73,55,34,50,55,49
2024-08,Maltepe,Asian,mid,53697,1579,61462,225.5,40,70,57,34,50,55,49
2024-09,Maltepe,Asian,mid,56853,1672,63631,238.8,131,55,53,34,50,55,49
2024-10,Maltepe,Asian,mid,53841,1584,60462,226.1,56,20,33,34,50,55,49
2024-11,Maltepe,Asian,mid,54855,1613,58568,230.4,109,18,110,34,50,55,49
2024-12,Maltepe,Asian,mid,53801,1582,57462,226,51,67,53,34,50,55,49
2025-01,Maltepe,Asian,mid,57450,1596,60809,241.3,145,74,61,36,47.5,52.5,36
2025-02,Maltepe,Asian,mid,58287,1619,67501,244.8,133,42,54,36,47.5,52.5,36
2025-03,Maltepe,Asian,mid,59622,1656,65104,250.4,147,53,18,36,47.5,52.5,36
2025-04,Maltepe,Asian,mid,58944,1637,64651,247.6,74,55,28,36,47.5,52.5,36
2025-05,Maltepe,Asian,mid,60356,1677,66586,253.5,110,63,26,36,47.5,52.5,36
2025-06,Maltepe,Asian,mid,59169,1644,64144,248.5,130,21,88,36,47.5,52.5,36
2025-07,Maltepe,Asian,mid,61030,1672,67878,256.3,152,76,32,36.5,45,50,30
2025-08,Maltepe,Asian,mid,59949,1642,68734,251.8,140,14,21,36.5,45,50,30
2025-09,Maltepe,Asian,mid,62815,1721,67435,263.8,95,77,83,36.5,45,50,30
2025-10,Maltepe,Asian,mid,61259,1678,67097,257.3,115,74,27,36.5,45,50,30
2025-11,Maltepe,Asian,mid,62839,1722,69695,263.9,39,37,38,36.5,45,50,30
2025-12,Maltepe,Asian,mid,61541,1686,68957,258.5,99,47,43,36.5,45,50,30
2026-01,Maltepe,Asian,mid,61413,1683,67574,257.9,134,38,81,36.5,45,50,30
2026-02,Maltepe,Asian,mid,61995,1698,68125,260.4,143,11,30,36.5,45,50,30
2026-03,Maltepe,Asian,mid,62756,1719,68539,263.6,177,25,29,36.5,45,50,30
2026-04,Maltepe,Asian,mid,61921,1696,67410,260.1,150,6,104,36.5,45,50,30
2020-01,Kartal,Asian,mid,2304,372,2532,9.7,145,58,107,6.2,10.75,15.75,11
2020-02,Kartal,Asian,mid,2401,387,2646,10.1,101,41,99,6.2,10.75,15.75,11
2020-03,Kartal,Asian,mid,2291,370,2599,9.6,16,32,39,6.2,10.75,15.75,11
2020-04,Kartal,Asian,mid,2901,414,3202,12.2,58,14,46,7,8.25,13.25,11
2020-05,Kartal,Asian,mid,2878,411,3151,12.1,126,75,25,7,8.25,13.25,11
2020-06,Kartal,Asian,mid,2880,411,3164,12.1,121,21,62,7,8.25,13.25,11
2020-07,Kartal,Asian,mid,2722,389,2941,11.4,82,61,87,7,8.25,13.25,14
2020-08,Kartal,Asian,mid,2890,413,3008,12.1,109,57,51,7,8.25,13.25,14
2020-09,Kartal,Asian,mid,2786,398,3043,11.7,18,77,111,7,8.25,13.25,14
2020-10,Kartal,Asian,mid,3764,502,4289,15.8,93,9,119,7.5,10.25,15.25,14
2020-11,Kartal,Asian,mid,3889,519,4375,16.3,15,61,66,7.5,10.25,15.25,14
2020-12,Kartal,Asian,mid,3690,492,4154,15.5,32,5,95,7.5,10.25,15.25,14
2021-01,Kartal,Asian,mid,5110,681,5439,21.5,167,26,53,7.5,17,22,19.5
2021-02,Kartal,Asian,mid,5330,711,5655,22.4,74,75,119,7.5,17,22,19.5
2021-03,Kartal,Asian,mid,5254,700,5786,22.1,84,72,94,7.5,17,22,19.5
2021-04,Kartal,Asian,mid,5030,592,5635,21.1,86,65,99,8.5,19,24,19.5
2021-05,Kartal,Asian,mid,5171,608,5579,21.7,87,29,114,8.5,19,24,19.5
2021-06,Kartal,Asian,mid,5212,613,5746,21.9,156,77,76,8.5,19,24,19.5
2021-07,Kartal,Asian,mid,7642,899,8073,32.1,45,20,107,8.5,19,24,19.5
2021-08,Kartal,Asian,mid,7722,908,8420,32.4,178,75,20,8.5,19,24,19.5
2021-09,Kartal,Asian,mid,7548,888,8366,31.7,92,68,57,8.5,19,24,19.5
2021-10,Kartal,Asian,mid,7950,723,8569,33.4,171,56,27,11,14,19,54
2021-11,Kartal,Asian,mid,7665,697,8889,32.2,77,12,99,11,14,19,54
2021-12,Kartal,Asian,mid,7328,666,7927,30.8,100,41,70,11,14,19,54
2022-01,Kartal,Asian,mid,15009,1035,17389,63,119,52,84,14.5,14,19,54
2022-02,Kartal,Asian,mid,16078,1109,18134,67.5,22,55,94,14.5,14,19,54
2022-03,Kartal,Asian,mid,15082,1040,17102,63.3,28,26,26,14.5,14,19,54
2022-04,Kartal,Asian,mid,14458,850,15267,60.7,35,23,22,17,14,19,80
2022-05,Kartal,Asian,mid,15617,919,16664,65.6,159,37,117,17,14,19,80
2022-06,Kartal,Asian,mid,16057,945,17399,67.4,134,72,94,17,14,19,80
2022-07,Kartal,Asian,mid,24354,1433,26187,102.3,42,64,90,17,12,17,80
2022-08,Kartal,Asian,mid,24111,1418,26076,101.3,68,57,102,17,12,17,80
2022-09,Kartal,Asian,mid,23654,1391,26177,99.3,106,77,114,17,12,17,80
2022-10,Kartal,Asian,mid,21968,1175,24750,92.3,119,67,39,18.7,9,14,64
2022-11,Kartal,Asian,mid,23888,1277,26639,100.3,52,50,117,18.7,9,14,64
2022-12,Kartal,Asian,mid,24303,1300,26961,102.1,158,52,36,18.7,9,14,64
2023-01,Kartal,Asian,mid,33611,1601,37658,141.2,77,23,13,21,8.5,13.5,39
2023-02,Kartal,Asian,mid,33402,1591,35119,140.3,117,35,81,21,8.5,13.5,39
2023-03,Kartal,Asian,mid,30640,1459,34101,128.7,82,24,102,21,8.5,13.5,39
2023-04,Kartal,Asian,mid,32416,1544,35601,136.1,19,44,13,21,8.5,13.5,39
2023-05,Kartal,Asian,mid,31604,1505,35841,132.7,89,7,66,21,8.5,13.5,39
2023-06,Kartal,Asian,mid,32084,1528,36328,134.8,104,17,62,21,8.5,13.5,39
2023-07,Kartal,Asian,mid,41117,1552,47040,172.7,163,17,44,26.5,25,30,65
2023-08,Kartal,Asian,mid,38875,1467,42316,163.3,162,34,30,26.5,25,30,65
2023-09,Kartal,Asian,mid,39872,1505,43337,167.5,39,12,71,26.5,25,30,65
2023-10,Kartal,Asian,mid,40154,1385,43129,168.6,148,17,71,29,42.5,47.5,65
2023-11,Kartal,Asian,mid,40300,1390,44976,169.3,66,5,52,29,42.5,47.5,65
2023-12,Kartal,Asian,mid,42066,1451,47142,176.7,99,68,22,29,42.5,47.5,65
2024-01,Kartal,Asian,mid,45391,1418,48955,190.6,126,79,57,32,50,55,75
2024-02,Kartal,Asian,mid,47088,1472,52126,197.8,38,71,109,32,50,55,75
2024-03,Kartal,Asian,mid,45283,1415,51634,190.2,127,30,52,32,50,55,75
2024-04,Kartal,Asian,mid,46140,1442,51900,193.8,152,42,113,32,50,55,75
2024-05,Kartal,Asian,mid,47135,1473,50811,198,165,45,56,32,50,55,75
2024-06,Kartal,Asian,mid,47355,1480,53651,198.9,40,7,119,32,50,55,75
2024-07,Kartal,Asian,mid,52306,1538,57804,219.7,137,58,18,34,50,55,49
2024-08,Kartal,Asian,mid,50434,1483,56178,211.8,103,69,28,34,50,55,49
2024-09,Kartal,Asian,mid,51479,1514,55111,216.2,154,30,25,34,50,55,49
2024-10,Kartal,Asian,mid,48906,1438,54143,205.4,159,78,53,34,50,55,49
2024-11,Kartal,Asian,mid,49093,1444,53225,206.2,151,56,22,34,50,55,49
2024-12,Kartal,Asian,mid,48537,1428,52991,203.9,86,35,22,34,50,55,49
2025-01,Kartal,Asian,mid,55591,1544,61325,233.5,176,66,35,36,47.5,52.5,36
2025-02,Kartal,Asian,mid,55827,1551,61366,234.5,105,44,102,36,47.5,52.5,36
2025-03,Kartal,Asian,mid,52973,1471,58562,222.5,160,79,60,36,47.5,52.5,36
2025-04,Kartal,Asian,mid,51766,1438,57347,217.4,59,20,99,36,47.5,52.5,36
2025-05,Kartal,Asian,mid,54036,1501,58215,227,98,55,90,36,47.5,52.5,36
2025-06,Kartal,Asian,mid,52669,1463,59912,221.2,33,36,40,36,47.5,52.5,36
2025-07,Kartal,Asian,mid,55781,1528,64628,234.3,176,8,64,36.5,45,50,30
2025-08,Kartal,Asian,mid,56243,1541,62791,236.2,122,43,76,36.5,45,50,30
2025-09,Kartal,Asian,mid,57459,1574,65721,241.3,43,55,21,36.5,45,50,30
2025-10,Kartal,Asian,mid,55389,1517,60285,232.6,69,6,62,36.5,45,50,30
2025-11,Kartal,Asian,mid,55475,1520,62765,233,54,27,111,36.5,45,50,30
2025-12,Kartal,Asian,mid,53901,1477,58674,226.4,177,8,57,36.5,45,50,30
2026-01,Kartal,Asian,mid,55792,1529,61409,234.3,125,61,81,36.5,45,50,30
2026-02,Kartal,Asian,mid,55422,1518,61534,232.8,32,71,80,36.5,45,50,30
2026-03,Kartal,Asian,mid,54844,1503,59216,230.3,21,42,114,36.5,45,50,30
2026-04,Kartal,Asian,mid,57275,1569,62774,240.6,132,23,39,36.5,45,50,30
2020-01,Pendik,Asian,affordable,1887,304,2147,7.9,134,44,67,6.2,10.75,15.75,11
2020-02,Pendik,Asian,affordable,1822,294,2025,7.7,102,67,65,6.2,10.75,15.75,11
2020-03,Pendik,Asian,affordable,1894,305,2032,8,78,33,100,6.2,10.75,15.75,11
2020-04,Pendik,Asian,affordable,2289,327,2490,9.6,147,30,15,7,8.25,13.25,11
2020-05,Pendik,Asian,affordable,2107,301,2333,8.9,179,9,52,7,8.25,13.25,11
2020-06,Pendik,Asian,affordable,2252,322,2435,9.5,88,31,93,7,8.25,13.25,11
2020-07,Pendik,Asian,affordable,2095,299,2224,8.8,43,70,12,7,8.25,13.25,14
2020-08,Pendik,Asian,affordable,2109,301,2397,8.9,106,57,15,7,8.25,13.25,14
2020-09,Pendik,Asian,affordable,2239,320,2468,9.4,33,61,21,7,8.25,13.25,14
2020-10,Pendik,Asian,affordable,2866,382,3257,12,98,68,48,7.5,10.25,15.25,14
2020-11,Pendik,Asian,affordable,2844,379,3144,11.9,175,79,69,7.5,10.25,15.25,14
2020-12,Pendik,Asian,affordable,2992,399,3287,12.6,32,37,89,7.5,10.25,15.25,14
2021-01,Pendik,Asian,affordable,3853,514,4275,16.2,93,30,70,7.5,17,22,19.5
2021-02,Pendik,Asian,affordable,3816,509,4160,16,89,6,118,7.5,17,22,19.5
2021-03,Pendik,Asian,affordable,4016,535,4462,16.9,156,36,84,7.5,17,22,19.5
2021-04,Pendik,Asian,affordable,4148,488,4511,17.4,100,52,64,8.5,19,24,19.5
2021-05,Pendik,Asian,affordable,3896,458,4207,16.4,174,79,107,8.5,19,24,19.5
2021-06,Pendik,Asian,affordable,3999,470,4503,16.8,106,20,74,8.5,19,24,19.5
2021-07,Pendik,Asian,affordable,5856,689,6566,24.6,33,75,100,8.5,19,24,19.5
2021-08,Pendik,Asian,affordable,5828,686,6585,24.5,126,40,63,8.5,19,24,19.5
2021-09,Pendik,Asian,affordable,5832,686,6466,24.5,40,75,81,8.5,19,24,19.5
2021-10,Pendik,Asian,affordable,5832,530,6387,24.5,56,45,116,11,14,19,54
2021-11,Pendik,Asian,affordable,6287,572,6739,26.4,45,27,62,11,14,19,54
2021-12,Pendik,Asian,affordable,5745,522,6093,24.1,16,55,118,11,14,19,54
2022-01,Pendik,Asian,affordable,11688,806,12959,49.1,165,50,103,14.5,14,19,54
2022-02,Pendik,Asian,affordable,12086,834,12959,50.8,61,34,13,14.5,14,19,54
2022-03,Pendik,Asian,affordable,11968,825,12981,50.3,153,57,115,14.5,14,19,54
2022-04,Pendik,Asian,affordable,11359,668,12672,47.7,161,54,69,17,14,19,80
2022-05,Pendik,Asian,affordable,11497,676,12547,48.3,18,37,26,17,14,19,80
2022-06,Pendik,Asian,affordable,12096,712,12894,50.8,52,54,98,17,14,19,80
2022-07,Pendik,Asian,affordable,17828,1049,19484,74.9,169,25,109,17,12,17,80
2022-08,Pendik,Asian,affordable,17291,1017,19331,72.6,25,42,79,17,12,17,80
2022-09,Pendik,Asian,affordable,17856,1050,19604,75,161,79,75,17,12,17,80
2022-10,Pendik,Asian,affordable,17479,935,19157,73.4,156,28,43,18.7,9,14,64
2022-11,Pendik,Asian,affordable,17986,962,19869,75.5,18,62,79,18.7,9,14,64
2022-12,Pendik,Asian,affordable,18070,966,20461,75.9,109,9,97,18.7,9,14,64
2023-01,Pendik,Asian,affordable,24614,1172,27829,103.4,161,70,61,21,8.5,13.5,39
2023-02,Pendik,Asian,affordable,24994,1190,27391,105,30,70,40,21,8.5,13.5,39
2023-03,Pendik,Asian,affordable,25156,1198,26779,105.7,171,71,39,21,8.5,13.5,39
2023-04,Pendik,Asian,affordable,24169,1151,25916,101.5,34,78,14,21,8.5,13.5,39
2023-05,Pendik,Asian,affordable,24371,1161,26869,102.4,139,59,117,21,8.5,13.5,39
2023-06,Pendik,Asian,affordable,24047,1145,27081,101,99,23,116,21,8.5,13.5,39
2023-07,Pendik,Asian,affordable,30803,1162,33794,129.4,125,61,28,26.5,25,30,65
2023-08,Pendik,Asian,affordable,31863,1202,35365,133.8,161,50,93,26.5,25,30,65
2023-09,Pendik,Asian,affordable,30239,1141,33983,127,165,16,37,26.5,25,30,65
2023-10,Pendik,Asian,affordable,31775,1096,35268,133.5,142,65,97,29,42.5,47.5,65
2023-11,Pendik,Asian,affordable,30835,1063,34727,129.5,79,55,96,29,42.5,47.5,65
2023-12,Pendik,Asian,affordable,31463,1085,32861,132.1,152,68,80,29,42.5,47.5,65
2024-01,Pendik,Asian,affordable,35222,1101,39748,147.9,161,58,109,32,50,55,75
2024-02,Pendik,Asian,affordable,35354,1105,40804,148.5,166,63,78,32,50,55,75
2024-03,Pendik,Asian,affordable,36731,1148,39929,154.3,35,14,22,32,50,55,75
2024-04,Pendik,Asian,affordable,37665,1177,40275,158.2,97,56,49,32,50,55,75
2024-05,Pendik,Asian,affordable,34812,1088,39853,146.2,20,18,102,32,50,55,75
2024-06,Pendik,Asian,affordable,33849,1058,35905,142.2,160,24,40,32,50,55,75
2024-07,Pendik,Asian,affordable,37714,1109,40362,158.4,162,78,53,34,50,55,49
2024-08,Pendik,Asian,affordable,37921,1115,42910,159.3,114,21,42,34,50,55,49
2024-09,Pendik,Asian,affordable,38509,1133,41384,161.7,21,51,43,34,50,55,49
2024-10,Pendik,Asian,affordable,38205,1124,41099,160.5,53,22,37,34,50,55,49
2024-11,Pendik,Asian,affordable,37251,1096,41331,156.5,113,38,47,34,50,55,49
2024-12,Pendik,Asian,affordable,37539,1104,40267,157.7,173,41,106,34,50,55,49
2025-01,Pendik,Asian,affordable,43155,1199,47786,181.3,102,51,97,36,47.5,52.5,36
2025-02,Pendik,Asian,affordable,41378,1149,46974,173.8,23,45,113,36,47.5,52.5,36
2025-03,Pendik,Asian,affordable,40761,1132,44881,171.2,51,34,118,36,47.5,52.5,36
2025-04,Pendik,Asian,affordable,38838,1079,43394,163.1,144,20,94,36,47.5,52.5,36
2025-05,Pendik,Asian,affordable,40789,1133,42824,171.3,21,33,61,36,47.5,52.5,36
2025-06,Pendik,Asian,affordable,40619,1128,43169,170.6,63,29,72,36,47.5,52.5,36
2025-07,Pendik,Asian,affordable,43649,1196,47125,183.3,56,10,18,36.5,45,50,30
2025-08,Pendik,Asian,affordable,42671,1169,46601,179.2,36,68,60,36.5,45,50,30
2025-09,Pendik,Asian,affordable,42302,1159,46731,177.7,109,42,38,36.5,45,50,30
2025-10,Pendik,Asian,affordable,41404,1134,43373,173.9,162,23,24,36.5,45,50,30
2025-11,Pendik,Asian,affordable,42894,1175,48018,180.2,22,23,25,36.5,45,50,30
2025-12,Pendik,Asian,affordable,43362,1188,47739,182.1,17,76,63,36.5,45,50,30
2026-01,Pendik,Asian,affordable,42711,1170,46463,179.4,129,28,93,36.5,45,50,30
2026-02,Pendik,Asian,affordable,42448,1163,46520,178.3,107,43,17,36.5,45,50,30
2026-03,Pendik,Asian,affordable,44242,1212,48125,185.8,130,47,56,36.5,45,50,30
2026-04,Pendik,Asian,affordable,41980,1150,46662,176.3,30,19,90,36.5,45,50,30
2020-01,Tuzla,Asian,affordable,1726,278,1910,7.2,51,40,73,6.2,10.75,15.75,11
2020-02,Tuzla,Asian,affordable,1662,268,1853,7,60,79,84,6.2,10.75,15.75,11
2020-03,Tuzla,Asian,affordable,1628,263,1792,6.8,75,77,38,6.2,10.75,15.75,11
2020-04,Tuzla,Asian,affordable,1979,283,2227,8.3,76,75,20,7,8.25,13.25,11
2020-05,Tuzla,Asian,affordable,2041,292,2130,8.6,67,18,75,7,8.25,13.25,11
2020-06,Tuzla,Asian,affordable,2017,288,2262,8.5,69,76,45,7,8.25,13.25,11
2020-07,Tuzla,Asian,affordable,1938,277,2202,8.1,106,24,114,7,8.25,13.25,14
2020-08,Tuzla,Asian,affordable,2127,304,2391,8.9,40,10,116,7,8.25,13.25,14
2020-09,Tuzla,Asian,affordable,2039,291,2294,8.6,169,72,79,7,8.25,13.25,14
2020-10,Tuzla,Asian,affordable,2700,360,3030,11.3,154,42,111,7.5,10.25,15.25,14
2020-11,Tuzla,Asian,affordable,2599,346,2825,10.9,70,50,44,7.5,10.25,15.25,14
2020-12,Tuzla,Asian,affordable,2628,350,2992,11,152,49,107,7.5,10.25,15.25,14
2021-01,Tuzla,Asian,affordable,3699,493,4087,15.5,30,51,45,7.5,17,22,19.5
2021-02,Tuzla,Asian,affordable,3439,458,3752,14.4,62,47,17,7.5,17,22,19.5
2021-03,Tuzla,Asian,affordable,3752,500,4145,15.8,151,40,77,7.5,17,22,19.5
2021-04,Tuzla,Asian,affordable,3616,425,3869,15.2,112,20,19,8.5,19,24,19.5
2021-05,Tuzla,Asian,affordable,3717,437,4244,15.6,115,18,57,8.5,19,24,19.5
2021-06,Tuzla,Asian,affordable,3661,431,3847,15.4,50,38,18,8.5,19,24,19.5
2021-07,Tuzla,Asian,affordable,5517,649,6348,23.2,131,9,83,8.5,19,24,19.5
2021-08,Tuzla,Asian,affordable,5372,632,5792,22.6,153,65,97,8.5,19,24,19.5
2021-09,Tuzla,Asian,affordable,5450,641,6134,22.9,27,55,78,8.5,19,24,19.5
2021-10,Tuzla,Asian,affordable,5173,470,5680,21.7,36,69,16,11,14,19,54
2021-11,Tuzla,Asian,affordable,5444,495,5856,22.9,78,60,55,11,14,19,54
2021-12,Tuzla,Asian,affordable,5287,481,5864,22.2,129,73,68,11,14,19,54
2022-01,Tuzla,Asian,affordable,10493,724,11674,44.1,50,34,86,14.5,14,19,54
2022-02,Tuzla,Asian,affordable,10963,756,11951,46,84,41,86,14.5,14,19,54
2022-03,Tuzla,Asian,affordable,10676,736,11776,44.8,173,56,35,14.5,14,19,54
2022-04,Tuzla,Asian,affordable,10584,623,11661,44.5,144,29,80,17,14,19,80
2022-05,Tuzla,Asian,affordable,10555,621,11523,44.3,90,36,62,17,14,19,80
2022-06,Tuzla,Asian,affordable,10170,598,11024,42.7,130,53,114,17,14,19,80
2022-07,Tuzla,Asian,affordable,16288,958,17282,68.4,26,45,69,17,12,17,80
2022-08,Tuzla,Asian,affordable,16359,962,18066,68.7,116,65,70,17,12,17,80
2022-09,Tuzla,Asian,affordable,16314,960,17568,68.5,147,40,22,17,12,17,80
2022-10,Tuzla,Asian,affordable,16671,892,18210,70,82,70,95,18.7,9,14,64
2022-11,Tuzla,Asian,affordable,16819,899,18859,70.6,102,42,119,18.7,9,14,64
2022-12,Tuzla,Asian,affordable,16463,880,17057,69.1,65,52,94,18.7,9,14,64
2023-01,Tuzla,Asian,affordable,22256,1060,25271,93.5,56,70,64,21,8.5,13.5,39
2023-02,Tuzla,Asian,affordable,23497,1119,25031,98.7,66,23,58,21,8.5,13.5,39
2023-03,Tuzla,Asian,affordable,21893,1043,23307,91.9,113,43,24,21,8.5,13.5,39
2023-04,Tuzla,Asian,affordable,23419,1115,26232,98.4,162,45,39,21,8.5,13.5,39
2023-05,Tuzla,Asian,affordable,22772,1084,25620,95.6,97,59,79,21,8.5,13.5,39
2023-06,Tuzla,Asian,affordable,23451,1117,26174,98.5,121,67,69,21,8.5,13.5,39
2023-07,Tuzla,Asian,affordable,28155,1062,31382,118.2,93,48,81,26.5,25,30,65
2023-08,Tuzla,Asian,affordable,27898,1053,31627,117.2,22,68,55,26.5,25,30,65
2023-09,Tuzla,Asian,affordable,28157,1063,30020,118.3,96,77,98,26.5,25,30,65
2023-10,Tuzla,Asian,affordable,28402,979,31609,119.3,127,11,58,29,42.5,47.5,65
2023-11,Tuzla,Asian,affordable,27191,938,30323,114.2,134,18,85,29,42.5,47.5,65
2023-12,Tuzla,Asian,affordable,28642,988,32454,120.3,54,75,33,29,42.5,47.5,65
2024-01,Tuzla,Asian,affordable,31886,996,35817,133.9,45,21,109,32,50,55,75
2024-02,Tuzla,Asian,affordable,32897,1028,35532,138.2,69,39,72,32,50,55,75
2024-03,Tuzla,Asian,affordable,32852,1027,35472,138,128,29,114,32,50,55,75
2024-04,Tuzla,Asian,affordable,31852,995,35705,133.8,165,43,52,32,50,55,75
2024-05,Tuzla,Asian,affordable,32542,1017,37426,136.7,88,26,54,32,50,55,75
2024-06,Tuzla,Asian,affordable,32649,1020,36212,137.1,150,14,13,32,50,55,75
2024-07,Tuzla,Asian,affordable,34566,1017,38477,145.2,172,67,18,34,50,55,49
2024-08,Tuzla,Asian,affordable,33935,998,37421,142.5,86,23,55,34,50,55,49
2024-09,Tuzla,Asian,affordable,35893,1056,39099,150.8,31,17,91,34,50,55,49
2024-10,Tuzla,Asian,affordable,35304,1038,37886,148.3,176,23,97,34,50,55,49
2024-11,Tuzla,Asian,affordable,34925,1027,38771,146.7,38,47,116,34,50,55,49
2024-12,Tuzla,Asian,affordable,35241,1037,38330,148,49,61,12,34,50,55,49
2025-01,Tuzla,Asian,affordable,36190,1005,39906,152,17,10,91,36,47.5,52.5,36
2025-02,Tuzla,Asian,affordable,37363,1038,41448,156.9,127,43,102,36,47.5,52.5,36
2025-03,Tuzla,Asian,affordable,35734,993,40077,150.1,166,40,80,36,47.5,52.5,36
2025-04,Tuzla,Asian,affordable,37427,1040,41446,157.2,67,24,38,36,47.5,52.5,36
2025-05,Tuzla,Asian,affordable,35087,975,37553,147.4,154,79,37,36,47.5,52.5,36
2025-06,Tuzla,Asian,affordable,36636,1018,39864,153.9,78,31,20,36,47.5,52.5,36
2025-07,Tuzla,Asian,affordable,40972,1123,46487,172.1,122,63,117,36.5,45,50,30
2025-08,Tuzla,Asian,affordable,38889,1065,44089,163.3,41,37,10,36.5,45,50,30
2025-09,Tuzla,Asian,affordable,38864,1065,45300,163.2,115,48,11,36.5,45,50,30
2025-10,Tuzla,Asian,affordable,39379,1079,43144,165.4,49,63,85,36.5,45,50,30
2025-11,Tuzla,Asian,affordable,38893,1066,43537,163.4,22,46,94,36.5,45,50,30
2025-12,Tuzla,Asian,affordable,39187,1074,41385,164.6,121,17,100,36.5,45,50,30
2026-01,Tuzla,Asian,affordable,40105,1099,43944,168.4,30,39,79,36.5,45,50,30
2026-02,Tuzla,Asian,affordable,39200,1074,43343,164.6,90,54,100,36.5,45,50,30
2026-03,Tuzla,Asian,affordable,42781,1172,49095,179.7,92,7,111,36.5,45,50,30
2026-04,Tuzla,Asian,affordable,39172,1073,44077,164.5,89,47,97,36.5,45,50,30
2020-01,Sancaktepe,Asian,affordable,1464,236,1650,6.1,178,11,62,6.2,10.75,15.75,11
2020-02,Sancaktepe,Asian,affordable,1523,246,1680,6.4,61,78,105,6.2,10.75,15.75,11
2020-03,Sancaktepe,Asian,affordable,1521,245,1644,6.4,47,37,13,6.2,10.75,15.75,11
2020-04,Sancaktepe,Asian,affordable,1902,272,2128,8,110,74,97,7,8.25,13.25,11
2020-05,Sancaktepe,Asian,affordable,1856,265,2045,7.8,92,11,23,7,8.25,13.25,11
2020-06,Sancaktepe,Asian,affordable,1828,261,1908,7.7,53,10,86,7,8.25,13.25,11
2020-07,Sancaktepe,Asian,affordable,1838,263,2000,7.7,15,57,77,7,8.25,13.25,14
2020-08,Sancaktepe,Asian,affordable,1789,256,2007,7.5,84,8,34,7,8.25,13.25,14
2020-09,Sancaktepe,Asian,affordable,1836,262,1971,7.7,66,77,74,7,8.25,13.25,14
2020-10,Sancaktepe,Asian,affordable,2407,321,2650,10.1,75,37,77,7.5,10.25,15.25,14
2020-11,Sancaktepe,Asian,affordable,2528,337,2574,10.6,53,54,25,7.5,10.25,15.25,14
2020-12,Sancaktepe,Asian,affordable,2431,324,2587,10.2,35,47,13,7.5,10.25,15.25,14
2021-01,Sancaktepe,Asian,affordable,3223,430,3605,13.5,122,53,41,7.5,17,22,19.5
2021-02,Sancaktepe,Asian,affordable,3447,460,3760,14.5,69,67,66,7.5,17,22,19.5
2021-03,Sancaktepe,Asian,affordable,3429,457,3780,14.4,99,37,43,7.5,17,22,19.5
2021-04,Sancaktepe,Asian,affordable,3403,400,3785,14.3,128,71,66,8.5,19,24,19.5
2021-05,Sancaktepe,Asian,affordable,3329,392,3602,14,19,14,35,8.5,19,24,19.5
2021-06,Sancaktepe,Asian,affordable,3231,380,3569,13.6,103,11,21,8.5,19,24,19.5
2021-07,Sancaktepe,Asian,affordable,5035,592,5738,21.1,50,42,88,8.5,19,24,19.5
2021-08,Sancaktepe,Asian,affordable,4909,578,5372,20.6,96,51,62,8.5,19,24,19.5
2021-09,Sancaktepe,Asian,affordable,4820,567,5285,20.2,137,10,56,8.5,19,24,19.5
2021-10,Sancaktepe,Asian,affordable,4733,430,5169,19.9,96,79,115,11,14,19,54
2021-11,Sancaktepe,Asian,affordable,4839,440,5421,20.3,90,32,65,11,14,19,54
2021-12,Sancaktepe,Asian,affordable,4804,437,5363,20.2,21,33,49,11,14,19,54
2022-01,Sancaktepe,Asian,affordable,9866,680,11596,41.4,38,32,80,14.5,14,19,54
2022-02,Sancaktepe,Asian,affordable,9870,681,10685,41.5,116,74,81,14.5,14,19,54
2022-03,Sancaktepe,Asian,affordable,9989,689,10770,42,146,17,73,14.5,14,19,54
2022-04,Sancaktepe,Asian,affordable,9295,547,9990,39,39,26,31,17,14,19,80
2022-05,Sancaktepe,Asian,affordable,9887,582,10895,41.5,81,60,105,17,14,19,80
2022-06,Sancaktepe,Asian,affordable,9963,586,10454,41.8,106,40,39,17,14,19,80
2022-07,Sancaktepe,Asian,affordable,15373,904,17651,64.6,135,70,111,17,12,17,80
2022-08,Sancaktepe,Asian,affordable,15044,885,16766,63.2,158,75,114,17,12,17,80
2022-09,Sancaktepe,Asian,affordable,14619,860,15816,61.4,74,57,115,17,12,17,80
2022-10,Sancaktepe,Asian,affordable,14658,784,16670,61.6,133,56,13,18.7,9,14,64
2022-11,Sancaktepe,Asian,affordable,14907,797,16897,62.6,83,10,34,18.7,9,14,64
2022-12,Sancaktepe,Asian,affordable,14901,797,17130,62.6,176,43,77,18.7,9,14,64
2023-01,Sancaktepe,Asian,affordable,21508,1024,23150,90.3,122,35,100,21,8.5,13.5,39
2023-02,Sancaktepe,Asian,affordable,20415,972,20933,85.7,29,75,106,21,8.5,13.5,39
2023-03,Sancaktepe,Asian,affordable,19969,951,21606,83.9,156,9,34,21,8.5,13.5,39
2023-04,Sancaktepe,Asian,affordable,20304,967,22266,85.3,165,26,47,21,8.5,13.5,39
2023-05,Sancaktepe,Asian,affordable,21279,1013,23322,89.4,123,55,93,21,8.5,13.5,39
2023-06,Sancaktepe,Asian,affordable,20159,960,22023,84.7,78,23,81,21,8.5,13.5,39
2023-07,Sancaktepe,Asian,affordable,26125,986,27803,109.7,82,36,49,26.5,25,30,65
2023-08,Sancaktepe,Asian,affordable,25364,957,28737,106.5,122,60,69,26.5,25,30,65
2023-09,Sancaktepe,Asian,affordable,25684,969,28614,107.9,28,15,34,26.5,25,30,65
2023-10,Sancaktepe,Asian,affordable,26727,922,29187,112.3,31,35,14,29,42.5,47.5,65
2023-11,Sancaktepe,Asian,affordable,26331,908,29001,110.6,57,13,116,29,42.5,47.5,65
2023-12,Sancaktepe,Asian,affordable,24718,852,27278,103.8,167,24,38,29,42.5,47.5,65
2024-01,Sancaktepe,Asian,affordable,29237,914,32060,122.8,31,67,28,32,50,55,75
2024-02,Sancaktepe,Asian,affordable,28264,883,30283,118.7,20,20,91,32,50,55,75
2024-03,Sancaktepe,Asian,affordable,28649,895,31251,120.3,151,39,112,32,50,55,75
2024-04,Sancaktepe,Asian,affordable,29816,932,34152,125.2,22,50,57,32,50,55,75
2024-05,Sancaktepe,Asian,affordable,29969,937,33350,125.9,81,57,63,32,50,55,75
2024-06,Sancaktepe,Asian,affordable,30331,948,33446,127.4,47,60,16,32,50,55,75
2024-07,Sancaktepe,Asian,affordable,31715,933,35327,133.2,15,61,71,34,50,55,49
2024-08,Sancaktepe,Asian,affordable,30818,906,33610,129.4,32,64,69,34,50,55,49
2024-09,Sancaktepe,Asian,affordable,33655,990,37546,141.4,167,78,114,34,50,55,49
2024-10,Sancaktepe,Asian,affordable,31296,920,33478,131.4,122,43,97,34,50,55,49
2024-11,Sancaktepe,Asian,affordable,31278,920,35742,131.4,133,19,13,34,50,55,49
2024-12,Sancaktepe,Asian,affordable,31827,936,34368,133.7,179,63,103,34,50,55,49
2025-01,Sancaktepe,Asian,affordable,35107,975,40118,147.4,31,72,90,36,47.5,52.5,36
2025-02,Sancaktepe,Asian,affordable,33545,932,38070,140.9,179,71,84,36,47.5,52.5,36
2025-03,Sancaktepe,Asian,affordable,33371,927,37299,140.2,36,50,62,36,47.5,52.5,36
2025-04,Sancaktepe,Asian,affordable,35114,975,38491,147.5,69,73,74,36,47.5,52.5,36
2025-05,Sancaktepe,Asian,affordable,35776,994,40271,150.3,36,68,50,36,47.5,52.5,36
2025-06,Sancaktepe,Asian,affordable,33272,924,35837,139.7,176,58,80,36,47.5,52.5,36
2025-07,Sancaktepe,Asian,affordable,35694,978,39388,149.9,129,40,45,36.5,45,50,30
2025-08,Sancaktepe,Asian,affordable,35441,971,37818,148.9,116,63,41,36.5,45,50,30
2025-09,Sancaktepe,Asian,affordable,37741,1034,42521,158.5,131,20,43,36.5,45,50,30
2025-10,Sancaktepe,Asian,affordable,36551,1001,41835,153.5,99,56,42,36.5,45,50,30
2025-11,Sancaktepe,Asian,affordable,35183,964,38409,147.8,108,46,18,36.5,45,50,30
2025-12,Sancaktepe,Asian,affordable,35777,980,40808,150.3,22,76,41,36.5,45,50,30
2026-01,Sancaktepe,Asian,affordable,36365,996,38082,152.7,112,56,27,36.5,45,50,30
2026-02,Sancaktepe,Asian,affordable,35041,960,38745,147.2,63,55,22,36.5,45,50,30
2026-03,Sancaktepe,Asian,affordable,38504,1055,40470,161.7,60,29,94,36.5,45,50,30
2026-04,Sancaktepe,Asian,affordable,35368,969,40660,148.5,137,71,19,36.5,45,50,30
2020-01,Çekmeköy,Asian,mid,1833,296,1930,7.7,87,74,53,6.2,10.75,15.75,11
2020-02,Çekmeköy,Asian,mid,1774,286,1914,7.4,155,29,27,6.2,10.75,15.75,11
2020-03,Çekmeköy,Asian,mid,1803,291,1987,7.6,38,14,51,6.2,10.75,15.75,11
2020-04,Çekmeköy,Asian,mid,2120,303,2325,8.9,78,11,72,7,8.25,13.25,11
2020-05,Çekmeköy,Asian,mid,2225,318,2454,9.3,78,59,89,7,8.25,13.25,11
2020-06,Çekmeköy,Asian,mid,2216,317,2408,9.3,102,60,77,7,8.25,13.25,11
2020-07,Çekmeköy,Asian,mid,2163,309,2392,9.1,45,42,97,7,8.25,13.25,14
2020-08,Çekmeköy,Asian,mid,2286,327,2485,9.6,174,25,57,7,8.25,13.25,14
2020-09,Çekmeköy,Asian,mid,2102,300,2215,8.8,142,17,30,7,8.25,13.25,14
2020-10,Çekmeköy,Asian,mid,3034,405,3304,12.7,151,53,76,7.5,10.25,15.25,14
2020-11,Çekmeköy,Asian,mid,2814,375,3134,11.8,110,24,47,7.5,10.25,15.25,14
2020-12,Çekmeköy,Asian,mid,2921,390,3365,12.3,72,59,82,7.5,10.25,15.25,14
2021-01,Çekmeköy,Asian,mid,3914,522,4479,16.4,65,60,10,7.5,17,22,19.5
2021-02,Çekmeköy,Asian,mid,4000,533,4286,16.8,162,10,39,7.5,17,22,19.5
2021-03,Çekmeköy,Asian,mid,3893,519,4327,16.4,19,61,89,7.5,17,22,19.5
2021-04,Çekmeköy,Asian,mid,3929,462,4368,16.5,94,14,35,8.5,19,24,19.5
2021-05,Çekmeköy,Asian,mid,3883,457,4229,16.3,79,13,77,8.5,19,24,19.5
2021-06,Çekmeköy,Asian,mid,4002,471,4508,16.8,176,54,73,8.5,19,24,19.5
2021-07,Çekmeköy,Asian,mid,6017,708,6385,25.3,19,62,18,8.5,19,24,19.5
2021-08,Çekmeköy,Asian,mid,5682,668,6328,23.9,93,23,52,8.5,19,24,19.5
2021-09,Çekmeköy,Asian,mid,5798,682,6306,24.4,175,70,109,8.5,19,24,19.5
2021-10,Çekmeköy,Asian,mid,5943,540,6486,25,29,33,108,11,14,19,54
2021-11,Çekmeköy,Asian,mid,5795,527,6394,24.3,75,8,38,11,14,19,54
2021-12,Çekmeköy,Asian,mid,5847,532,6679,24.6,32,29,111,11,14,19,54
2022-01,Çekmeköy,Asian,mid,10963,756,11704,46,31,73,104,14.5,14,19,54
2022-02,Çekmeköy,Asian,mid,11586,799,12776,48.7,122,48,74,14.5,14,19,54
2022-03,Çekmeköy,Asian,mid,11273,777,12288,47.3,100,71,82,14.5,14,19,54
2022-04,Çekmeköy,Asian,mid,12254,721,12961,51.5,63,31,76,17,14,19,80
2022-05,Çekmeköy,Asian,mid,11360,668,11335,47.7,78,49,107,17,14,19,80
2022-06,Çekmeköy,Asian,mid,11083,652,12725,46.5,147,44,37,17,14,19,80
2022-07,Çekmeköy,Asian,mid,18240,1073,19930,76.6,45,17,41,17,12,17,80
2022-08,Çekmeköy,Asian,mid,17753,1044,20697,74.6,164,46,40,17,12,17,80
2022-09,Çekmeköy,Asian,mid,18124,1066,20169,76.1,161,31,110,17,12,17,80
2022-10,Çekmeköy,Asian,mid,18692,1000,20219,78.5,19,63,76,18.7,9,14,64
2022-11,Çekmeköy,Asian,mid,17896,957,18881,75.2,20,59,32,18.7,9,14,64
2022-12,Çekmeköy,Asian,mid,18511,990,20190,77.7,129,17,89,18.7,9,14,64
2023-01,Çekmeköy,Asian,mid,24854,1184,27498,104.4,88,48,63,21,8.5,13.5,39
2023-02,Çekmeköy,Asian,mid,24807,1181,26479,104.2,153,23,102,21,8.5,13.5,39
2023-03,Çekmeköy,Asian,mid,25306,1205,29020,106.3,141,69,37,21,8.5,13.5,39
2023-04,Çekmeköy,Asian,mid,23714,1129,26931,99.6,119,6,18,21,8.5,13.5,39
2023-05,Çekmeköy,Asian,mid,23883,1137,25802,100.3,81,62,36,21,8.5,13.5,39
2023-06,Çekmeköy,Asian,mid,24054,1145,25752,101,131,33,31,21,8.5,13.5,39
2023-07,Çekmeköy,Asian,mid,31112,1174,33638,130.7,75,67,103,26.5,25,30,65
2023-08,Çekmeköy,Asian,mid,29682,1120,32475,124.7,31,75,59,26.5,25,30,65
2023-09,Çekmeköy,Asian,mid,30948,1168,33900,130,123,71,50,26.5,25,30,65
2023-10,Çekmeköy,Asian,mid,30039,1036,33802,126.2,141,7,61,29,42.5,47.5,65
2023-11,Çekmeköy,Asian,mid,29983,1034,32427,125.9,15,26,87,29,42.5,47.5,65
2023-12,Çekmeköy,Asian,mid,30274,1044,33480,127.2,82,62,25,29,42.5,47.5,65
2024-01,Çekmeköy,Asian,mid,36020,1126,38636,151.3,171,51,26,32,50,55,75
2024-02,Çekmeköy,Asian,mid,36037,1126,37808,151.4,131,79,58,32,50,55,75
2024-03,Çekmeköy,Asian,mid,35297,1103,40481,148.2,155,69,17,32,50,55,75
2024-04,Çekmeköy,Asian,mid,35143,1098,39985,147.6,127,59,61,32,50,55,75
2024-05,Çekmeköy,Asian,mid,35561,1111,40024,149.4,101,21,25,32,50,55,75
2024-06,Çekmeköy,Asian,mid,34751,1086,37532,146,81,14,57,32,50,55,75
2024-07,Çekmeköy,Asian,mid,39689,1167,43456,166.7,69,5,33,34,50,55,49
2024-08,Çekmeköy,Asian,mid,37410,1100,40397,157.1,118,43,93,34,50,55,49
2024-09,Çekmeköy,Asian,mid,36679,1079,41274,154.1,157,79,51,34,50,55,49
2024-10,Çekmeköy,Asian,mid,38383,1129,42317,161.2,167,35,15,34,50,55,49
2024-11,Çekmeköy,Asian,mid,37972,1117,42797,159.5,132,78,52,34,50,55,49
2024-12,Çekmeköy,Asian,mid,37219,1095,41624,156.3,15,41,71,34,50,55,49
2025-01,Çekmeköy,Asian,mid,41580,1155,47829,174.6,139,51,14,36,47.5,52.5,36
2025-02,Çekmeköy,Asian,mid,39505,1097,43314,165.9,53,60,88,36,47.5,52.5,36
2025-03,Çekmeköy,Asian,mid,41797,1161,46984,175.5,41,68,75,36,47.5,52.5,36
2025-04,Çekmeköy,Asian,mid,41075,1141,45982,172.5,32,32,30,36,47.5,52.5,36
2025-05,Çekmeköy,Asian,mid,40448,1124,45350,169.9,68,5,74,36,47.5,52.5,36
2025-06,Çekmeköy,Asian,mid,39057,1085,43637,164,71,20,108,36,47.5,52.5,36
2025-07,Çekmeköy,Asian,mid,43047,1179,45408,180.8,157,33,82,36.5,45,50,30
2025-08,Çekmeköy,Asian,mid,41912,1148,45699,176,139,10,25,36.5,45,50,30
2025-09,Çekmeköy,Asian,mid,44143,1209,47904,185.4,37,21,80,36.5,45,50,30
2025-10,Çekmeköy,Asian,mid,43064,1180,47232,180.9,157,75,103,36.5,45,50,30
2025-11,Çekmeköy,Asian,mid,41818,1146,45670,175.6,55,37,54,36.5,45,50,30
2025-12,Çekmeköy,Asian,mid,42117,1154,45516,176.9,66,69,50,36.5,45,50,30
2026-01,Çekmeköy,Asian,mid,44603,1222,47959,187.3,54,64,64,36.5,45,50,30
2026-02,Çekmeköy,Asian,mid,42820,1173,47872,179.8,83,20,104,36.5,45,50,30
2026-03,Çekmeköy,Asian,mid,41064,1125,46287,172.5,134,9,45,36.5,45,50,30
2026-04,Çekmeköy,Asian,mid,42671,1169,47496,179.2,53,48,97,36.5,45,50,30
2020-01,Beykoz,Asian,premium,2637,425,2868,11.1,71,6,81,6.2,10.75,15.75,11
2020-02,Beykoz,Asian,premium,2542,410,2861,10.7,123,55,43,6.2,10.75,15.75,11
2020-03,Beykoz,Asian,premium,2586,417,2771,10.9,81,39,108,6.2,10.75,15.75,11
2020-04,Beykoz,Asian,premium,3106,444,3523,13,86,56,16,7,8.25,13.25,11
2020-05,Beykoz,Asian,premium,3200,457,3565,13.4,112,35,81,7,8.25,13.25,11
2020-06,Beykoz,Asian,premium,3172,453,3276,13.3,18,50,81,7,8.25,13.25,11
2020-07,Beykoz,Asian,premium,3154,451,3467,13.2,37,75,33,7,8.25,13.25,14
2020-08,Beykoz,Asian,premium,3026,432,3311,12.7,69,23,58,7,8.25,13.25,14
2020-09,Beykoz,Asian,premium,3319,474,3527,13.9,166,75,117,7,8.25,13.25,14
2020-10,Beykoz,Asian,premium,4346,579,4655,18.3,121,6,12,7.5,10.25,15.25,14
2020-11,Beykoz,Asian,premium,4297,573,4704,18,128,74,75,7.5,10.25,15.25,14
2020-12,Beykoz,Asian,premium,3948,526,4128,16.6,144,13,102,7.5,10.25,15.25,14
2021-01,Beykoz,Asian,premium,5606,747,6016,23.5,50,26,113,7.5,17,22,19.5
2021-02,Beykoz,Asian,premium,5673,756,6473,23.8,58,69,81,7.5,17,22,19.5
2021-03,Beykoz,Asian,premium,5595,746,6019,23.5,153,29,39,7.5,17,22,19.5
2021-04,Beykoz,Asian,premium,5669,667,6264,23.8,109,33,41,8.5,19,24,19.5
2021-05,Beykoz,Asian,premium,5636,663,6083,23.7,36,21,80,8.5,19,24,19.5
2021-06,Beykoz,Asian,premium,5797,682,6445,24.3,45,9,93,8.5,19,24,19.5
2021-07,Beykoz,Asian,premium,8182,963,9017,34.4,133,45,82,8.5,19,24,19.5
2021-08,Beykoz,Asian,premium,8390,987,9192,35.2,111,40,63,8.5,19,24,19.5
2021-09,Beykoz,Asian,premium,8569,1008,9396,36,168,78,102,8.5,19,24,19.5
2021-10,Beykoz,Asian,premium,8536,776,9379,35.9,92,12,95,11,14,19,54
2021-11,Beykoz,Asian,premium,8344,759,9016,35,172,78,12,11,14,19,54
2021-12,Beykoz,Asian,premium,8459,769,9050,35.5,92,44,71,11,14,19,54
2022-01,Beykoz,Asian,premium,16678,1150,19236,70,164,14,56,14.5,14,19,54
2022-02,Beykoz,Asian,premium,16917,1167,18394,71.1,116,74,30,14.5,14,19,54
2022-03,Beykoz,Asian,premium,17263,1191,18507,72.5,81,11,99,14.5,14,19,54
2022-04,Beykoz,Asian,premium,17474,1028,20272,73.4,29,19,74,17,14,19,80
2022-05,Beykoz,Asian,premium,16302,959,17383,68.5,21,47,33,17,14,19,80
2022-06,Beykoz,Asian,premium,16182,952,18107,68,81,23,23,17,14,19,80
2022-07,Beykoz,Asian,premium,27923,1643,31433,117.3,62,26,73,17,12,17,80
2022-08,Beykoz,Asian,premium,25584,1505,28230,107.5,73,31,64,17,12,17,80
2022-09,Beykoz,Asian,premium,26486,1558,29807,111.2,107,54,22,17,12,17,80
2022-10,Beykoz,Asian,premium,25611,1370,26768,107.6,66,14,84,18.7,9,14,64
2022-11,Beykoz,Asian,premium,26641,1425,28700,111.9,106,69,85,18.7,9,14,64
2022-12,Beykoz,Asian,premium,26835,1435,28831,112.7,124,76,51,18.7,9,14,64
2023-01,Beykoz,Asian,premium,34153,1626,36049,143.4,96,48,80,21,8.5,13.5,39
2023-02,Beykoz,Asian,premium,34761,1655,38974,146,51,68,92,21,8.5,13.5,39
2023-03,Beykoz,Asian,premium,34135,1625,37730,143.4,73,7,92,21,8.5,13.5,39
2023-04,Beykoz,Asian,premium,34587,1647,36136,145.3,71,37,107,21,8.5,13.5,39
2023-05,Beykoz,Asian,premium,35161,1674,39605,147.7,86,76,82,21,8.5,13.5,39
2023-06,Beykoz,Asian,premium,37498,1786,41278,157.5,151,47,98,21,8.5,13.5,39
2023-07,Beykoz,Asian,premium,46061,1738,53641,193.5,39,38,62,26.5,25,30,65
2023-08,Beykoz,Asian,premium,46172,1742,49403,193.9,46,13,73,26.5,25,30,65
2023-09,Beykoz,Asian,premium,43979,1660,48942,184.7,47,29,38,26.5,25,30,65
2023-10,Beykoz,Asian,premium,42788,1475,46591,179.7,126,53,56,29,42.5,47.5,65
2023-11,Beykoz,Asian,premium,43427,1497,46993,182.4,52,68,102,29,42.5,47.5,65
2023-12,Beykoz,Asian,premium,43388,1496,48178,182.2,16,64,55,29,42.5,47.5,65
2024-01,Beykoz,Asian,premium,52605,1644,57618,220.9,99,19,80,32,50,55,75
2024-02,Beykoz,Asian,premium,50994,1594,56619,214.2,86,7,67,32,50,55,75
2024-03,Beykoz,Asian,premium,49960,1561,54902,209.8,153,5,74,32,50,55,75
2024-04,Beykoz,Asian,premium,50244,1570,55057,211,114,28,74,32,50,55,75
2024-05,Beykoz,Asian,premium,49450,1545,52763,207.7,55,21,38,32,50,55,75
2024-06,Beykoz,Asian,premium,49620,1551,56635,208.4,159,68,55,32,50,55,75
2024-07,Beykoz,Asian,premium,53761,1581,59350,225.8,93,18,62,34,50,55,49
2024-08,Beykoz,Asian,premium,56064,1649,61209,235.5,87,27,47,34,50,55,49
2024-09,Beykoz,Asian,premium,53474,1573,59376,224.6,64,56,88,34,50,55,49
2024-10,Beykoz,Asian,premium,52922,1557,60865,222.3,41,31,23,34,50,55,49
2024-11,Beykoz,Asian,premium,55498,1632,61439,233.1,32,59,112,34,50,55,49
2024-12,Beykoz,Asian,premium,55124,1621,60654,231.5,49,70,87,34,50,55,49
2025-01,Beykoz,Asian,premium,57445,1596,61684,241.3,62,25,21,36,47.5,52.5,36
2025-02,Beykoz,Asian,premium,56734,1576,61095,238.3,54,54,95,36,47.5,52.5,36
2025-03,Beykoz,Asian,premium,57244,1590,63684,240.4,104,16,71,36,47.5,52.5,36
2025-04,Beykoz,Asian,premium,56511,1570,63945,237.3,163,65,29,36,47.5,52.5,36
2025-05,Beykoz,Asian,premium,60517,1681,68804,254.2,103,68,28,36,47.5,52.5,36
2025-06,Beykoz,Asian,premium,58070,1613,64424,243.9,62,70,75,36,47.5,52.5,36
2025-07,Beykoz,Asian,premium,63365,1736,70537,266.1,34,78,118,36.5,45,50,30
2025-08,Beykoz,Asian,premium,62041,1700,68039,260.6,124,20,31,36.5,45,50,30
2025-09,Beykoz,Asian,premium,61744,1692,70091,259.3,165,20,67,36.5,45,50,30
2025-10,Beykoz,Asian,premium,59265,1624,64713,248.9,89,30,48,36.5,45,50,30
2025-11,Beykoz,Asian,premium,64013,1754,71548,268.9,120,54,44,36.5,45,50,30
2025-12,Beykoz,Asian,premium,61690,1690,66899,259.1,107,48,56,36.5,45,50,30
2026-01,Beykoz,Asian,premium,60016,1644,68338,252.1,108,60,18,36.5,45,50,30
2026-02,Beykoz,Asian,premium,62874,1723,65520,264.1,176,12,113,36.5,45,50,30
2026-03,Beykoz,Asian,premium,63765,1747,69344,267.8,170,17,89,36.5,45,50,30
2026-04,Beykoz,Asian,premium,62500,1712,69049,262.5,151,28,107,36.5,45,50,30
2020-01,Şile,Asian,affordable,1090,176,1193,4.6,84,76,95,6.2,10.75,15.75,11
2020-02,Şile,Asian,affordable,1051,169,1126,4.4,82,10,50,6.2,10.75,15.75,11
2020-03,Şile,Asian,affordable,1021,165,1110,4.3,128,33,111,6.2,10.75,15.75,11
2020-04,Şile,Asian,affordable,1287,184,1404,5.4,122,19,43,7,8.25,13.25,11
2020-05,Şile,Asian,affordable,1244,178,1430,5.2,165,69,30,7,8.25,13.25,11
2020-06,Şile,Asian,affordable,1284,183,1450,5.4,59,59,82,7,8.25,13.25,11
2020-07,Şile,Asian,affordable,1286,184,1452,5.4,150,60,33,7,8.25,13.25,14
2020-08,Şile,Asian,affordable,1280,183,1464,5.4,90,46,56,7,8.25,13.25,14
2020-09,Şile,Asian,affordable,1270,181,1344,5.3,111,47,19,7,8.25,13.25,14
2020-10,Şile,Asian,affordable,1700,227,1931,7.1,152,46,69,7.5,10.25,15.25,14
2020-11,Şile,Asian,affordable,1709,228,1955,7.2,55,66,59,7.5,10.25,15.25,14
2020-12,Şile,Asian,affordable,1723,230,1826,7.2,120,61,88,7.5,10.25,15.25,14
2021-01,Şile,Asian,affordable,2308,308,2648,9.7,87,45,92,7.5,17,22,19.5
2021-02,Şile,Asian,affordable,2256,301,2347,9.5,168,5,98,7.5,17,22,19.5
2021-03,Şile,Asian,affordable,2330,311,2564,9.8,132,37,95,7.5,17,22,19.5
2021-04,Şile,Asian,affordable,2325,274,2566,9.8,61,14,28,8.5,19,24,19.5
2021-05,Şile,Asian,affordable,2343,276,2614,9.8,73,15,99,8.5,19,24,19.5
2021-06,Şile,Asian,affordable,2301,271,2577,9.7,86,34,93,8.5,19,24,19.5
2021-07,Şile,Asian,affordable,3210,378,3578,13.5,25,45,51,8.5,19,24,19.5
2021-08,Şile,Asian,affordable,3250,382,3536,13.7,69,31,38,8.5,19,24,19.5
2021-09,Şile,Asian,affordable,3343,393,3594,14,172,13,35,8.5,19,24,19.5
2021-10,Şile,Asian,affordable,3308,301,3591,13.9,179,40,16,11,14,19,54
2021-11,Şile,Asian,affordable,3313,301,3538,13.9,90,12,57,11,14,19,54
2021-12,Şile,Asian,affordable,3376,307,3768,14.2,16,72,32,11,14,19,54
2022-01,Şile,Asian,affordable,6755,466,7966,28.4,22,38,55,14.5,14,19,54
2022-02,Şile,Asian,affordable,6815,470,7609,28.6,173,16,89,14.5,14,19,54
2022-03,Şile,Asian,affordable,6414,442,7275,26.9,117,63,35,14.5,14,19,54
2022-04,Şile,Asian,affordable,6521,384,7177,27.4,112,44,55,17,14,19,80
2022-05,Şile,Asian,affordable,6625,390,7367,27.8,58,48,31,17,14,19,80
2022-06,Şile,Asian,affordable,6791,399,7185,28.5,115,17,98,17,14,19,80
2022-07,Şile,Asian,affordable,10213,601,10773,42.9,77,36,116,17,12,17,80
2022-08,Şile,Asian,affordable,10534,620,11643,44.2,100,15,22,17,12,17,80
2022-09,Şile,Asian,affordable,9804,577,10645,41.2,76,35,111,17,12,17,80
2022-10,Şile,Asian,affordable,10723,573,11519,45,140,49,50,18.7,9,14,64
2022-11,Şile,Asian,affordable,10679,571,11271,44.8,111,61,114,18.7,9,14,64
2022-12,Şile,Asian,affordable,10652,570,11349,44.7,16,31,118,18.7,9,14,64
2023-01,Şile,Asian,affordable,14171,675,15462,59.5,137,52,101,21,8.5,13.5,39
2023-02,Şile,Asian,affordable,13956,665,15732,58.6,35,49,62,21,8.5,13.5,39
2023-03,Şile,Asian,affordable,15016,715,17160,63.1,50,64,46,21,8.5,13.5,39
2023-04,Şile,Asian,affordable,14418,687,15792,60.6,53,14,114,21,8.5,13.5,39
2023-05,Şile,Asian,affordable,14017,667,15942,58.9,122,73,54,21,8.5,13.5,39
2023-06,Şile,Asian,affordable,14398,686,16252,60.5,128,17,80,21,8.5,13.5,39
2023-07,Şile,Asian,affordable,17425,658,18755,73.2,28,5,84,26.5,25,30,65
2023-08,Şile,Asian,affordable,17961,678,20608,75.4,30,52,29,26.5,25,30,65
2023-09,Şile,Asian,affordable,17032,643,18108,71.5,175,41,40,26.5,25,30,65
2023-10,Şile,Asian,affordable,18186,627,19605,76.4,96,31,94,29,42.5,47.5,65
2023-11,Şile,Asian,affordable,18397,634,20056,77.3,68,22,118,29,42.5,47.5,65
2023-12,Şile,Asian,affordable,18728,646,20091,78.7,123,70,29,29,42.5,47.5,65
2024-01,Şile,Asian,affordable,21794,681,24023,91.5,174,66,102,32,50,55,75
2024-02,Şile,Asian,affordable,19991,625,22175,84,32,67,119,32,50,55,75
2024-03,Şile,Asian,affordable,20459,639,22637,85.9,69,37,82,32,50,55,75
2024-04,Şile,Asian,affordable,20889,653,22499,87.7,127,60,107,32,50,55,75
2024-05,Şile,Asian,affordable,20655,645,22140,86.8,137,55,12,32,50,55,75
2024-06,Şile,Asian,affordable,19774,618,21380,83.1,29,10,46,32,50,55,75
2024-07,Şile,Asian,affordable,22279,655,23877,93.6,20,59,99,34,50,55,49
2024-08,Şile,Asian,affordable,23061,678,25877,96.9,114,63,36,34,50,55,49
2024-09,Şile,Asian,affordable,22813,671,23504,95.8,162,65,52,34,50,55,49
2024-10,Şile,Asian,affordable,21453,631,23628,90.1,147,70,72,34,50,55,49
2024-11,Şile,Asian,affordable,21876,643,23781,91.9,141,54,20,34,50,55,49
2024-12,Şile,Asian,affordable,21723,639,25139,91.2,80,11,83,34,50,55,49
2025-01,Şile,Asian,affordable,22991,639,24965,96.6,142,50,110,36,47.5,52.5,36
2025-02,Şile,Asian,affordable,23803,661,26191,100,158,59,74,36,47.5,52.5,36
2025-03,Şile,Asian,affordable,22972,638,25634,96.5,70,77,71,36,47.5,52.5,36
2025-04,Şile,Asian,affordable,24076,669,26975,101.1,42,69,119,36,47.5,52.5,36
2025-05,Şile,Asian,affordable,23059,641,25176,96.8,84,64,101,36,47.5,52.5,36
2025-06,Şile,Asian,affordable,24070,669,26663,101.1,32,16,20,36,47.5,52.5,36
2025-07,Şile,Asian,affordable,25949,711,27376,109,49,68,13,36.5,45,50,30
2025-08,Şile,Asian,affordable,24206,663,27184,101.7,56,78,89,36.5,45,50,30
2025-09,Şile,Asian,affordable,24104,660,25651,101.2,86,13,89,36.5,45,50,30
2025-10,Şile,Asian,affordable,23911,655,27369,100.4,17,40,78,36.5,45,50,30
2025-11,Şile,Asian,affordable,25136,689,27573,105.6,21,58,39,36.5,45,50,30
2025-12,Şile,Asian,affordable,23796,652,26163,99.9,128,39,80,36.5,45,50,30
2026-01,Şile,Asian,affordable,24177,662,26334,101.5,161,43,79,36.5,45,50,30
2026-02,Şile,Asian,affordable,24593,674,26738,103.3,38,46,35,36.5,45,50,30
2026-03,Şile,Asian,affordable,24773,679,28246,104,32,44,24,36.5,45,50,30
2026-04,Şile,Asian,affordable,25122,688,27176,105.5,69,59,118,36.5,45,50,30
